2025-05-19 11:25:48.985 [background-preinit] INFO  org.hibernate.validator.internal.util.Version - HV000001: Hibernate Validator 8.0.2.Final
2025-05-19 11:25:49.502 [restartedMain] INFO  com.eleicao.core.CoreApplication - Starting CoreApplication using Java 21.0.6 with PID 8732 (C:\Users\yguilherme\Documents\youknow\nova_pasta\trab_sd_votacao\backend+core\core\target\classes started by yguilherme in C:\Users\yguilherme\Documents\youknow\nova_pasta\trab_sd_votacao\backend+core\core)
2025-05-19 11:25:49.530 [restartedMain] INFO  com.eleicao.core.CoreApplication - No active profile set, falling back to 1 default profile: "default"
2025-05-19 11:25:57.439 [restartedMain] INFO  org.apache.coyote.http11.Http11NioProtocol - Initializing ProtocolHandler ["http-nio-9090"]
2025-05-19 11:25:57.446 [restartedMain] INFO  org.apache.catalina.core.StandardService - Starting service [Tomcat]
2025-05-19 11:25:57.448 [restartedMain] INFO  org.apache.catalina.core.StandardEngine - Starting Servlet engine: [Apache Tomcat/10.1.40]
2025-05-19 11:25:57.646 [restartedMain] INFO  org.apache.catalina.core.ContainerBase.[Tomcat].[localhost].[/] - Initializing Spring embedded WebApplicationContext
2025-05-19 11:25:58.674 [restartedMain] INFO  org.hibernate.jpa.internal.util.LogHelper - HHH000204: Processing PersistenceUnitInfo [name: default]
2025-05-19 11:25:59.014 [restartedMain] INFO  org.hibernate.Version - HHH000412: Hibernate ORM core version 6.6.13.Final
2025-05-19 11:25:59.163 [restartedMain] INFO  org.hibernate.cache.internal.RegionFactoryInitiator - HHH000026: Second-level cache disabled
2025-05-19 11:26:00.639 [restartedMain] INFO  com.zaxxer.hikari.HikariDataSource - HikariPool-1 - Starting...
2025-05-19 11:26:01.312 [restartedMain] INFO  com.zaxxer.hikari.pool.HikariPool - HikariPool-1 - Added connection org.postgresql.jdbc.PgConnection@5be3586b
2025-05-19 11:26:01.318 [restartedMain] INFO  com.zaxxer.hikari.HikariDataSource - HikariPool-1 - Start completed.
2025-05-19 11:26:01.439 [restartedMain] WARN  org.hibernate.orm.deprecation - HHH90000025: PostgreSQLDialect does not need to be specified explicitly using 'hibernate.dialect' (remove the property setting and it will be selected by default)
2025-05-19 11:26:01.529 [restartedMain] INFO  org.hibernate.orm.connections.pooling - HHH10001005: Database info:
	Database JDBC URL [Connecting through datasource 'HikariDataSource (HikariPool-1)']
	Database driver: undefined/unknown
	Database version: 17.4
	Autocommit mode: undefined/unknown
	Isolation level: undefined/unknown
	Minimum pool size: undefined/unknown
	Maximum pool size: undefined/unknown
2025-05-19 11:26:04.473 [restartedMain] INFO  org.hibernate.engine.transaction.jta.platform.internal.JtaPlatformInitiator - HHH000489: No JTA platform available (set 'hibernate.transaction.jta.platform' to enable JTA platform integration)
2025-05-19 11:26:10.087 [restartedMain] INFO  org.apache.coyote.http11.Http11NioProtocol - Starting ProtocolHandler ["http-nio-9090"]
2025-05-19 11:26:10.735 [restartedMain] INFO  com.eleicao.core.CoreApplication - Started CoreApplication in 28.338 seconds (process running for 34.227)
2025-05-19 11:34:57.676 [http-nio-9090-exec-2] INFO  org.apache.catalina.core.ContainerBase.[Tomcat].[localhost].[/] - Initializing Spring DispatcherServlet 'dispatcherServlet'
2025-05-19 11:35:13.163 [org.springframework.amqp.rabbit.RabbitListenerEndpointContainer#1-1] INFO  com.eleicao.core.service.VotoService - Voto salvo: Voto{, type='eleicao-gp2', object='nao sei', valor=1, timestamp=2025-05-19T11:35:12.813309500}
2025-05-19 11:35:13.349 [org.springframework.amqp.rabbit.RabbitListenerEndpointContainer#1-1] INFO  com.eleicao.core.component.VotoListener - Voto processado e lista atualizada: VotoDTO{type='eleicao-gp2', object='14', valor=1, timestamp=2025-05-19T11:35:12.813309500}
2025-05-19 11:35:13.361 [org.springframework.amqp.rabbit.RabbitListenerEndpointContainer#2-1] INFO  com.eleicao.core.component.WebSocketCandidatoListener - Recebido lista de candidatos via RabbitMQ, enviando via WebSocket: 5 candidatos
2025-05-19 11:35:13.370 [org.springframework.amqp.rabbit.RabbitListenerEndpointContainer#2-1] INFO  com.eleicao.core.component.WebSocketCandidatoListener - Lista de candidatos enviada via WebSocket com sucesso
2025-05-19 11:35:43.459 [org.springframework.amqp.rabbit.RabbitListenerEndpointContainer#1-1] INFO  com.eleicao.core.service.VotoService - Voto salvo: Voto{, type='eleicao-gp2', object='teste foto', valor=1, timestamp=2025-05-19T11:35:43.457318}
2025-05-19 11:35:43.475 [org.springframework.amqp.rabbit.RabbitListenerEndpointContainer#1-1] INFO  com.eleicao.core.component.VotoListener - Voto processado e lista atualizada: VotoDTO{type='eleicao-gp2', object='12', valor=1, timestamp=2025-05-19T11:35:43.457318}
2025-05-19 11:35:43.475 [org.springframework.amqp.rabbit.RabbitListenerEndpointContainer#2-1] INFO  com.eleicao.core.component.WebSocketCandidatoListener - Recebido lista de candidatos via RabbitMQ, enviando via WebSocket: 5 candidatos
2025-05-19 11:35:43.475 [org.springframework.amqp.rabbit.RabbitListenerEndpointContainer#2-1] INFO  com.eleicao.core.component.WebSocketCandidatoListener - Lista de candidatos enviada via WebSocket com sucesso
2025-05-19 11:35:43.635 [org.springframework.amqp.rabbit.RabbitListenerEndpointContainer#1-1] INFO  com.eleicao.core.service.VotoService - Voto salvo: Voto{, type='eleicao-gp2', object='teste foto', valor=1, timestamp=2025-05-19T11:35:43.626408100}
2025-05-19 11:35:43.648 [org.springframework.amqp.rabbit.RabbitListenerEndpointContainer#1-1] INFO  com.eleicao.core.component.VotoListener - Voto processado e lista atualizada: VotoDTO{type='eleicao-gp2', object='12', valor=1, timestamp=2025-05-19T11:35:43.626408100}
2025-05-19 11:35:43.652 [org.springframework.amqp.rabbit.RabbitListenerEndpointContainer#2-1] INFO  com.eleicao.core.component.WebSocketCandidatoListener - Recebido lista de candidatos via RabbitMQ, enviando via WebSocket: 5 candidatos
2025-05-19 11:35:43.658 [org.springframework.amqp.rabbit.RabbitListenerEndpointContainer#2-1] INFO  com.eleicao.core.component.WebSocketCandidatoListener - Lista de candidatos enviada via WebSocket com sucesso
2025-05-19 11:35:43.809 [org.springframework.amqp.rabbit.RabbitListenerEndpointContainer#1-1] INFO  com.eleicao.core.service.VotoService - Voto salvo: Voto{, type='eleicao-gp2', object='teste foto', valor=1, timestamp=2025-05-19T11:35:43.798866900}
2025-05-19 11:35:43.822 [org.springframework.amqp.rabbit.RabbitListenerEndpointContainer#1-1] INFO  com.eleicao.core.component.VotoListener - Voto processado e lista atualizada: VotoDTO{type='eleicao-gp2', object='12', valor=1, timestamp=2025-05-19T11:35:43.798866900}
2025-05-19 11:35:43.826 [org.springframework.amqp.rabbit.RabbitListenerEndpointContainer#2-1] INFO  com.eleicao.core.component.WebSocketCandidatoListener - Recebido lista de candidatos via RabbitMQ, enviando via WebSocket: 5 candidatos
2025-05-19 11:35:43.826 [org.springframework.amqp.rabbit.RabbitListenerEndpointContainer#2-1] INFO  com.eleicao.core.component.WebSocketCandidatoListener - Lista de candidatos enviada via WebSocket com sucesso
2025-05-19 11:35:43.964 [org.springframework.amqp.rabbit.RabbitListenerEndpointContainer#1-1] INFO  com.eleicao.core.service.VotoService - Voto salvo: Voto{, type='eleicao-gp2', object='teste foto', valor=1, timestamp=2025-05-19T11:35:43.953481100}
2025-05-19 11:35:43.984 [org.springframework.amqp.rabbit.RabbitListenerEndpointContainer#1-1] INFO  com.eleicao.core.component.VotoListener - Voto processado e lista atualizada: VotoDTO{type='eleicao-gp2', object='12', valor=1, timestamp=2025-05-19T11:35:43.953481100}
2025-05-19 11:35:43.987 [org.springframework.amqp.rabbit.RabbitListenerEndpointContainer#2-1] INFO  com.eleicao.core.component.WebSocketCandidatoListener - Recebido lista de candidatos via RabbitMQ, enviando via WebSocket: 5 candidatos
2025-05-19 11:35:43.987 [org.springframework.amqp.rabbit.RabbitListenerEndpointContainer#2-1] INFO  com.eleicao.core.component.WebSocketCandidatoListener - Lista de candidatos enviada via WebSocket com sucesso
2025-05-19 11:35:44.130 [org.springframework.amqp.rabbit.RabbitListenerEndpointContainer#1-1] INFO  com.eleicao.core.service.VotoService - Voto salvo: Voto{, type='eleicao-gp2', object='teste foto', valor=1, timestamp=2025-05-19T11:35:44.123801600}
2025-05-19 11:35:44.150 [org.springframework.amqp.rabbit.RabbitListenerEndpointContainer#1-1] INFO  com.eleicao.core.component.VotoListener - Voto processado e lista atualizada: VotoDTO{type='eleicao-gp2', object='12', valor=1, timestamp=2025-05-19T11:35:44.123801600}
2025-05-19 11:35:44.150 [org.springframework.amqp.rabbit.RabbitListenerEndpointContainer#2-1] INFO  com.eleicao.core.component.WebSocketCandidatoListener - Recebido lista de candidatos via RabbitMQ, enviando via WebSocket: 5 candidatos
2025-05-19 11:35:44.154 [org.springframework.amqp.rabbit.RabbitListenerEndpointContainer#2-1] INFO  com.eleicao.core.component.WebSocketCandidatoListener - Lista de candidatos enviada via WebSocket com sucesso
2025-05-19 11:35:44.293 [org.springframework.amqp.rabbit.RabbitListenerEndpointContainer#1-1] INFO  com.eleicao.core.service.VotoService - Voto salvo: Voto{, type='eleicao-gp2', object='teste foto', valor=1, timestamp=2025-05-19T11:35:44.287063}
2025-05-19 11:35:44.309 [org.springframework.amqp.rabbit.RabbitListenerEndpointContainer#1-1] INFO  com.eleicao.core.component.VotoListener - Voto processado e lista atualizada: VotoDTO{type='eleicao-gp2', object='12', valor=1, timestamp=2025-05-19T11:35:44.287063}
2025-05-19 11:35:44.311 [org.springframework.amqp.rabbit.RabbitListenerEndpointContainer#2-1] INFO  com.eleicao.core.component.WebSocketCandidatoListener - Recebido lista de candidatos via RabbitMQ, enviando via WebSocket: 5 candidatos
2025-05-19 11:35:44.313 [org.springframework.amqp.rabbit.RabbitListenerEndpointContainer#2-1] INFO  com.eleicao.core.component.WebSocketCandidatoListener - Lista de candidatos enviada via WebSocket com sucesso
2025-05-19 11:35:44.412 [org.springframework.amqp.rabbit.RabbitListenerEndpointContainer#1-1] INFO  com.eleicao.core.service.VotoService - Voto salvo: Voto{, type='eleicao-gp2', object='teste foto', valor=1, timestamp=2025-05-19T11:35:44.403327800}
2025-05-19 11:35:44.432 [org.springframework.amqp.rabbit.RabbitListenerEndpointContainer#1-1] INFO  com.eleicao.core.component.VotoListener - Voto processado e lista atualizada: VotoDTO{type='eleicao-gp2', object='12', valor=1, timestamp=2025-05-19T11:35:44.403327800}
2025-05-19 11:35:44.434 [org.springframework.amqp.rabbit.RabbitListenerEndpointContainer#2-1] INFO  com.eleicao.core.component.WebSocketCandidatoListener - Recebido lista de candidatos via RabbitMQ, enviando via WebSocket: 5 candidatos
2025-05-19 11:35:44.435 [org.springframework.amqp.rabbit.RabbitListenerEndpointContainer#2-1] INFO  com.eleicao.core.component.WebSocketCandidatoListener - Lista de candidatos enviada via WebSocket com sucesso
2025-05-19 11:35:44.866 [org.springframework.amqp.rabbit.RabbitListenerEndpointContainer#1-1] INFO  com.eleicao.core.service.VotoService - Voto salvo: Voto{, type='eleicao-gp2', object='teste', valor=1, timestamp=2025-05-19T11:35:44.856757800}
2025-05-19 11:35:44.879 [org.springframework.amqp.rabbit.RabbitListenerEndpointContainer#1-1] INFO  com.eleicao.core.component.VotoListener - Voto processado e lista atualizada: VotoDTO{type='eleicao-gp2', object='9', valor=1, timestamp=2025-05-19T11:35:44.856757800}
2025-05-19 11:35:44.879 [org.springframework.amqp.rabbit.RabbitListenerEndpointContainer#2-1] INFO  com.eleicao.core.component.WebSocketCandidatoListener - Recebido lista de candidatos via RabbitMQ, enviando via WebSocket: 5 candidatos
2025-05-19 11:35:44.879 [org.springframework.amqp.rabbit.RabbitListenerEndpointContainer#2-1] INFO  com.eleicao.core.component.WebSocketCandidatoListener - Lista de candidatos enviada via WebSocket com sucesso
2025-05-19 11:35:45.024 [org.springframework.amqp.rabbit.RabbitListenerEndpointContainer#1-1] INFO  com.eleicao.core.service.VotoService - Voto salvo: Voto{, type='eleicao-gp2', object='teste', valor=1, timestamp=2025-05-19T11:35:45.016812100}
2025-05-19 11:35:45.039 [org.springframework.amqp.rabbit.RabbitListenerEndpointContainer#1-1] INFO  com.eleicao.core.component.VotoListener - Voto processado e lista atualizada: VotoDTO{type='eleicao-gp2', object='9', valor=1, timestamp=2025-05-19T11:35:45.016812100}
2025-05-19 11:35:45.039 [org.springframework.amqp.rabbit.RabbitListenerEndpointContainer#2-1] INFO  com.eleicao.core.component.WebSocketCandidatoListener - Recebido lista de candidatos via RabbitMQ, enviando via WebSocket: 5 candidatos
2025-05-19 11:35:45.039 [org.springframework.amqp.rabbit.RabbitListenerEndpointContainer#2-1] INFO  com.eleicao.core.component.WebSocketCandidatoListener - Lista de candidatos enviada via WebSocket com sucesso
2025-05-19 11:35:45.177 [org.springframework.amqp.rabbit.RabbitListenerEndpointContainer#1-1] INFO  com.eleicao.core.service.VotoService - Voto salvo: Voto{, type='eleicao-gp2', object='teste', valor=1, timestamp=2025-05-19T11:35:45.171141800}
2025-05-19 11:35:45.191 [org.springframework.amqp.rabbit.RabbitListenerEndpointContainer#1-1] INFO  com.eleicao.core.component.VotoListener - Voto processado e lista atualizada: VotoDTO{type='eleicao-gp2', object='9', valor=1, timestamp=2025-05-19T11:35:45.171141800}
2025-05-19 11:35:45.193 [org.springframework.amqp.rabbit.RabbitListenerEndpointContainer#2-1] INFO  com.eleicao.core.component.WebSocketCandidatoListener - Recebido lista de candidatos via RabbitMQ, enviando via WebSocket: 5 candidatos
2025-05-19 11:35:45.196 [org.springframework.amqp.rabbit.RabbitListenerEndpointContainer#2-1] INFO  com.eleicao.core.component.WebSocketCandidatoListener - Lista de candidatos enviada via WebSocket com sucesso
2025-05-19 11:35:45.346 [org.springframework.amqp.rabbit.RabbitListenerEndpointContainer#1-1] INFO  com.eleicao.core.service.VotoService - Voto salvo: Voto{, type='eleicao-gp2', object='teste', valor=1, timestamp=2025-05-19T11:35:45.340370700}
2025-05-19 11:35:45.356 [org.springframework.amqp.rabbit.RabbitListenerEndpointContainer#1-1] INFO  com.eleicao.core.component.VotoListener - Voto processado e lista atualizada: VotoDTO{type='eleicao-gp2', object='9', valor=1, timestamp=2025-05-19T11:35:45.340370700}
2025-05-19 11:35:45.356 [org.springframework.amqp.rabbit.RabbitListenerEndpointContainer#2-1] INFO  com.eleicao.core.component.WebSocketCandidatoListener - Recebido lista de candidatos via RabbitMQ, enviando via WebSocket: 5 candidatos
2025-05-19 11:35:45.356 [org.springframework.amqp.rabbit.RabbitListenerEndpointContainer#2-1] INFO  com.eleicao.core.component.WebSocketCandidatoListener - Lista de candidatos enviada via WebSocket com sucesso
2025-05-19 11:35:45.510 [org.springframework.amqp.rabbit.RabbitListenerEndpointContainer#1-1] INFO  com.eleicao.core.service.VotoService - Voto salvo: Voto{, type='eleicao-gp2', object='teste', valor=1, timestamp=2025-05-19T11:35:45.505357100}
2025-05-19 11:35:45.527 [org.springframework.amqp.rabbit.RabbitListenerEndpointContainer#1-1] INFO  com.eleicao.core.component.VotoListener - Voto processado e lista atualizada: VotoDTO{type='eleicao-gp2', object='9', valor=1, timestamp=2025-05-19T11:35:45.505357100}
2025-05-19 11:35:45.529 [org.springframework.amqp.rabbit.RabbitListenerEndpointContainer#2-1] INFO  com.eleicao.core.component.WebSocketCandidatoListener - Recebido lista de candidatos via RabbitMQ, enviando via WebSocket: 5 candidatos
2025-05-19 11:35:45.530 [org.springframework.amqp.rabbit.RabbitListenerEndpointContainer#2-1] INFO  com.eleicao.core.component.WebSocketCandidatoListener - Lista de candidatos enviada via WebSocket com sucesso
2025-05-19 11:35:45.679 [org.springframework.amqp.rabbit.RabbitListenerEndpointContainer#1-1] INFO  com.eleicao.core.service.VotoService - Voto salvo: Voto{, type='eleicao-gp2', object='teste', valor=1, timestamp=2025-05-19T11:35:45.674304300}
2025-05-19 11:35:45.688 [org.springframework.amqp.rabbit.RabbitListenerEndpointContainer#1-1] INFO  com.eleicao.core.component.VotoListener - Voto processado e lista atualizada: VotoDTO{type='eleicao-gp2', object='9', valor=1, timestamp=2025-05-19T11:35:45.674304300}
2025-05-19 11:35:45.688 [org.springframework.amqp.rabbit.RabbitListenerEndpointContainer#2-1] INFO  com.eleicao.core.component.WebSocketCandidatoListener - Recebido lista de candidatos via RabbitMQ, enviando via WebSocket: 5 candidatos
2025-05-19 11:35:45.688 [org.springframework.amqp.rabbit.RabbitListenerEndpointContainer#2-1] INFO  com.eleicao.core.component.WebSocketCandidatoListener - Lista de candidatos enviada via WebSocket com sucesso
2025-05-19 11:35:45.817 [org.springframework.amqp.rabbit.RabbitListenerEndpointContainer#1-1] INFO  com.eleicao.core.service.VotoService - Voto salvo: Voto{, type='eleicao-gp2', object='teste', valor=1, timestamp=2025-05-19T11:35:45.811570300}
2025-05-19 11:35:45.834 [org.springframework.amqp.rabbit.RabbitListenerEndpointContainer#1-1] INFO  com.eleicao.core.component.VotoListener - Voto processado e lista atualizada: VotoDTO{type='eleicao-gp2', object='9', valor=1, timestamp=2025-05-19T11:35:45.811570300}
2025-05-19 11:35:45.837 [org.springframework.amqp.rabbit.RabbitListenerEndpointContainer#2-1] INFO  com.eleicao.core.component.WebSocketCandidatoListener - Recebido lista de candidatos via RabbitMQ, enviando via WebSocket: 5 candidatos
2025-05-19 11:35:45.839 [org.springframework.amqp.rabbit.RabbitListenerEndpointContainer#2-1] INFO  com.eleicao.core.component.WebSocketCandidatoListener - Lista de candidatos enviada via WebSocket com sucesso
2025-05-19 11:35:46.279 [org.springframework.amqp.rabbit.RabbitListenerEndpointContainer#1-1] INFO  com.eleicao.core.service.VotoService - Voto salvo: Voto{, type='eleicao-gp2', object='pedrao', valor=1, timestamp=2025-05-19T11:35:46.272068100}
2025-05-19 11:35:46.296 [org.springframework.amqp.rabbit.RabbitListenerEndpointContainer#1-1] INFO  com.eleicao.core.component.VotoListener - Voto processado e lista atualizada: VotoDTO{type='eleicao-gp2', object='13', valor=1, timestamp=2025-05-19T11:35:46.272068100}
2025-05-19 11:35:46.299 [org.springframework.amqp.rabbit.RabbitListenerEndpointContainer#2-1] INFO  com.eleicao.core.component.WebSocketCandidatoListener - Recebido lista de candidatos via RabbitMQ, enviando via WebSocket: 5 candidatos
2025-05-19 11:35:46.299 [org.springframework.amqp.rabbit.RabbitListenerEndpointContainer#2-1] INFO  com.eleicao.core.component.WebSocketCandidatoListener - Lista de candidatos enviada via WebSocket com sucesso
2025-05-19 11:35:46.446 [org.springframework.amqp.rabbit.RabbitListenerEndpointContainer#1-1] INFO  com.eleicao.core.service.VotoService - Voto salvo: Voto{, type='eleicao-gp2', object='pedrao', valor=1, timestamp=2025-05-19T11:35:46.441515300}
2025-05-19 11:35:46.459 [org.springframework.amqp.rabbit.RabbitListenerEndpointContainer#1-1] INFO  com.eleicao.core.component.VotoListener - Voto processado e lista atualizada: VotoDTO{type='eleicao-gp2', object='13', valor=1, timestamp=2025-05-19T11:35:46.441515300}
2025-05-19 11:35:46.459 [org.springframework.amqp.rabbit.RabbitListenerEndpointContainer#2-1] INFO  com.eleicao.core.component.WebSocketCandidatoListener - Recebido lista de candidatos via RabbitMQ, enviando via WebSocket: 5 candidatos
2025-05-19 11:35:46.464 [org.springframework.amqp.rabbit.RabbitListenerEndpointContainer#2-1] INFO  com.eleicao.core.component.WebSocketCandidatoListener - Lista de candidatos enviada via WebSocket com sucesso
2025-05-19 11:35:46.659 [org.springframework.amqp.rabbit.RabbitListenerEndpointContainer#1-1] INFO  com.eleicao.core.service.VotoService - Voto salvo: Voto{, type='eleicao-gp2', object='pedrao', valor=1, timestamp=2025-05-19T11:35:46.652412300}
2025-05-19 11:35:46.676 [org.springframework.amqp.rabbit.RabbitListenerEndpointContainer#1-1] INFO  com.eleicao.core.component.VotoListener - Voto processado e lista atualizada: VotoDTO{type='eleicao-gp2', object='13', valor=1, timestamp=2025-05-19T11:35:46.652412300}
2025-05-19 11:35:46.680 [org.springframework.amqp.rabbit.RabbitListenerEndpointContainer#2-1] INFO  com.eleicao.core.component.WebSocketCandidatoListener - Recebido lista de candidatos via RabbitMQ, enviando via WebSocket: 5 candidatos
2025-05-19 11:35:46.680 [org.springframework.amqp.rabbit.RabbitListenerEndpointContainer#2-1] INFO  com.eleicao.core.component.WebSocketCandidatoListener - Lista de candidatos enviada via WebSocket com sucesso
2025-05-19 11:35:46.846 [org.springframework.amqp.rabbit.RabbitListenerEndpointContainer#1-1] INFO  com.eleicao.core.service.VotoService - Voto salvo: Voto{, type='eleicao-gp2', object='pedrao', valor=1, timestamp=2025-05-19T11:35:46.839389900}
2025-05-19 11:35:46.856 [org.springframework.amqp.rabbit.RabbitListenerEndpointContainer#1-1] INFO  com.eleicao.core.component.VotoListener - Voto processado e lista atualizada: VotoDTO{type='eleicao-gp2', object='13', valor=1, timestamp=2025-05-19T11:35:46.839389900}
2025-05-19 11:35:46.856 [org.springframework.amqp.rabbit.RabbitListenerEndpointContainer#2-1] INFO  com.eleicao.core.component.WebSocketCandidatoListener - Recebido lista de candidatos via RabbitMQ, enviando via WebSocket: 5 candidatos
2025-05-19 11:35:46.856 [org.springframework.amqp.rabbit.RabbitListenerEndpointContainer#2-1] INFO  com.eleicao.core.component.WebSocketCandidatoListener - Lista de candidatos enviada via WebSocket com sucesso
2025-05-19 11:35:47.020 [org.springframework.amqp.rabbit.RabbitListenerEndpointContainer#1-1] INFO  com.eleicao.core.service.VotoService - Voto salvo: Voto{, type='eleicao-gp2', object='pedrao', valor=1, timestamp=2025-05-19T11:35:47.012678500}
2025-05-19 11:35:47.037 [org.springframework.amqp.rabbit.RabbitListenerEndpointContainer#1-1] INFO  com.eleicao.core.component.VotoListener - Voto processado e lista atualizada: VotoDTO{type='eleicao-gp2', object='13', valor=1, timestamp=2025-05-19T11:35:47.012678500}
2025-05-19 11:35:47.040 [org.springframework.amqp.rabbit.RabbitListenerEndpointContainer#2-1] INFO  com.eleicao.core.component.WebSocketCandidatoListener - Recebido lista de candidatos via RabbitMQ, enviando via WebSocket: 5 candidatos
2025-05-19 11:35:47.041 [org.springframework.amqp.rabbit.RabbitListenerEndpointContainer#2-1] INFO  com.eleicao.core.component.WebSocketCandidatoListener - Lista de candidatos enviada via WebSocket com sucesso
2025-05-19 11:36:38.729 [org.springframework.amqp.rabbit.RabbitListenerEndpointContainer#0-1] INFO  com.eleicao.core.component.CandidatoListener - Candidato criado e lista publicada: CandidatoDTO{nome='yago', foto='https://picsum.photos/id/233/200/'}
2025-05-19 11:36:38.732 [org.springframework.amqp.rabbit.RabbitListenerEndpointContainer#2-1] INFO  com.eleicao.core.component.WebSocketCandidatoListener - Recebido lista de candidatos via RabbitMQ, enviando via WebSocket: 6 candidatos
2025-05-19 11:36:38.733 [org.springframework.amqp.rabbit.RabbitListenerEndpointContainer#2-1] INFO  com.eleicao.core.component.WebSocketCandidatoListener - Lista de candidatos enviada via WebSocket com sucesso
2025-05-19 11:36:48.557 [org.springframework.amqp.rabbit.RabbitListenerEndpointContainer#1-1] INFO  com.eleicao.core.service.VotoService - Voto salvo: Voto{, type='eleicao-gp2', object='yago', valor=1, timestamp=2025-05-19T11:36:48.536306200}
2025-05-19 11:36:48.584 [org.springframework.amqp.rabbit.RabbitListenerEndpointContainer#1-1] INFO  com.eleicao.core.component.VotoListener - Voto processado e lista atualizada: VotoDTO{type='eleicao-gp2', object='48', valor=1, timestamp=2025-05-19T11:36:48.536306200}
2025-05-19 11:36:48.587 [org.springframework.amqp.rabbit.RabbitListenerEndpointContainer#2-1] INFO  com.eleicao.core.component.WebSocketCandidatoListener - Recebido lista de candidatos via RabbitMQ, enviando via WebSocket: 6 candidatos
2025-05-19 11:36:48.590 [org.springframework.amqp.rabbit.RabbitListenerEndpointContainer#2-1] INFO  com.eleicao.core.component.WebSocketCandidatoListener - Lista de candidatos enviada via WebSocket com sucesso
2025-05-19 11:36:49.557 [org.springframework.amqp.rabbit.RabbitListenerEndpointContainer#1-1] INFO  com.eleicao.core.service.VotoService - Voto salvo: Voto{, type='eleicao-gp2', object='yago', valor=1, timestamp=2025-05-19T11:36:49.542947}
2025-05-19 11:36:49.584 [org.springframework.amqp.rabbit.RabbitListenerEndpointContainer#1-1] INFO  com.eleicao.core.component.VotoListener - Voto processado e lista atualizada: VotoDTO{type='eleicao-gp2', object='48', valor=1, timestamp=2025-05-19T11:36:49.542947}
2025-05-19 11:36:49.587 [org.springframework.amqp.rabbit.RabbitListenerEndpointContainer#2-1] INFO  com.eleicao.core.component.WebSocketCandidatoListener - Recebido lista de candidatos via RabbitMQ, enviando via WebSocket: 6 candidatos
2025-05-19 11:36:49.589 [org.springframework.amqp.rabbit.RabbitListenerEndpointContainer#2-1] INFO  com.eleicao.core.component.WebSocketCandidatoListener - Lista de candidatos enviada via WebSocket com sucesso
2025-05-19 11:36:49.716 [org.springframework.amqp.rabbit.RabbitListenerEndpointContainer#1-1] INFO  com.eleicao.core.service.VotoService - Voto salvo: Voto{, type='eleicao-gp2', object='yago', valor=1, timestamp=2025-05-19T11:36:49.706256200}
2025-05-19 11:36:49.739 [org.springframework.amqp.rabbit.RabbitListenerEndpointContainer#1-1] INFO  com.eleicao.core.component.VotoListener - Voto processado e lista atualizada: VotoDTO{type='eleicao-gp2', object='48', valor=1, timestamp=2025-05-19T11:36:49.706256200}
2025-05-19 11:36:49.743 [org.springframework.amqp.rabbit.RabbitListenerEndpointContainer#2-1] INFO  com.eleicao.core.component.WebSocketCandidatoListener - Recebido lista de candidatos via RabbitMQ, enviando via WebSocket: 6 candidatos
2025-05-19 11:36:49.745 [org.springframework.amqp.rabbit.RabbitListenerEndpointContainer#2-1] INFO  com.eleicao.core.component.WebSocketCandidatoListener - Lista de candidatos enviada via WebSocket com sucesso
2025-05-19 11:36:49.883 [org.springframework.amqp.rabbit.RabbitListenerEndpointContainer#1-1] INFO  com.eleicao.core.service.VotoService - Voto salvo: Voto{, type='eleicao-gp2', object='yago', valor=1, timestamp=2025-05-19T11:36:49.873768500}
2025-05-19 11:36:49.906 [org.springframework.amqp.rabbit.RabbitListenerEndpointContainer#1-1] INFO  com.eleicao.core.component.VotoListener - Voto processado e lista atualizada: VotoDTO{type='eleicao-gp2', object='48', valor=1, timestamp=2025-05-19T11:36:49.873768500}
2025-05-19 11:36:49.909 [org.springframework.amqp.rabbit.RabbitListenerEndpointContainer#2-1] INFO  com.eleicao.core.component.WebSocketCandidatoListener - Recebido lista de candidatos via RabbitMQ, enviando via WebSocket: 6 candidatos
2025-05-19 11:36:49.911 [org.springframework.amqp.rabbit.RabbitListenerEndpointContainer#2-1] INFO  com.eleicao.core.component.WebSocketCandidatoListener - Lista de candidatos enviada via WebSocket com sucesso
2025-05-19 11:36:50.043 [org.springframework.amqp.rabbit.RabbitListenerEndpointContainer#1-1] INFO  com.eleicao.core.service.VotoService - Voto salvo: Voto{, type='eleicao-gp2', object='yago', valor=1, timestamp=2025-05-19T11:36:50.035550600}
2025-05-19 11:36:50.064 [org.springframework.amqp.rabbit.RabbitListenerEndpointContainer#1-1] INFO  com.eleicao.core.component.VotoListener - Voto processado e lista atualizada: VotoDTO{type='eleicao-gp2', object='48', valor=1, timestamp=2025-05-19T11:36:50.035550600}
2025-05-19 11:36:50.066 [org.springframework.amqp.rabbit.RabbitListenerEndpointContainer#2-1] INFO  com.eleicao.core.component.WebSocketCandidatoListener - Recebido lista de candidatos via RabbitMQ, enviando via WebSocket: 6 candidatos
2025-05-19 11:36:50.068 [org.springframework.amqp.rabbit.RabbitListenerEndpointContainer#2-1] INFO  com.eleicao.core.component.WebSocketCandidatoListener - Lista de candidatos enviada via WebSocket com sucesso
2025-05-19 11:36:50.229 [org.springframework.amqp.rabbit.RabbitListenerEndpointContainer#1-1] INFO  com.eleicao.core.service.VotoService - Voto salvo: Voto{, type='eleicao-gp2', object='yago', valor=1, timestamp=2025-05-19T11:36:50.213033400}
2025-05-19 11:36:50.250 [org.springframework.amqp.rabbit.RabbitListenerEndpointContainer#1-1] INFO  com.eleicao.core.component.VotoListener - Voto processado e lista atualizada: VotoDTO{type='eleicao-gp2', object='48', valor=1, timestamp=2025-05-19T11:36:50.213033400}
2025-05-19 11:36:50.252 [org.springframework.amqp.rabbit.RabbitListenerEndpointContainer#2-1] INFO  com.eleicao.core.component.WebSocketCandidatoListener - Recebido lista de candidatos via RabbitMQ, enviando via WebSocket: 6 candidatos
2025-05-19 11:36:50.254 [org.springframework.amqp.rabbit.RabbitListenerEndpointContainer#2-1] INFO  com.eleicao.core.component.WebSocketCandidatoListener - Lista de candidatos enviada via WebSocket com sucesso
2025-05-19 11:36:50.390 [org.springframework.amqp.rabbit.RabbitListenerEndpointContainer#1-1] INFO  com.eleicao.core.service.VotoService - Voto salvo: Voto{, type='eleicao-gp2', object='yago', valor=1, timestamp=2025-05-19T11:36:50.382615400}
2025-05-19 11:36:50.414 [org.springframework.amqp.rabbit.RabbitListenerEndpointContainer#1-1] INFO  com.eleicao.core.component.VotoListener - Voto processado e lista atualizada: VotoDTO{type='eleicao-gp2', object='48', valor=1, timestamp=2025-05-19T11:36:50.382615400}
2025-05-19 11:36:50.417 [org.springframework.amqp.rabbit.RabbitListenerEndpointContainer#2-1] INFO  com.eleicao.core.component.WebSocketCandidatoListener - Recebido lista de candidatos via RabbitMQ, enviando via WebSocket: 6 candidatos
2025-05-19 11:36:50.419 [org.springframework.amqp.rabbit.RabbitListenerEndpointContainer#2-1] INFO  com.eleicao.core.component.WebSocketCandidatoListener - Lista de candidatos enviada via WebSocket com sucesso
2025-05-19 11:36:50.576 [org.springframework.amqp.rabbit.RabbitListenerEndpointContainer#1-1] INFO  com.eleicao.core.service.VotoService - Voto salvo: Voto{, type='eleicao-gp2', object='yago', valor=1, timestamp=2025-05-19T11:36:50.565181500}
2025-05-19 11:36:50.598 [org.springframework.amqp.rabbit.RabbitListenerEndpointContainer#1-1] INFO  com.eleicao.core.component.VotoListener - Voto processado e lista atualizada: VotoDTO{type='eleicao-gp2', object='48', valor=1, timestamp=2025-05-19T11:36:50.565181500}
2025-05-19 11:36:50.600 [org.springframework.amqp.rabbit.RabbitListenerEndpointContainer#2-1] INFO  com.eleicao.core.component.WebSocketCandidatoListener - Recebido lista de candidatos via RabbitMQ, enviando via WebSocket: 6 candidatos
2025-05-19 11:36:50.603 [org.springframework.amqp.rabbit.RabbitListenerEndpointContainer#2-1] INFO  com.eleicao.core.component.WebSocketCandidatoListener - Lista de candidatos enviada via WebSocket com sucesso
2025-05-19 11:36:50.730 [org.springframework.amqp.rabbit.RabbitListenerEndpointContainer#1-1] INFO  com.eleicao.core.service.VotoService - Voto salvo: Voto{, type='eleicao-gp2', object='yago', valor=1, timestamp=2025-05-19T11:36:50.722504300}
2025-05-19 11:36:50.752 [org.springframework.amqp.rabbit.RabbitListenerEndpointContainer#1-1] INFO  com.eleicao.core.component.VotoListener - Voto processado e lista atualizada: VotoDTO{type='eleicao-gp2', object='48', valor=1, timestamp=2025-05-19T11:36:50.722504300}
2025-05-19 11:36:50.756 [org.springframework.amqp.rabbit.RabbitListenerEndpointContainer#2-1] INFO  com.eleicao.core.component.WebSocketCandidatoListener - Recebido lista de candidatos via RabbitMQ, enviando via WebSocket: 6 candidatos
2025-05-19 11:36:50.758 [org.springframework.amqp.rabbit.RabbitListenerEndpointContainer#2-1] INFO  com.eleicao.core.component.WebSocketCandidatoListener - Lista de candidatos enviada via WebSocket com sucesso
2025-05-19 11:36:50.895 [org.springframework.amqp.rabbit.RabbitListenerEndpointContainer#1-1] INFO  com.eleicao.core.service.VotoService - Voto salvo: Voto{, type='eleicao-gp2', object='yago', valor=1, timestamp=2025-05-19T11:36:50.887566200}
2025-05-19 11:36:50.917 [org.springframework.amqp.rabbit.RabbitListenerEndpointContainer#1-1] INFO  com.eleicao.core.component.VotoListener - Voto processado e lista atualizada: VotoDTO{type='eleicao-gp2', object='48', valor=1, timestamp=2025-05-19T11:36:50.887566200}
2025-05-19 11:36:50.919 [org.springframework.amqp.rabbit.RabbitListenerEndpointContainer#2-1] INFO  com.eleicao.core.component.WebSocketCandidatoListener - Recebido lista de candidatos via RabbitMQ, enviando via WebSocket: 6 candidatos
2025-05-19 11:36:50.921 [org.springframework.amqp.rabbit.RabbitListenerEndpointContainer#2-1] INFO  com.eleicao.core.component.WebSocketCandidatoListener - Lista de candidatos enviada via WebSocket com sucesso
2025-05-19 11:36:51.042 [org.springframework.amqp.rabbit.RabbitListenerEndpointContainer#1-1] INFO  com.eleicao.core.service.VotoService - Voto salvo: Voto{, type='eleicao-gp2', object='yago', valor=1, timestamp=2025-05-19T11:36:51.029931900}
2025-05-19 11:36:51.069 [org.springframework.amqp.rabbit.RabbitListenerEndpointContainer#1-1] INFO  com.eleicao.core.component.VotoListener - Voto processado e lista atualizada: VotoDTO{type='eleicao-gp2', object='48', valor=1, timestamp=2025-05-19T11:36:51.029931900}
2025-05-19 11:36:51.071 [org.springframework.amqp.rabbit.RabbitListenerEndpointContainer#2-1] INFO  com.eleicao.core.component.WebSocketCandidatoListener - Recebido lista de candidatos via RabbitMQ, enviando via WebSocket: 6 candidatos
2025-05-19 11:36:51.072 [org.springframework.amqp.rabbit.RabbitListenerEndpointContainer#2-1] INFO  com.eleicao.core.component.WebSocketCandidatoListener - Lista de candidatos enviada via WebSocket com sucesso
2025-05-19 11:36:51.212 [org.springframework.amqp.rabbit.RabbitListenerEndpointContainer#1-1] INFO  com.eleicao.core.service.VotoService - Voto salvo: Voto{, type='eleicao-gp2', object='yago', valor=1, timestamp=2025-05-19T11:36:51.199487600}
2025-05-19 11:36:51.236 [org.springframework.amqp.rabbit.RabbitListenerEndpointContainer#1-1] INFO  com.eleicao.core.component.VotoListener - Voto processado e lista atualizada: VotoDTO{type='eleicao-gp2', object='48', valor=1, timestamp=2025-05-19T11:36:51.199487600}
2025-05-19 11:36:51.239 [org.springframework.amqp.rabbit.RabbitListenerEndpointContainer#2-1] INFO  com.eleicao.core.component.WebSocketCandidatoListener - Recebido lista de candidatos via RabbitMQ, enviando via WebSocket: 6 candidatos
2025-05-19 11:36:51.241 [org.springframework.amqp.rabbit.RabbitListenerEndpointContainer#2-1] INFO  com.eleicao.core.component.WebSocketCandidatoListener - Lista de candidatos enviada via WebSocket com sucesso
2025-05-19 11:36:51.355 [org.springframework.amqp.rabbit.RabbitListenerEndpointContainer#1-1] INFO  com.eleicao.core.service.VotoService - Voto salvo: Voto{, type='eleicao-gp2', object='yago', valor=1, timestamp=2025-05-19T11:36:51.346838500}
2025-05-19 11:36:51.376 [org.springframework.amqp.rabbit.RabbitListenerEndpointContainer#1-1] INFO  com.eleicao.core.component.VotoListener - Voto processado e lista atualizada: VotoDTO{type='eleicao-gp2', object='48', valor=1, timestamp=2025-05-19T11:36:51.346838500}
2025-05-19 11:36:51.379 [org.springframework.amqp.rabbit.RabbitListenerEndpointContainer#2-1] INFO  com.eleicao.core.component.WebSocketCandidatoListener - Recebido lista de candidatos via RabbitMQ, enviando via WebSocket: 6 candidatos
2025-05-19 11:36:51.382 [org.springframework.amqp.rabbit.RabbitListenerEndpointContainer#2-1] INFO  com.eleicao.core.component.WebSocketCandidatoListener - Lista de candidatos enviada via WebSocket com sucesso
2025-05-19 11:36:51.508 [org.springframework.amqp.rabbit.RabbitListenerEndpointContainer#1-1] INFO  com.eleicao.core.service.VotoService - Voto salvo: Voto{, type='eleicao-gp2', object='pedrao', valor=1, timestamp=2025-05-19T11:36:51.499156500}
2025-05-19 11:36:51.538 [org.springframework.amqp.rabbit.RabbitListenerEndpointContainer#1-1] INFO  com.eleicao.core.component.VotoListener - Voto processado e lista atualizada: VotoDTO{type='eleicao-gp2', object='13', valor=1, timestamp=2025-05-19T11:36:51.499156500}
2025-05-19 11:36:51.541 [org.springframework.amqp.rabbit.RabbitListenerEndpointContainer#2-1] INFO  com.eleicao.core.component.WebSocketCandidatoListener - Recebido lista de candidatos via RabbitMQ, enviando via WebSocket: 6 candidatos
2025-05-19 11:36:51.543 [org.springframework.amqp.rabbit.RabbitListenerEndpointContainer#2-1] INFO  com.eleicao.core.component.WebSocketCandidatoListener - Lista de candidatos enviada via WebSocket com sucesso
2025-05-19 11:36:52.691 [org.springframework.amqp.rabbit.RabbitListenerEndpointContainer#1-1] INFO  com.eleicao.core.service.VotoService - Voto salvo: Voto{, type='eleicao-gp2', object='yago', valor=1, timestamp=2025-05-19T11:36:52.680666}
2025-05-19 11:36:52.715 [org.springframework.amqp.rabbit.RabbitListenerEndpointContainer#1-1] INFO  com.eleicao.core.component.VotoListener - Voto processado e lista atualizada: VotoDTO{type='eleicao-gp2', object='48', valor=1, timestamp=2025-05-19T11:36:52.680666}
2025-05-19 11:36:52.719 [org.springframework.amqp.rabbit.RabbitListenerEndpointContainer#2-1] INFO  com.eleicao.core.component.WebSocketCandidatoListener - Recebido lista de candidatos via RabbitMQ, enviando via WebSocket: 6 candidatos
2025-05-19 11:36:52.721 [org.springframework.amqp.rabbit.RabbitListenerEndpointContainer#2-1] INFO  com.eleicao.core.component.WebSocketCandidatoListener - Lista de candidatos enviada via WebSocket com sucesso
2025-05-19 11:36:53.895 [org.springframework.amqp.rabbit.RabbitListenerEndpointContainer#1-1] INFO  com.eleicao.core.service.VotoService - Voto salvo: Voto{, type='eleicao-gp2', object='yago', valor=1, timestamp=2025-05-19T11:36:53.886584600}
2025-05-19 11:36:53.918 [org.springframework.amqp.rabbit.RabbitListenerEndpointContainer#1-1] INFO  com.eleicao.core.component.VotoListener - Voto processado e lista atualizada: VotoDTO{type='eleicao-gp2', object='48', valor=1, timestamp=2025-05-19T11:36:53.886584600}
2025-05-19 11:36:53.920 [org.springframework.amqp.rabbit.RabbitListenerEndpointContainer#2-1] INFO  com.eleicao.core.component.WebSocketCandidatoListener - Recebido lista de candidatos via RabbitMQ, enviando via WebSocket: 6 candidatos
2025-05-19 11:36:53.923 [org.springframework.amqp.rabbit.RabbitListenerEndpointContainer#2-1] INFO  com.eleicao.core.component.WebSocketCandidatoListener - Lista de candidatos enviada via WebSocket com sucesso
2025-05-19 11:36:55.272 [org.springframework.amqp.rabbit.RabbitListenerEndpointContainer#1-1] INFO  com.eleicao.core.service.VotoService - Voto salvo: Voto{, type='eleicao-gp2', object='yago', valor=1, timestamp=2025-05-19T11:36:55.261856700}
2025-05-19 11:36:55.296 [org.springframework.amqp.rabbit.RabbitListenerEndpointContainer#1-1] INFO  com.eleicao.core.component.VotoListener - Voto processado e lista atualizada: VotoDTO{type='eleicao-gp2', object='48', valor=1, timestamp=2025-05-19T11:36:55.261856700}
2025-05-19 11:36:55.299 [org.springframework.amqp.rabbit.RabbitListenerEndpointContainer#2-1] INFO  com.eleicao.core.component.WebSocketCandidatoListener - Recebido lista de candidatos via RabbitMQ, enviando via WebSocket: 6 candidatos
2025-05-19 11:36:55.301 [org.springframework.amqp.rabbit.RabbitListenerEndpointContainer#2-1] INFO  com.eleicao.core.component.WebSocketCandidatoListener - Lista de candidatos enviada via WebSocket com sucesso
2025-05-19 11:36:55.403 [org.springframework.amqp.rabbit.RabbitListenerEndpointContainer#1-1] INFO  com.eleicao.core.service.VotoService - Voto salvo: Voto{, type='eleicao-gp2', object='yago', valor=1, timestamp=2025-05-19T11:36:55.396299600}
2025-05-19 11:36:55.432 [org.springframework.amqp.rabbit.RabbitListenerEndpointContainer#1-1] INFO  com.eleicao.core.component.VotoListener - Voto processado e lista atualizada: VotoDTO{type='eleicao-gp2', object='48', valor=1, timestamp=2025-05-19T11:36:55.396299600}
2025-05-19 11:36:55.435 [org.springframework.amqp.rabbit.RabbitListenerEndpointContainer#2-1] INFO  com.eleicao.core.component.WebSocketCandidatoListener - Recebido lista de candidatos via RabbitMQ, enviando via WebSocket: 6 candidatos
2025-05-19 11:36:55.437 [org.springframework.amqp.rabbit.RabbitListenerEndpointContainer#2-1] INFO  com.eleicao.core.component.WebSocketCandidatoListener - Lista de candidatos enviada via WebSocket com sucesso
2025-05-19 11:36:55.562 [org.springframework.amqp.rabbit.RabbitListenerEndpointContainer#1-1] INFO  com.eleicao.core.service.VotoService - Voto salvo: Voto{, type='eleicao-gp2', object='yago', valor=1, timestamp=2025-05-19T11:36:55.554692100}
2025-05-19 11:36:55.591 [org.springframework.amqp.rabbit.RabbitListenerEndpointContainer#1-1] INFO  com.eleicao.core.component.VotoListener - Voto processado e lista atualizada: VotoDTO{type='eleicao-gp2', object='48', valor=1, timestamp=2025-05-19T11:36:55.554692100}
2025-05-19 11:36:55.593 [org.springframework.amqp.rabbit.RabbitListenerEndpointContainer#2-1] INFO  com.eleicao.core.component.WebSocketCandidatoListener - Recebido lista de candidatos via RabbitMQ, enviando via WebSocket: 6 candidatos
2025-05-19 11:36:55.595 [org.springframework.amqp.rabbit.RabbitListenerEndpointContainer#2-1] INFO  com.eleicao.core.component.WebSocketCandidatoListener - Lista de candidatos enviada via WebSocket com sucesso
2025-05-19 11:36:55.769 [org.springframework.amqp.rabbit.RabbitListenerEndpointContainer#1-1] INFO  com.eleicao.core.service.VotoService - Voto salvo: Voto{, type='eleicao-gp2', object='yago', valor=1, timestamp=2025-05-19T11:36:55.755281300}
2025-05-19 11:36:55.803 [org.springframework.amqp.rabbit.RabbitListenerEndpointContainer#1-1] INFO  com.eleicao.core.component.VotoListener - Voto processado e lista atualizada: VotoDTO{type='eleicao-gp2', object='48', valor=1, timestamp=2025-05-19T11:36:55.755281300}
2025-05-19 11:36:55.807 [org.springframework.amqp.rabbit.RabbitListenerEndpointContainer#2-1] INFO  com.eleicao.core.component.WebSocketCandidatoListener - Recebido lista de candidatos via RabbitMQ, enviando via WebSocket: 6 candidatos
2025-05-19 11:36:55.813 [org.springframework.amqp.rabbit.RabbitListenerEndpointContainer#2-1] INFO  com.eleicao.core.component.WebSocketCandidatoListener - Lista de candidatos enviada via WebSocket com sucesso
2025-05-19 11:36:55.939 [org.springframework.amqp.rabbit.RabbitListenerEndpointContainer#1-1] INFO  com.eleicao.core.service.VotoService - Voto salvo: Voto{, type='eleicao-gp2', object='yago', valor=1, timestamp=2025-05-19T11:36:55.927399800}
2025-05-19 11:36:55.963 [org.springframework.amqp.rabbit.RabbitListenerEndpointContainer#1-1] INFO  com.eleicao.core.component.VotoListener - Voto processado e lista atualizada: VotoDTO{type='eleicao-gp2', object='48', valor=1, timestamp=2025-05-19T11:36:55.927399800}
2025-05-19 11:36:55.966 [org.springframework.amqp.rabbit.RabbitListenerEndpointContainer#2-1] INFO  com.eleicao.core.component.WebSocketCandidatoListener - Recebido lista de candidatos via RabbitMQ, enviando via WebSocket: 6 candidatos
2025-05-19 11:36:55.968 [org.springframework.amqp.rabbit.RabbitListenerEndpointContainer#2-1] INFO  com.eleicao.core.component.WebSocketCandidatoListener - Lista de candidatos enviada via WebSocket com sucesso
2025-05-19 11:36:56.112 [org.springframework.amqp.rabbit.RabbitListenerEndpointContainer#1-1] INFO  com.eleicao.core.service.VotoService - Voto salvo: Voto{, type='eleicao-gp2', object='yago', valor=1, timestamp=2025-05-19T11:36:56.100628900}
2025-05-19 11:36:56.141 [org.springframework.amqp.rabbit.RabbitListenerEndpointContainer#2-1] INFO  com.eleicao.core.component.WebSocketCandidatoListener - Recebido lista de candidatos via RabbitMQ, enviando via WebSocket: 6 candidatos
2025-05-19 11:36:56.138 [org.springframework.amqp.rabbit.RabbitListenerEndpointContainer#1-1] INFO  com.eleicao.core.component.VotoListener - Voto processado e lista atualizada: VotoDTO{type='eleicao-gp2', object='48', valor=1, timestamp=2025-05-19T11:36:56.100628900}
2025-05-19 11:36:56.144 [org.springframework.amqp.rabbit.RabbitListenerEndpointContainer#2-1] INFO  com.eleicao.core.component.WebSocketCandidatoListener - Lista de candidatos enviada via WebSocket com sucesso
2025-05-19 11:36:56.280 [org.springframework.amqp.rabbit.RabbitListenerEndpointContainer#1-1] INFO  com.eleicao.core.service.VotoService - Voto salvo: Voto{, type='eleicao-gp2', object='yago', valor=1, timestamp=2025-05-19T11:36:56.270878300}
2025-05-19 11:36:56.320 [org.springframework.amqp.rabbit.RabbitListenerEndpointContainer#1-1] INFO  com.eleicao.core.component.VotoListener - Voto processado e lista atualizada: VotoDTO{type='eleicao-gp2', object='48', valor=1, timestamp=2025-05-19T11:36:56.270878300}
2025-05-19 11:36:56.322 [org.springframework.amqp.rabbit.RabbitListenerEndpointContainer#2-1] INFO  com.eleicao.core.component.WebSocketCandidatoListener - Recebido lista de candidatos via RabbitMQ, enviando via WebSocket: 6 candidatos
2025-05-19 11:36:56.324 [org.springframework.amqp.rabbit.RabbitListenerEndpointContainer#2-1] INFO  com.eleicao.core.component.WebSocketCandidatoListener - Lista de candidatos enviada via WebSocket com sucesso
2025-05-19 11:36:56.447 [org.springframework.amqp.rabbit.RabbitListenerEndpointContainer#1-1] INFO  com.eleicao.core.service.VotoService - Voto salvo: Voto{, type='eleicao-gp2', object='yago', valor=1, timestamp=2025-05-19T11:36:56.438887700}
2025-05-19 11:36:56.471 [org.springframework.amqp.rabbit.RabbitListenerEndpointContainer#1-1] INFO  com.eleicao.core.component.VotoListener - Voto processado e lista atualizada: VotoDTO{type='eleicao-gp2', object='48', valor=1, timestamp=2025-05-19T11:36:56.438887700}
2025-05-19 11:36:56.473 [org.springframework.amqp.rabbit.RabbitListenerEndpointContainer#2-1] INFO  com.eleicao.core.component.WebSocketCandidatoListener - Recebido lista de candidatos via RabbitMQ, enviando via WebSocket: 6 candidatos
2025-05-19 11:36:56.476 [org.springframework.amqp.rabbit.RabbitListenerEndpointContainer#2-1] INFO  com.eleicao.core.component.WebSocketCandidatoListener - Lista de candidatos enviada via WebSocket com sucesso
2025-05-19 11:36:56.601 [org.springframework.amqp.rabbit.RabbitListenerEndpointContainer#1-1] INFO  com.eleicao.core.service.VotoService - Voto salvo: Voto{, type='eleicao-gp2', object='yago', valor=1, timestamp=2025-05-19T11:36:56.593020}
2025-05-19 11:36:56.627 [org.springframework.amqp.rabbit.RabbitListenerEndpointContainer#1-1] INFO  com.eleicao.core.component.VotoListener - Voto processado e lista atualizada: VotoDTO{type='eleicao-gp2', object='48', valor=1, timestamp=2025-05-19T11:36:56.593020}
2025-05-19 11:36:56.631 [org.springframework.amqp.rabbit.RabbitListenerEndpointContainer#2-1] INFO  com.eleicao.core.component.WebSocketCandidatoListener - Recebido lista de candidatos via RabbitMQ, enviando via WebSocket: 6 candidatos
2025-05-19 11:36:56.632 [org.springframework.amqp.rabbit.RabbitListenerEndpointContainer#2-1] INFO  com.eleicao.core.component.WebSocketCandidatoListener - Lista de candidatos enviada via WebSocket com sucesso
2025-05-19 11:36:56.790 [org.springframework.amqp.rabbit.RabbitListenerEndpointContainer#1-1] INFO  com.eleicao.core.service.VotoService - Voto salvo: Voto{, type='eleicao-gp2', object='yago', valor=1, timestamp=2025-05-19T11:36:56.771637600}
2025-05-19 11:36:56.824 [org.springframework.amqp.rabbit.RabbitListenerEndpointContainer#1-1] INFO  com.eleicao.core.component.VotoListener - Voto processado e lista atualizada: VotoDTO{type='eleicao-gp2', object='48', valor=1, timestamp=2025-05-19T11:36:56.771637600}
2025-05-19 11:36:56.826 [org.springframework.amqp.rabbit.RabbitListenerEndpointContainer#2-1] INFO  com.eleicao.core.component.WebSocketCandidatoListener - Recebido lista de candidatos via RabbitMQ, enviando via WebSocket: 6 candidatos
2025-05-19 11:36:56.828 [org.springframework.amqp.rabbit.RabbitListenerEndpointContainer#2-1] INFO  com.eleicao.core.component.WebSocketCandidatoListener - Lista de candidatos enviada via WebSocket com sucesso
2025-05-19 11:36:57.157 [org.springframework.amqp.rabbit.RabbitListenerEndpointContainer#1-1] INFO  com.eleicao.core.service.VotoService - Voto salvo: Voto{, type='eleicao-gp2', object='teste', valor=1, timestamp=2025-05-19T11:36:57.140545300}
2025-05-19 11:36:57.194 [org.springframework.amqp.rabbit.RabbitListenerEndpointContainer#1-1] INFO  com.eleicao.core.component.VotoListener - Voto processado e lista atualizada: VotoDTO{type='eleicao-gp2', object='9', valor=1, timestamp=2025-05-19T11:36:57.140545300}
2025-05-19 11:36:57.196 [org.springframework.amqp.rabbit.RabbitListenerEndpointContainer#2-1] INFO  com.eleicao.core.component.WebSocketCandidatoListener - Recebido lista de candidatos via RabbitMQ, enviando via WebSocket: 6 candidatos
2025-05-19 11:36:57.202 [org.springframework.amqp.rabbit.RabbitListenerEndpointContainer#2-1] INFO  com.eleicao.core.component.WebSocketCandidatoListener - Lista de candidatos enviada via WebSocket com sucesso
2025-05-19 11:36:57.477 [org.springframework.amqp.rabbit.RabbitListenerEndpointContainer#1-1] INFO  com.eleicao.core.service.VotoService - Voto salvo: Voto{, type='eleicao-gp2', object='yago', valor=1, timestamp=2025-05-19T11:36:57.468020300}
2025-05-19 11:36:57.516 [org.springframework.amqp.rabbit.RabbitListenerEndpointContainer#1-1] INFO  com.eleicao.core.component.VotoListener - Voto processado e lista atualizada: VotoDTO{type='eleicao-gp2', object='48', valor=1, timestamp=2025-05-19T11:36:57.468020300}
2025-05-19 11:36:57.518 [org.springframework.amqp.rabbit.RabbitListenerEndpointContainer#2-1] INFO  com.eleicao.core.component.WebSocketCandidatoListener - Recebido lista de candidatos via RabbitMQ, enviando via WebSocket: 6 candidatos
2025-05-19 11:36:57.520 [org.springframework.amqp.rabbit.RabbitListenerEndpointContainer#2-1] INFO  com.eleicao.core.component.WebSocketCandidatoListener - Lista de candidatos enviada via WebSocket com sucesso
2025-05-19 11:36:58.073 [org.springframework.amqp.rabbit.RabbitListenerEndpointContainer#1-1] INFO  com.eleicao.core.service.VotoService - Voto salvo: Voto{, type='eleicao-gp2', object='yago', valor=1, timestamp=2025-05-19T11:36:58.062195900}
2025-05-19 11:36:58.096 [org.springframework.amqp.rabbit.RabbitListenerEndpointContainer#1-1] INFO  com.eleicao.core.component.VotoListener - Voto processado e lista atualizada: VotoDTO{type='eleicao-gp2', object='48', valor=1, timestamp=2025-05-19T11:36:58.062195900}
2025-05-19 11:36:58.099 [org.springframework.amqp.rabbit.RabbitListenerEndpointContainer#2-1] INFO  com.eleicao.core.component.WebSocketCandidatoListener - Recebido lista de candidatos via RabbitMQ, enviando via WebSocket: 6 candidatos
2025-05-19 11:36:58.100 [org.springframework.amqp.rabbit.RabbitListenerEndpointContainer#2-1] INFO  com.eleicao.core.component.WebSocketCandidatoListener - Lista de candidatos enviada via WebSocket com sucesso
2025-05-19 11:36:58.763 [org.springframework.amqp.rabbit.RabbitListenerEndpointContainer#1-1] INFO  com.eleicao.core.service.VotoService - Voto salvo: Voto{, type='eleicao-gp2', object='yago', valor=1, timestamp=2025-05-19T11:36:58.752848500}
2025-05-19 11:36:58.787 [org.springframework.amqp.rabbit.RabbitListenerEndpointContainer#1-1] INFO  com.eleicao.core.component.VotoListener - Voto processado e lista atualizada: VotoDTO{type='eleicao-gp2', object='48', valor=1, timestamp=2025-05-19T11:36:58.752848500}
2025-05-19 11:36:58.790 [org.springframework.amqp.rabbit.RabbitListenerEndpointContainer#2-1] INFO  com.eleicao.core.component.WebSocketCandidatoListener - Recebido lista de candidatos via RabbitMQ, enviando via WebSocket: 6 candidatos
2025-05-19 11:36:58.791 [org.springframework.amqp.rabbit.RabbitListenerEndpointContainer#2-1] INFO  com.eleicao.core.component.WebSocketCandidatoListener - Lista de candidatos enviada via WebSocket com sucesso
2025-05-19 11:36:58.948 [org.springframework.amqp.rabbit.RabbitListenerEndpointContainer#1-1] INFO  com.eleicao.core.service.VotoService - Voto salvo: Voto{, type='eleicao-gp2', object='yago', valor=1, timestamp=2025-05-19T11:36:58.941808200}
2025-05-19 11:36:58.981 [org.springframework.amqp.rabbit.RabbitListenerEndpointContainer#1-1] INFO  com.eleicao.core.component.VotoListener - Voto processado e lista atualizada: VotoDTO{type='eleicao-gp2', object='48', valor=1, timestamp=2025-05-19T11:36:58.941808200}
2025-05-19 11:36:58.984 [org.springframework.amqp.rabbit.RabbitListenerEndpointContainer#2-1] INFO  com.eleicao.core.component.WebSocketCandidatoListener - Recebido lista de candidatos via RabbitMQ, enviando via WebSocket: 6 candidatos
2025-05-19 11:36:58.990 [org.springframework.amqp.rabbit.RabbitListenerEndpointContainer#2-1] INFO  com.eleicao.core.component.WebSocketCandidatoListener - Lista de candidatos enviada via WebSocket com sucesso
2025-05-19 11:36:59.117 [org.springframework.amqp.rabbit.RabbitListenerEndpointContainer#1-1] INFO  com.eleicao.core.service.VotoService - Voto salvo: Voto{, type='eleicao-gp2', object='yago', valor=1, timestamp=2025-05-19T11:36:59.109517900}
2025-05-19 11:36:59.141 [org.springframework.amqp.rabbit.RabbitListenerEndpointContainer#1-1] INFO  com.eleicao.core.component.VotoListener - Voto processado e lista atualizada: VotoDTO{type='eleicao-gp2', object='48', valor=1, timestamp=2025-05-19T11:36:59.109517900}
2025-05-19 11:36:59.143 [org.springframework.amqp.rabbit.RabbitListenerEndpointContainer#2-1] INFO  com.eleicao.core.component.WebSocketCandidatoListener - Recebido lista de candidatos via RabbitMQ, enviando via WebSocket: 6 candidatos
2025-05-19 11:36:59.149 [org.springframework.amqp.rabbit.RabbitListenerEndpointContainer#2-1] INFO  com.eleicao.core.component.WebSocketCandidatoListener - Lista de candidatos enviada via WebSocket com sucesso
2025-05-19 11:36:59.279 [org.springframework.amqp.rabbit.RabbitListenerEndpointContainer#1-1] INFO  com.eleicao.core.service.VotoService - Voto salvo: Voto{, type='eleicao-gp2', object='yago', valor=1, timestamp=2025-05-19T11:36:59.268132500}
2025-05-19 11:36:59.295 [org.springframework.amqp.rabbit.RabbitListenerEndpointContainer#1-1] INFO  com.eleicao.core.component.VotoListener - Voto processado e lista atualizada: VotoDTO{type='eleicao-gp2', object='48', valor=1, timestamp=2025-05-19T11:36:59.268132500}
2025-05-19 11:36:59.299 [org.springframework.amqp.rabbit.RabbitListenerEndpointContainer#2-1] INFO  com.eleicao.core.component.WebSocketCandidatoListener - Recebido lista de candidatos via RabbitMQ, enviando via WebSocket: 6 candidatos
2025-05-19 11:36:59.300 [org.springframework.amqp.rabbit.RabbitListenerEndpointContainer#2-1] INFO  com.eleicao.core.component.WebSocketCandidatoListener - Lista de candidatos enviada via WebSocket com sucesso
2025-05-19 11:36:59.418 [org.springframework.amqp.rabbit.RabbitListenerEndpointContainer#1-1] INFO  com.eleicao.core.service.VotoService - Voto salvo: Voto{, type='eleicao-gp2', object='teste foto', valor=1, timestamp=2025-05-19T11:36:59.408087300}
2025-05-19 11:36:59.438 [org.springframework.amqp.rabbit.RabbitListenerEndpointContainer#1-1] INFO  com.eleicao.core.component.VotoListener - Voto processado e lista atualizada: VotoDTO{type='eleicao-gp2', object='12', valor=1, timestamp=2025-05-19T11:36:59.408087300}
2025-05-19 11:36:59.440 [org.springframework.amqp.rabbit.RabbitListenerEndpointContainer#2-1] INFO  com.eleicao.core.component.WebSocketCandidatoListener - Recebido lista de candidatos via RabbitMQ, enviando via WebSocket: 6 candidatos
2025-05-19 11:36:59.442 [org.springframework.amqp.rabbit.RabbitListenerEndpointContainer#2-1] INFO  com.eleicao.core.component.WebSocketCandidatoListener - Lista de candidatos enviada via WebSocket com sucesso
2025-05-19 11:37:00.303 [org.springframework.amqp.rabbit.RabbitListenerEndpointContainer#1-1] INFO  com.eleicao.core.service.VotoService - Voto salvo: Voto{, type='eleicao-gp2', object='yago', valor=1, timestamp=2025-05-19T11:37:00.292049200}
2025-05-19 11:37:00.322 [org.springframework.amqp.rabbit.RabbitListenerEndpointContainer#1-1] INFO  com.eleicao.core.component.VotoListener - Voto processado e lista atualizada: VotoDTO{type='eleicao-gp2', object='48', valor=1, timestamp=2025-05-19T11:37:00.292049200}
2025-05-19 11:37:00.324 [org.springframework.amqp.rabbit.RabbitListenerEndpointContainer#2-1] INFO  com.eleicao.core.component.WebSocketCandidatoListener - Recebido lista de candidatos via RabbitMQ, enviando via WebSocket: 6 candidatos
2025-05-19 11:37:00.326 [org.springframework.amqp.rabbit.RabbitListenerEndpointContainer#2-1] INFO  com.eleicao.core.component.WebSocketCandidatoListener - Lista de candidatos enviada via WebSocket com sucesso
2025-05-19 11:37:01.286 [org.springframework.amqp.rabbit.RabbitListenerEndpointContainer#1-1] INFO  com.eleicao.core.service.VotoService - Voto salvo: Voto{, type='eleicao-gp2', object='yago', valor=1, timestamp=2025-05-19T11:37:01.278438100}
2025-05-19 11:37:01.304 [org.springframework.amqp.rabbit.RabbitListenerEndpointContainer#1-1] INFO  com.eleicao.core.component.VotoListener - Voto processado e lista atualizada: VotoDTO{type='eleicao-gp2', object='48', valor=1, timestamp=2025-05-19T11:37:01.278438100}
2025-05-19 11:37:01.306 [org.springframework.amqp.rabbit.RabbitListenerEndpointContainer#2-1] INFO  com.eleicao.core.component.WebSocketCandidatoListener - Recebido lista de candidatos via RabbitMQ, enviando via WebSocket: 6 candidatos
2025-05-19 11:37:01.307 [org.springframework.amqp.rabbit.RabbitListenerEndpointContainer#2-1] INFO  com.eleicao.core.component.WebSocketCandidatoListener - Lista de candidatos enviada via WebSocket com sucesso
2025-05-19 11:39:46.617 [org.springframework.amqp.rabbit.RabbitListenerEndpointContainer#1-1] INFO  com.eleicao.core.service.VotoService - Voto salvo: Voto{, type='eleicao-gp2', object='yago', valor=1, timestamp=2025-05-19T11:39:46.606259600}
2025-05-19 11:39:46.637 [org.springframework.amqp.rabbit.RabbitListenerEndpointContainer#1-1] INFO  com.eleicao.core.component.VotoListener - Voto processado e lista atualizada: VotoDTO{type='eleicao-gp2', object='48', valor=1, timestamp=2025-05-19T11:39:46.606259600}
2025-05-19 11:39:46.640 [org.springframework.amqp.rabbit.RabbitListenerEndpointContainer#2-1] INFO  com.eleicao.core.component.WebSocketCandidatoListener - Recebido lista de candidatos via RabbitMQ, enviando via WebSocket: 6 candidatos
2025-05-19 11:39:46.641 [org.springframework.amqp.rabbit.RabbitListenerEndpointContainer#2-1] INFO  com.eleicao.core.component.WebSocketCandidatoListener - Lista de candidatos enviada via WebSocket com sucesso
2025-05-19 11:39:46.779 [org.springframework.amqp.rabbit.RabbitListenerEndpointContainer#1-1] INFO  com.eleicao.core.service.VotoService - Voto salvo: Voto{, type='eleicao-gp2', object='yago', valor=1, timestamp=2025-05-19T11:39:46.773099200}
2025-05-19 11:39:46.800 [org.springframework.amqp.rabbit.RabbitListenerEndpointContainer#1-1] INFO  com.eleicao.core.component.VotoListener - Voto processado e lista atualizada: VotoDTO{type='eleicao-gp2', object='48', valor=1, timestamp=2025-05-19T11:39:46.773099200}
2025-05-19 11:39:46.803 [org.springframework.amqp.rabbit.RabbitListenerEndpointContainer#2-1] INFO  com.eleicao.core.component.WebSocketCandidatoListener - Recebido lista de candidatos via RabbitMQ, enviando via WebSocket: 6 candidatos
2025-05-19 11:39:46.803 [org.springframework.amqp.rabbit.RabbitListenerEndpointContainer#2-1] INFO  com.eleicao.core.component.WebSocketCandidatoListener - Lista de candidatos enviada via WebSocket com sucesso
2025-05-19 11:39:46.951 [org.springframework.amqp.rabbit.RabbitListenerEndpointContainer#1-1] INFO  com.eleicao.core.service.VotoService - Voto salvo: Voto{, type='eleicao-gp2', object='yago', valor=1, timestamp=2025-05-19T11:39:46.944834800}
2025-05-19 11:39:46.971 [org.springframework.amqp.rabbit.RabbitListenerEndpointContainer#1-1] INFO  com.eleicao.core.component.VotoListener - Voto processado e lista atualizada: VotoDTO{type='eleicao-gp2', object='48', valor=1, timestamp=2025-05-19T11:39:46.944834800}
2025-05-19 11:39:46.974 [org.springframework.amqp.rabbit.RabbitListenerEndpointContainer#2-1] INFO  com.eleicao.core.component.WebSocketCandidatoListener - Recebido lista de candidatos via RabbitMQ, enviando via WebSocket: 6 candidatos
2025-05-19 11:39:46.977 [org.springframework.amqp.rabbit.RabbitListenerEndpointContainer#2-1] INFO  com.eleicao.core.component.WebSocketCandidatoListener - Lista de candidatos enviada via WebSocket com sucesso
2025-05-19 11:39:49.817 [org.springframework.amqp.rabbit.RabbitListenerEndpointContainer#1-1] INFO  com.eleicao.core.service.VotoService - Voto salvo: Voto{, type='eleicao-gp2', object='teste foto', valor=1, timestamp=2025-05-19T11:39:49.808148500}
2025-05-19 11:39:49.836 [org.springframework.amqp.rabbit.RabbitListenerEndpointContainer#1-1] INFO  com.eleicao.core.component.VotoListener - Voto processado e lista atualizada: VotoDTO{type='eleicao-gp2', object='12', valor=1, timestamp=2025-05-19T11:39:49.808148500}
2025-05-19 11:39:49.839 [org.springframework.amqp.rabbit.RabbitListenerEndpointContainer#2-1] INFO  com.eleicao.core.component.WebSocketCandidatoListener - Recebido lista de candidatos via RabbitMQ, enviando via WebSocket: 6 candidatos
2025-05-19 11:39:49.840 [org.springframework.amqp.rabbit.RabbitListenerEndpointContainer#2-1] INFO  com.eleicao.core.component.WebSocketCandidatoListener - Lista de candidatos enviada via WebSocket com sucesso
2025-05-19 11:39:49.996 [org.springframework.amqp.rabbit.RabbitListenerEndpointContainer#1-1] INFO  com.eleicao.core.service.VotoService - Voto salvo: Voto{, type='eleicao-gp2', object='teste foto', valor=1, timestamp=2025-05-19T11:39:49.987298}
2025-05-19 11:39:50.019 [org.springframework.amqp.rabbit.RabbitListenerEndpointContainer#1-1] INFO  com.eleicao.core.component.VotoListener - Voto processado e lista atualizada: VotoDTO{type='eleicao-gp2', object='12', valor=1, timestamp=2025-05-19T11:39:49.987298}
2025-05-19 11:39:50.023 [org.springframework.amqp.rabbit.RabbitListenerEndpointContainer#2-1] INFO  com.eleicao.core.component.WebSocketCandidatoListener - Recebido lista de candidatos via RabbitMQ, enviando via WebSocket: 6 candidatos
2025-05-19 11:39:50.025 [org.springframework.amqp.rabbit.RabbitListenerEndpointContainer#2-1] INFO  com.eleicao.core.component.WebSocketCandidatoListener - Lista de candidatos enviada via WebSocket com sucesso
2025-05-19 11:39:50.158 [org.springframework.amqp.rabbit.RabbitListenerEndpointContainer#1-1] INFO  com.eleicao.core.service.VotoService - Voto salvo: Voto{, type='eleicao-gp2', object='teste foto', valor=1, timestamp=2025-05-19T11:39:50.148098800}
2025-05-19 11:39:50.195 [org.springframework.amqp.rabbit.RabbitListenerEndpointContainer#1-1] INFO  com.eleicao.core.component.VotoListener - Voto processado e lista atualizada: VotoDTO{type='eleicao-gp2', object='12', valor=1, timestamp=2025-05-19T11:39:50.148098800}
2025-05-19 11:39:50.200 [org.springframework.amqp.rabbit.RabbitListenerEndpointContainer#2-1] INFO  com.eleicao.core.component.WebSocketCandidatoListener - Recebido lista de candidatos via RabbitMQ, enviando via WebSocket: 6 candidatos
2025-05-19 11:39:50.206 [org.springframework.amqp.rabbit.RabbitListenerEndpointContainer#2-1] INFO  com.eleicao.core.component.WebSocketCandidatoListener - Lista de candidatos enviada via WebSocket com sucesso
2025-05-19 11:39:50.342 [org.springframework.amqp.rabbit.RabbitListenerEndpointContainer#1-1] INFO  com.eleicao.core.service.VotoService - Voto salvo: Voto{, type='eleicao-gp2', object='teste foto', valor=1, timestamp=2025-05-19T11:39:50.331607500}
2025-05-19 11:39:50.368 [org.springframework.amqp.rabbit.RabbitListenerEndpointContainer#1-1] INFO  com.eleicao.core.component.VotoListener - Voto processado e lista atualizada: VotoDTO{type='eleicao-gp2', object='12', valor=1, timestamp=2025-05-19T11:39:50.331607500}
2025-05-19 11:39:50.372 [org.springframework.amqp.rabbit.RabbitListenerEndpointContainer#2-1] INFO  com.eleicao.core.component.WebSocketCandidatoListener - Recebido lista de candidatos via RabbitMQ, enviando via WebSocket: 6 candidatos
2025-05-19 11:39:50.374 [org.springframework.amqp.rabbit.RabbitListenerEndpointContainer#2-1] INFO  com.eleicao.core.component.WebSocketCandidatoListener - Lista de candidatos enviada via WebSocket com sucesso
2025-05-19 11:40:35.154 [org.springframework.amqp.rabbit.RabbitListenerEndpointContainer#1-1] INFO  com.eleicao.core.service.VotoService - Voto salvo: Voto{, type='eleicao-gp2', object='teste foto', valor=1, timestamp=2025-05-19T11:40:35.140219900}
2025-05-19 11:40:35.177 [org.springframework.amqp.rabbit.RabbitListenerEndpointContainer#1-1] INFO  com.eleicao.core.component.VotoListener - Voto processado e lista atualizada: VotoDTO{type='eleicao-gp2', object='12', valor=1, timestamp=2025-05-19T11:40:35.140219900}
2025-05-19 11:40:35.179 [org.springframework.amqp.rabbit.RabbitListenerEndpointContainer#2-1] INFO  com.eleicao.core.component.WebSocketCandidatoListener - Recebido lista de candidatos via RabbitMQ, enviando via WebSocket: 6 candidatos
2025-05-19 11:40:35.180 [org.springframework.amqp.rabbit.RabbitListenerEndpointContainer#2-1] INFO  com.eleicao.core.component.WebSocketCandidatoListener - Lista de candidatos enviada via WebSocket com sucesso
2025-05-19 11:40:35.315 [org.springframework.amqp.rabbit.RabbitListenerEndpointContainer#1-1] INFO  com.eleicao.core.service.VotoService - Voto salvo: Voto{, type='eleicao-gp2', object='yago', valor=1, timestamp=2025-05-19T11:40:35.308527200}
2025-05-19 11:40:35.335 [org.springframework.amqp.rabbit.RabbitListenerEndpointContainer#1-1] INFO  com.eleicao.core.component.VotoListener - Voto processado e lista atualizada: VotoDTO{type='eleicao-gp2', object='48', valor=1, timestamp=2025-05-19T11:40:35.308527200}
2025-05-19 11:40:35.339 [org.springframework.amqp.rabbit.RabbitListenerEndpointContainer#2-1] INFO  com.eleicao.core.component.WebSocketCandidatoListener - Recebido lista de candidatos via RabbitMQ, enviando via WebSocket: 6 candidatos
2025-05-19 11:40:35.340 [org.springframework.amqp.rabbit.RabbitListenerEndpointContainer#2-1] INFO  com.eleicao.core.component.WebSocketCandidatoListener - Lista de candidatos enviada via WebSocket com sucesso
2025-05-19 11:40:35.500 [org.springframework.amqp.rabbit.RabbitListenerEndpointContainer#1-1] INFO  com.eleicao.core.service.VotoService - Voto salvo: Voto{, type='eleicao-gp2', object='yago', valor=1, timestamp=2025-05-19T11:40:35.491919600}
2025-05-19 11:40:35.520 [org.springframework.amqp.rabbit.RabbitListenerEndpointContainer#1-1] INFO  com.eleicao.core.component.VotoListener - Voto processado e lista atualizada: VotoDTO{type='eleicao-gp2', object='48', valor=1, timestamp=2025-05-19T11:40:35.491919600}
2025-05-19 11:40:35.522 [org.springframework.amqp.rabbit.RabbitListenerEndpointContainer#2-1] INFO  com.eleicao.core.component.WebSocketCandidatoListener - Recebido lista de candidatos via RabbitMQ, enviando via WebSocket: 6 candidatos
2025-05-19 11:40:35.523 [org.springframework.amqp.rabbit.RabbitListenerEndpointContainer#2-1] INFO  com.eleicao.core.component.WebSocketCandidatoListener - Lista de candidatos enviada via WebSocket com sucesso
2025-05-19 11:40:35.710 [org.springframework.amqp.rabbit.RabbitListenerEndpointContainer#1-1] INFO  com.eleicao.core.service.VotoService - Voto salvo: Voto{, type='eleicao-gp2', object='teste foto', valor=1, timestamp=2025-05-19T11:40:35.702256300}
2025-05-19 11:40:35.732 [org.springframework.amqp.rabbit.RabbitListenerEndpointContainer#1-1] INFO  com.eleicao.core.component.VotoListener - Voto processado e lista atualizada: VotoDTO{type='eleicao-gp2', object='12', valor=1, timestamp=2025-05-19T11:40:35.702256300}
2025-05-19 11:40:35.735 [org.springframework.amqp.rabbit.RabbitListenerEndpointContainer#2-1] INFO  com.eleicao.core.component.WebSocketCandidatoListener - Recebido lista de candidatos via RabbitMQ, enviando via WebSocket: 6 candidatos
2025-05-19 11:40:35.737 [org.springframework.amqp.rabbit.RabbitListenerEndpointContainer#2-1] INFO  com.eleicao.core.component.WebSocketCandidatoListener - Lista de candidatos enviada via WebSocket com sucesso
2025-05-19 11:40:36.715 [org.springframework.amqp.rabbit.RabbitListenerEndpointContainer#1-1] INFO  com.eleicao.core.service.VotoService - Voto salvo: Voto{, type='eleicao-gp2', object='yago', valor=1, timestamp=2025-05-19T11:40:36.708262800}
2025-05-19 11:40:36.733 [org.springframework.amqp.rabbit.RabbitListenerEndpointContainer#1-1] INFO  com.eleicao.core.component.VotoListener - Voto processado e lista atualizada: VotoDTO{type='eleicao-gp2', object='48', valor=1, timestamp=2025-05-19T11:40:36.708262800}
2025-05-19 11:40:36.737 [org.springframework.amqp.rabbit.RabbitListenerEndpointContainer#2-1] INFO  com.eleicao.core.component.WebSocketCandidatoListener - Recebido lista de candidatos via RabbitMQ, enviando via WebSocket: 6 candidatos
2025-05-19 11:40:36.740 [org.springframework.amqp.rabbit.RabbitListenerEndpointContainer#2-1] INFO  com.eleicao.core.component.WebSocketCandidatoListener - Lista de candidatos enviada via WebSocket com sucesso
2025-05-19 11:40:36.880 [org.springframework.amqp.rabbit.RabbitListenerEndpointContainer#1-1] INFO  com.eleicao.core.service.VotoService - Voto salvo: Voto{, type='eleicao-gp2', object='yago', valor=1, timestamp=2025-05-19T11:40:36.874587900}
2025-05-19 11:40:36.898 [org.springframework.amqp.rabbit.RabbitListenerEndpointContainer#1-1] INFO  com.eleicao.core.component.VotoListener - Voto processado e lista atualizada: VotoDTO{type='eleicao-gp2', object='48', valor=1, timestamp=2025-05-19T11:40:36.874587900}
2025-05-19 11:40:36.902 [org.springframework.amqp.rabbit.RabbitListenerEndpointContainer#2-1] INFO  com.eleicao.core.component.WebSocketCandidatoListener - Recebido lista de candidatos via RabbitMQ, enviando via WebSocket: 6 candidatos
2025-05-19 11:40:36.903 [org.springframework.amqp.rabbit.RabbitListenerEndpointContainer#2-1] INFO  com.eleicao.core.component.WebSocketCandidatoListener - Lista de candidatos enviada via WebSocket com sucesso
2025-05-19 11:40:37.036 [org.springframework.amqp.rabbit.RabbitListenerEndpointContainer#1-1] INFO  com.eleicao.core.service.VotoService - Voto salvo: Voto{, type='eleicao-gp2', object='yago', valor=1, timestamp=2025-05-19T11:40:37.029582}
2025-05-19 11:40:37.053 [org.springframework.amqp.rabbit.RabbitListenerEndpointContainer#1-1] INFO  com.eleicao.core.component.VotoListener - Voto processado e lista atualizada: VotoDTO{type='eleicao-gp2', object='48', valor=1, timestamp=2025-05-19T11:40:37.029582}
2025-05-19 11:40:37.055 [org.springframework.amqp.rabbit.RabbitListenerEndpointContainer#2-1] INFO  com.eleicao.core.component.WebSocketCandidatoListener - Recebido lista de candidatos via RabbitMQ, enviando via WebSocket: 6 candidatos
2025-05-19 11:40:37.057 [org.springframework.amqp.rabbit.RabbitListenerEndpointContainer#2-1] INFO  com.eleicao.core.component.WebSocketCandidatoListener - Lista de candidatos enviada via WebSocket com sucesso
2025-05-19 11:40:37.210 [org.springframework.amqp.rabbit.RabbitListenerEndpointContainer#1-1] INFO  com.eleicao.core.service.VotoService - Voto salvo: Voto{, type='eleicao-gp2', object='yago', valor=1, timestamp=2025-05-19T11:40:37.203061900}
2025-05-19 11:40:37.224 [org.springframework.amqp.rabbit.RabbitListenerEndpointContainer#1-1] INFO  com.eleicao.core.component.VotoListener - Voto processado e lista atualizada: VotoDTO{type='eleicao-gp2', object='48', valor=1, timestamp=2025-05-19T11:40:37.203061900}
2025-05-19 11:40:37.226 [org.springframework.amqp.rabbit.RabbitListenerEndpointContainer#2-1] INFO  com.eleicao.core.component.WebSocketCandidatoListener - Recebido lista de candidatos via RabbitMQ, enviando via WebSocket: 6 candidatos
2025-05-19 11:40:37.227 [org.springframework.amqp.rabbit.RabbitListenerEndpointContainer#2-1] INFO  com.eleicao.core.component.WebSocketCandidatoListener - Lista de candidatos enviada via WebSocket com sucesso
2025-05-19 11:40:37.370 [org.springframework.amqp.rabbit.RabbitListenerEndpointContainer#1-1] INFO  com.eleicao.core.service.VotoService - Voto salvo: Voto{, type='eleicao-gp2', object='yago', valor=1, timestamp=2025-05-19T11:40:37.364632600}
2025-05-19 11:40:37.391 [org.springframework.amqp.rabbit.RabbitListenerEndpointContainer#1-1] INFO  com.eleicao.core.component.VotoListener - Voto processado e lista atualizada: VotoDTO{type='eleicao-gp2', object='48', valor=1, timestamp=2025-05-19T11:40:37.364632600}
2025-05-19 11:40:37.393 [org.springframework.amqp.rabbit.RabbitListenerEndpointContainer#2-1] INFO  com.eleicao.core.component.WebSocketCandidatoListener - Recebido lista de candidatos via RabbitMQ, enviando via WebSocket: 6 candidatos
2025-05-19 11:40:37.395 [org.springframework.amqp.rabbit.RabbitListenerEndpointContainer#2-1] INFO  com.eleicao.core.component.WebSocketCandidatoListener - Lista de candidatos enviada via WebSocket com sucesso
2025-05-19 11:40:37.543 [org.springframework.amqp.rabbit.RabbitListenerEndpointContainer#1-1] INFO  com.eleicao.core.service.VotoService - Voto salvo: Voto{, type='eleicao-gp2', object='yago', valor=1, timestamp=2025-05-19T11:40:37.538668400}
2025-05-19 11:40:37.563 [org.springframework.amqp.rabbit.RabbitListenerEndpointContainer#1-1] INFO  com.eleicao.core.component.VotoListener - Voto processado e lista atualizada: VotoDTO{type='eleicao-gp2', object='48', valor=1, timestamp=2025-05-19T11:40:37.538668400}
2025-05-19 11:40:37.567 [org.springframework.amqp.rabbit.RabbitListenerEndpointContainer#2-1] INFO  com.eleicao.core.component.WebSocketCandidatoListener - Recebido lista de candidatos via RabbitMQ, enviando via WebSocket: 6 candidatos
2025-05-19 11:40:37.568 [org.springframework.amqp.rabbit.RabbitListenerEndpointContainer#2-1] INFO  com.eleicao.core.component.WebSocketCandidatoListener - Lista de candidatos enviada via WebSocket com sucesso
2025-05-19 11:40:37.705 [org.springframework.amqp.rabbit.RabbitListenerEndpointContainer#1-1] INFO  com.eleicao.core.service.VotoService - Voto salvo: Voto{, type='eleicao-gp2', object='yago', valor=1, timestamp=2025-05-19T11:40:37.698560700}
2025-05-19 11:40:37.723 [org.springframework.amqp.rabbit.RabbitListenerEndpointContainer#1-1] INFO  com.eleicao.core.component.VotoListener - Voto processado e lista atualizada: VotoDTO{type='eleicao-gp2', object='48', valor=1, timestamp=2025-05-19T11:40:37.698560700}
2025-05-19 11:40:37.725 [org.springframework.amqp.rabbit.RabbitListenerEndpointContainer#2-1] INFO  com.eleicao.core.component.WebSocketCandidatoListener - Recebido lista de candidatos via RabbitMQ, enviando via WebSocket: 6 candidatos
2025-05-19 11:40:37.727 [org.springframework.amqp.rabbit.RabbitListenerEndpointContainer#2-1] INFO  com.eleicao.core.component.WebSocketCandidatoListener - Lista de candidatos enviada via WebSocket com sucesso
2025-05-19 11:40:37.882 [org.springframework.amqp.rabbit.RabbitListenerEndpointContainer#1-1] INFO  com.eleicao.core.service.VotoService - Voto salvo: Voto{, type='eleicao-gp2', object='yago', valor=1, timestamp=2025-05-19T11:40:37.877123300}
2025-05-19 11:40:37.898 [org.springframework.amqp.rabbit.RabbitListenerEndpointContainer#1-1] INFO  com.eleicao.core.component.VotoListener - Voto processado e lista atualizada: VotoDTO{type='eleicao-gp2', object='48', valor=1, timestamp=2025-05-19T11:40:37.877123300}
2025-05-19 11:40:37.900 [org.springframework.amqp.rabbit.RabbitListenerEndpointContainer#2-1] INFO  com.eleicao.core.component.WebSocketCandidatoListener - Recebido lista de candidatos via RabbitMQ, enviando via WebSocket: 6 candidatos
2025-05-19 11:40:37.902 [org.springframework.amqp.rabbit.RabbitListenerEndpointContainer#2-1] INFO  com.eleicao.core.component.WebSocketCandidatoListener - Lista de candidatos enviada via WebSocket com sucesso
2025-05-19 11:40:38.059 [org.springframework.amqp.rabbit.RabbitListenerEndpointContainer#1-1] INFO  com.eleicao.core.service.VotoService - Voto salvo: Voto{, type='eleicao-gp2', object='yago', valor=1, timestamp=2025-05-19T11:40:38.053322}
2025-05-19 11:40:38.074 [org.springframework.amqp.rabbit.RabbitListenerEndpointContainer#1-1] INFO  com.eleicao.core.component.VotoListener - Voto processado e lista atualizada: VotoDTO{type='eleicao-gp2', object='48', valor=1, timestamp=2025-05-19T11:40:38.053322}
2025-05-19 11:40:38.076 [org.springframework.amqp.rabbit.RabbitListenerEndpointContainer#2-1] INFO  com.eleicao.core.component.WebSocketCandidatoListener - Recebido lista de candidatos via RabbitMQ, enviando via WebSocket: 6 candidatos
2025-05-19 11:40:38.077 [org.springframework.amqp.rabbit.RabbitListenerEndpointContainer#2-1] INFO  com.eleicao.core.component.WebSocketCandidatoListener - Lista de candidatos enviada via WebSocket com sucesso
2025-05-19 11:40:38.234 [org.springframework.amqp.rabbit.RabbitListenerEndpointContainer#1-1] INFO  com.eleicao.core.service.VotoService - Voto salvo: Voto{, type='eleicao-gp2', object='yago', valor=1, timestamp=2025-05-19T11:40:38.227779500}
2025-05-19 11:40:38.255 [org.springframework.amqp.rabbit.RabbitListenerEndpointContainer#1-1] INFO  com.eleicao.core.component.VotoListener - Voto processado e lista atualizada: VotoDTO{type='eleicao-gp2', object='48', valor=1, timestamp=2025-05-19T11:40:38.227779500}
2025-05-19 11:40:38.258 [org.springframework.amqp.rabbit.RabbitListenerEndpointContainer#2-1] INFO  com.eleicao.core.component.WebSocketCandidatoListener - Recebido lista de candidatos via RabbitMQ, enviando via WebSocket: 6 candidatos
2025-05-19 11:40:38.260 [org.springframework.amqp.rabbit.RabbitListenerEndpointContainer#2-1] INFO  com.eleicao.core.component.WebSocketCandidatoListener - Lista de candidatos enviada via WebSocket com sucesso
2025-05-19 11:40:38.718 [org.springframework.amqp.rabbit.RabbitListenerEndpointContainer#1-1] INFO  com.eleicao.core.service.VotoService - Voto salvo: Voto{, type='eleicao-gp2', object='yago', valor=1, timestamp=2025-05-19T11:40:38.713452600}
2025-05-19 11:40:38.739 [org.springframework.amqp.rabbit.RabbitListenerEndpointContainer#1-1] INFO  com.eleicao.core.component.VotoListener - Voto processado e lista atualizada: VotoDTO{type='eleicao-gp2', object='48', valor=1, timestamp=2025-05-19T11:40:38.713452600}
2025-05-19 11:40:38.741 [org.springframework.amqp.rabbit.RabbitListenerEndpointContainer#2-1] INFO  com.eleicao.core.component.WebSocketCandidatoListener - Recebido lista de candidatos via RabbitMQ, enviando via WebSocket: 6 candidatos
2025-05-19 11:40:38.743 [org.springframework.amqp.rabbit.RabbitListenerEndpointContainer#2-1] INFO  com.eleicao.core.component.WebSocketCandidatoListener - Lista de candidatos enviada via WebSocket com sucesso
2025-05-19 11:40:38.998 [org.springframework.amqp.rabbit.RabbitListenerEndpointContainer#1-1] INFO  com.eleicao.core.service.VotoService - Voto salvo: Voto{, type='eleicao-gp2', object='yago', valor=1, timestamp=2025-05-19T11:40:38.992507900}
2025-05-19 11:40:39.018 [org.springframework.amqp.rabbit.RabbitListenerEndpointContainer#1-1] INFO  com.eleicao.core.component.VotoListener - Voto processado e lista atualizada: VotoDTO{type='eleicao-gp2', object='48', valor=1, timestamp=2025-05-19T11:40:38.992507900}
2025-05-19 11:40:39.020 [org.springframework.amqp.rabbit.RabbitListenerEndpointContainer#2-1] INFO  com.eleicao.core.component.WebSocketCandidatoListener - Recebido lista de candidatos via RabbitMQ, enviando via WebSocket: 6 candidatos
2025-05-19 11:40:39.022 [org.springframework.amqp.rabbit.RabbitListenerEndpointContainer#2-1] INFO  com.eleicao.core.component.WebSocketCandidatoListener - Lista de candidatos enviada via WebSocket com sucesso
2025-05-19 11:40:39.465 [org.springframework.amqp.rabbit.RabbitListenerEndpointContainer#1-1] INFO  com.eleicao.core.service.VotoService - Voto salvo: Voto{, type='eleicao-gp2', object='yago', valor=1, timestamp=2025-05-19T11:40:39.459569800}
2025-05-19 11:40:39.483 [org.springframework.amqp.rabbit.RabbitListenerEndpointContainer#1-1] INFO  com.eleicao.core.component.VotoListener - Voto processado e lista atualizada: VotoDTO{type='eleicao-gp2', object='48', valor=1, timestamp=2025-05-19T11:40:39.459569800}
2025-05-19 11:40:39.485 [org.springframework.amqp.rabbit.RabbitListenerEndpointContainer#2-1] INFO  com.eleicao.core.component.WebSocketCandidatoListener - Recebido lista de candidatos via RabbitMQ, enviando via WebSocket: 6 candidatos
2025-05-19 11:40:39.486 [org.springframework.amqp.rabbit.RabbitListenerEndpointContainer#2-1] INFO  com.eleicao.core.component.WebSocketCandidatoListener - Lista de candidatos enviada via WebSocket com sucesso
2025-05-19 11:40:39.795 [org.springframework.amqp.rabbit.RabbitListenerEndpointContainer#1-1] INFO  com.eleicao.core.service.VotoService - Voto salvo: Voto{, type='eleicao-gp2', object='yago', valor=1, timestamp=2025-05-19T11:40:39.789781100}
2025-05-19 11:40:39.810 [org.springframework.amqp.rabbit.RabbitListenerEndpointContainer#1-1] INFO  com.eleicao.core.component.VotoListener - Voto processado e lista atualizada: VotoDTO{type='eleicao-gp2', object='48', valor=1, timestamp=2025-05-19T11:40:39.789781100}
2025-05-19 11:40:39.813 [org.springframework.amqp.rabbit.RabbitListenerEndpointContainer#2-1] INFO  com.eleicao.core.component.WebSocketCandidatoListener - Recebido lista de candidatos via RabbitMQ, enviando via WebSocket: 6 candidatos
2025-05-19 11:40:39.815 [org.springframework.amqp.rabbit.RabbitListenerEndpointContainer#2-1] INFO  com.eleicao.core.component.WebSocketCandidatoListener - Lista de candidatos enviada via WebSocket com sucesso
2025-05-19 11:40:40.211 [org.springframework.amqp.rabbit.RabbitListenerEndpointContainer#1-1] INFO  com.eleicao.core.service.VotoService - Voto salvo: Voto{, type='eleicao-gp2', object='yago', valor=1, timestamp=2025-05-19T11:40:40.205745}
2025-05-19 11:40:40.229 [org.springframework.amqp.rabbit.RabbitListenerEndpointContainer#1-1] INFO  com.eleicao.core.component.VotoListener - Voto processado e lista atualizada: VotoDTO{type='eleicao-gp2', object='48', valor=1, timestamp=2025-05-19T11:40:40.205745}
2025-05-19 11:40:40.231 [org.springframework.amqp.rabbit.RabbitListenerEndpointContainer#2-1] INFO  com.eleicao.core.component.WebSocketCandidatoListener - Recebido lista de candidatos via RabbitMQ, enviando via WebSocket: 6 candidatos
2025-05-19 11:40:40.233 [org.springframework.amqp.rabbit.RabbitListenerEndpointContainer#2-1] INFO  com.eleicao.core.component.WebSocketCandidatoListener - Lista de candidatos enviada via WebSocket com sucesso
2025-05-19 11:40:40.611 [org.springframework.amqp.rabbit.RabbitListenerEndpointContainer#1-1] INFO  com.eleicao.core.service.VotoService - Voto salvo: Voto{, type='eleicao-gp2', object='yago', valor=1, timestamp=2025-05-19T11:40:40.606000400}
2025-05-19 11:40:40.625 [org.springframework.amqp.rabbit.RabbitListenerEndpointContainer#1-1] INFO  com.eleicao.core.component.VotoListener - Voto processado e lista atualizada: VotoDTO{type='eleicao-gp2', object='48', valor=1, timestamp=2025-05-19T11:40:40.606000400}
2025-05-19 11:40:40.627 [org.springframework.amqp.rabbit.RabbitListenerEndpointContainer#2-1] INFO  com.eleicao.core.component.WebSocketCandidatoListener - Recebido lista de candidatos via RabbitMQ, enviando via WebSocket: 6 candidatos
2025-05-19 11:40:40.629 [org.springframework.amqp.rabbit.RabbitListenerEndpointContainer#2-1] INFO  com.eleicao.core.component.WebSocketCandidatoListener - Lista de candidatos enviada via WebSocket com sucesso
2025-05-19 11:40:41.067 [org.springframework.amqp.rabbit.RabbitListenerEndpointContainer#1-1] INFO  com.eleicao.core.service.VotoService - Voto salvo: Voto{, type='eleicao-gp2', object='yago', valor=1, timestamp=2025-05-19T11:40:41.060085100}
2025-05-19 11:40:41.086 [org.springframework.amqp.rabbit.RabbitListenerEndpointContainer#1-1] INFO  com.eleicao.core.component.VotoListener - Voto processado e lista atualizada: VotoDTO{type='eleicao-gp2', object='48', valor=1, timestamp=2025-05-19T11:40:41.060085100}
2025-05-19 11:40:41.088 [org.springframework.amqp.rabbit.RabbitListenerEndpointContainer#2-1] INFO  com.eleicao.core.component.WebSocketCandidatoListener - Recebido lista de candidatos via RabbitMQ, enviando via WebSocket: 6 candidatos
2025-05-19 11:40:41.089 [org.springframework.amqp.rabbit.RabbitListenerEndpointContainer#2-1] INFO  com.eleicao.core.component.WebSocketCandidatoListener - Lista de candidatos enviada via WebSocket com sucesso
2025-05-19 11:40:43.022 [org.springframework.amqp.rabbit.RabbitListenerEndpointContainer#1-1] INFO  com.eleicao.core.service.VotoService - Voto salvo: Voto{, type='eleicao-gp2', object='yago', valor=1, timestamp=2025-05-19T11:40:43.015612100}
2025-05-19 11:40:43.043 [org.springframework.amqp.rabbit.RabbitListenerEndpointContainer#1-1] INFO  com.eleicao.core.component.VotoListener - Voto processado e lista atualizada: VotoDTO{type='eleicao-gp2', object='48', valor=1, timestamp=2025-05-19T11:40:43.015612100}
2025-05-19 11:40:43.045 [org.springframework.amqp.rabbit.RabbitListenerEndpointContainer#2-1] INFO  com.eleicao.core.component.WebSocketCandidatoListener - Recebido lista de candidatos via RabbitMQ, enviando via WebSocket: 6 candidatos
2025-05-19 11:40:43.047 [org.springframework.amqp.rabbit.RabbitListenerEndpointContainer#2-1] INFO  com.eleicao.core.component.WebSocketCandidatoListener - Lista de candidatos enviada via WebSocket com sucesso
2025-05-19 11:40:43.184 [org.springframework.amqp.rabbit.RabbitListenerEndpointContainer#1-1] INFO  com.eleicao.core.service.VotoService - Voto salvo: Voto{, type='eleicao-gp2', object='yago', valor=1, timestamp=2025-05-19T11:40:43.178216200}
2025-05-19 11:40:43.203 [org.springframework.amqp.rabbit.RabbitListenerEndpointContainer#1-1] INFO  com.eleicao.core.component.VotoListener - Voto processado e lista atualizada: VotoDTO{type='eleicao-gp2', object='48', valor=1, timestamp=2025-05-19T11:40:43.178216200}
2025-05-19 11:40:43.204 [org.springframework.amqp.rabbit.RabbitListenerEndpointContainer#2-1] INFO  com.eleicao.core.component.WebSocketCandidatoListener - Recebido lista de candidatos via RabbitMQ, enviando via WebSocket: 6 candidatos
2025-05-19 11:40:43.206 [org.springframework.amqp.rabbit.RabbitListenerEndpointContainer#2-1] INFO  com.eleicao.core.component.WebSocketCandidatoListener - Lista de candidatos enviada via WebSocket com sucesso
2025-05-19 11:40:43.344 [org.springframework.amqp.rabbit.RabbitListenerEndpointContainer#1-1] INFO  com.eleicao.core.service.VotoService - Voto salvo: Voto{, type='eleicao-gp2', object='yago', valor=1, timestamp=2025-05-19T11:40:43.336429300}
2025-05-19 11:40:43.362 [org.springframework.amqp.rabbit.RabbitListenerEndpointContainer#1-1] INFO  com.eleicao.core.component.VotoListener - Voto processado e lista atualizada: VotoDTO{type='eleicao-gp2', object='48', valor=1, timestamp=2025-05-19T11:40:43.336429300}
2025-05-19 11:40:43.364 [org.springframework.amqp.rabbit.RabbitListenerEndpointContainer#2-1] INFO  com.eleicao.core.component.WebSocketCandidatoListener - Recebido lista de candidatos via RabbitMQ, enviando via WebSocket: 6 candidatos
2025-05-19 11:40:43.365 [org.springframework.amqp.rabbit.RabbitListenerEndpointContainer#2-1] INFO  com.eleicao.core.component.WebSocketCandidatoListener - Lista de candidatos enviada via WebSocket com sucesso
2025-05-19 11:40:43.505 [org.springframework.amqp.rabbit.RabbitListenerEndpointContainer#1-1] INFO  com.eleicao.core.service.VotoService - Voto salvo: Voto{, type='eleicao-gp2', object='yago', valor=1, timestamp=2025-05-19T11:40:43.500349300}
2025-05-19 11:40:43.521 [org.springframework.amqp.rabbit.RabbitListenerEndpointContainer#1-1] INFO  com.eleicao.core.component.VotoListener - Voto processado e lista atualizada: VotoDTO{type='eleicao-gp2', object='48', valor=1, timestamp=2025-05-19T11:40:43.500349300}
2025-05-19 11:40:43.523 [org.springframework.amqp.rabbit.RabbitListenerEndpointContainer#2-1] INFO  com.eleicao.core.component.WebSocketCandidatoListener - Recebido lista de candidatos via RabbitMQ, enviando via WebSocket: 6 candidatos
2025-05-19 11:40:43.523 [org.springframework.amqp.rabbit.RabbitListenerEndpointContainer#2-1] INFO  com.eleicao.core.component.WebSocketCandidatoListener - Lista de candidatos enviada via WebSocket com sucesso
2025-05-19 11:40:43.668 [org.springframework.amqp.rabbit.RabbitListenerEndpointContainer#1-1] INFO  com.eleicao.core.service.VotoService - Voto salvo: Voto{, type='eleicao-gp2', object='yago', valor=1, timestamp=2025-05-19T11:40:43.662842500}
2025-05-19 11:40:43.688 [org.springframework.amqp.rabbit.RabbitListenerEndpointContainer#1-1] INFO  com.eleicao.core.component.VotoListener - Voto processado e lista atualizada: VotoDTO{type='eleicao-gp2', object='48', valor=1, timestamp=2025-05-19T11:40:43.662842500}
2025-05-19 11:40:43.690 [org.springframework.amqp.rabbit.RabbitListenerEndpointContainer#2-1] INFO  com.eleicao.core.component.WebSocketCandidatoListener - Recebido lista de candidatos via RabbitMQ, enviando via WebSocket: 6 candidatos
2025-05-19 11:40:43.691 [org.springframework.amqp.rabbit.RabbitListenerEndpointContainer#2-1] INFO  com.eleicao.core.component.WebSocketCandidatoListener - Lista de candidatos enviada via WebSocket com sucesso
2025-05-19 11:40:43.846 [org.springframework.amqp.rabbit.RabbitListenerEndpointContainer#1-1] INFO  com.eleicao.core.service.VotoService - Voto salvo: Voto{, type='eleicao-gp2', object='yago', valor=1, timestamp=2025-05-19T11:40:43.840426900}
2025-05-19 11:40:43.868 [org.springframework.amqp.rabbit.RabbitListenerEndpointContainer#1-1] INFO  com.eleicao.core.component.VotoListener - Voto processado e lista atualizada: VotoDTO{type='eleicao-gp2', object='48', valor=1, timestamp=2025-05-19T11:40:43.840426900}
2025-05-19 11:40:43.870 [org.springframework.amqp.rabbit.RabbitListenerEndpointContainer#2-1] INFO  com.eleicao.core.component.WebSocketCandidatoListener - Recebido lista de candidatos via RabbitMQ, enviando via WebSocket: 6 candidatos
2025-05-19 11:40:43.871 [org.springframework.amqp.rabbit.RabbitListenerEndpointContainer#2-1] INFO  com.eleicao.core.component.WebSocketCandidatoListener - Lista de candidatos enviada via WebSocket com sucesso
2025-05-19 11:40:43.998 [org.springframework.amqp.rabbit.RabbitListenerEndpointContainer#1-1] INFO  com.eleicao.core.service.VotoService - Voto salvo: Voto{, type='eleicao-gp2', object='yago', valor=1, timestamp=2025-05-19T11:40:43.990981700}
2025-05-19 11:40:44.013 [org.springframework.amqp.rabbit.RabbitListenerEndpointContainer#1-1] INFO  com.eleicao.core.component.VotoListener - Voto processado e lista atualizada: VotoDTO{type='eleicao-gp2', object='48', valor=1, timestamp=2025-05-19T11:40:43.990981700}
2025-05-19 11:40:44.015 [org.springframework.amqp.rabbit.RabbitListenerEndpointContainer#2-1] INFO  com.eleicao.core.component.WebSocketCandidatoListener - Recebido lista de candidatos via RabbitMQ, enviando via WebSocket: 6 candidatos
2025-05-19 11:40:44.016 [org.springframework.amqp.rabbit.RabbitListenerEndpointContainer#2-1] INFO  com.eleicao.core.component.WebSocketCandidatoListener - Lista de candidatos enviada via WebSocket com sucesso
2025-05-19 11:40:44.167 [org.springframework.amqp.rabbit.RabbitListenerEndpointContainer#1-1] INFO  com.eleicao.core.service.VotoService - Voto salvo: Voto{, type='eleicao-gp2', object='yago', valor=1, timestamp=2025-05-19T11:40:44.160730200}
2025-05-19 11:40:44.186 [org.springframework.amqp.rabbit.RabbitListenerEndpointContainer#1-1] INFO  com.eleicao.core.component.VotoListener - Voto processado e lista atualizada: VotoDTO{type='eleicao-gp2', object='48', valor=1, timestamp=2025-05-19T11:40:44.160730200}
2025-05-19 11:40:44.189 [org.springframework.amqp.rabbit.RabbitListenerEndpointContainer#2-1] INFO  com.eleicao.core.component.WebSocketCandidatoListener - Recebido lista de candidatos via RabbitMQ, enviando via WebSocket: 6 candidatos
2025-05-19 11:40:44.190 [org.springframework.amqp.rabbit.RabbitListenerEndpointContainer#2-1] INFO  com.eleicao.core.component.WebSocketCandidatoListener - Lista de candidatos enviada via WebSocket com sucesso
2025-05-19 11:40:44.342 [org.springframework.amqp.rabbit.RabbitListenerEndpointContainer#1-1] INFO  com.eleicao.core.service.VotoService - Voto salvo: Voto{, type='eleicao-gp2', object='yago', valor=1, timestamp=2025-05-19T11:40:44.333849400}
2025-05-19 11:40:44.361 [org.springframework.amqp.rabbit.RabbitListenerEndpointContainer#1-1] INFO  com.eleicao.core.component.VotoListener - Voto processado e lista atualizada: VotoDTO{type='eleicao-gp2', object='48', valor=1, timestamp=2025-05-19T11:40:44.333849400}
2025-05-19 11:40:44.363 [org.springframework.amqp.rabbit.RabbitListenerEndpointContainer#2-1] INFO  com.eleicao.core.component.WebSocketCandidatoListener - Recebido lista de candidatos via RabbitMQ, enviando via WebSocket: 6 candidatos
2025-05-19 11:40:44.366 [org.springframework.amqp.rabbit.RabbitListenerEndpointContainer#2-1] INFO  com.eleicao.core.component.WebSocketCandidatoListener - Lista de candidatos enviada via WebSocket com sucesso
2025-05-19 11:40:44.518 [org.springframework.amqp.rabbit.RabbitListenerEndpointContainer#1-1] INFO  com.eleicao.core.service.VotoService - Voto salvo: Voto{, type='eleicao-gp2', object='yago', valor=1, timestamp=2025-05-19T11:40:44.504788100}
2025-05-19 11:40:44.533 [org.springframework.amqp.rabbit.RabbitListenerEndpointContainer#1-1] INFO  com.eleicao.core.component.VotoListener - Voto processado e lista atualizada: VotoDTO{type='eleicao-gp2', object='48', valor=1, timestamp=2025-05-19T11:40:44.504788100}
2025-05-19 11:40:44.536 [org.springframework.amqp.rabbit.RabbitListenerEndpointContainer#2-1] INFO  com.eleicao.core.component.WebSocketCandidatoListener - Recebido lista de candidatos via RabbitMQ, enviando via WebSocket: 6 candidatos
2025-05-19 11:40:44.536 [org.springframework.amqp.rabbit.RabbitListenerEndpointContainer#2-1] INFO  com.eleicao.core.component.WebSocketCandidatoListener - Lista de candidatos enviada via WebSocket com sucesso
2025-05-19 11:40:44.697 [org.springframework.amqp.rabbit.RabbitListenerEndpointContainer#1-1] INFO  com.eleicao.core.service.VotoService - Voto salvo: Voto{, type='eleicao-gp2', object='yago', valor=1, timestamp=2025-05-19T11:40:44.691067800}
2025-05-19 11:40:44.714 [org.springframework.amqp.rabbit.RabbitListenerEndpointContainer#1-1] INFO  com.eleicao.core.component.VotoListener - Voto processado e lista atualizada: VotoDTO{type='eleicao-gp2', object='48', valor=1, timestamp=2025-05-19T11:40:44.691067800}
2025-05-19 11:40:44.717 [org.springframework.amqp.rabbit.RabbitListenerEndpointContainer#2-1] INFO  com.eleicao.core.component.WebSocketCandidatoListener - Recebido lista de candidatos via RabbitMQ, enviando via WebSocket: 6 candidatos
2025-05-19 11:40:44.718 [org.springframework.amqp.rabbit.RabbitListenerEndpointContainer#2-1] INFO  com.eleicao.core.component.WebSocketCandidatoListener - Lista de candidatos enviada via WebSocket com sucesso
2025-05-19 11:40:44.865 [org.springframework.amqp.rabbit.RabbitListenerEndpointContainer#1-1] INFO  com.eleicao.core.service.VotoService - Voto salvo: Voto{, type='eleicao-gp2', object='yago', valor=1, timestamp=2025-05-19T11:40:44.858438400}
2025-05-19 11:40:44.879 [org.springframework.amqp.rabbit.RabbitListenerEndpointContainer#1-1] INFO  com.eleicao.core.component.VotoListener - Voto processado e lista atualizada: VotoDTO{type='eleicao-gp2', object='48', valor=1, timestamp=2025-05-19T11:40:44.858438400}
2025-05-19 11:40:44.882 [org.springframework.amqp.rabbit.RabbitListenerEndpointContainer#2-1] INFO  com.eleicao.core.component.WebSocketCandidatoListener - Recebido lista de candidatos via RabbitMQ, enviando via WebSocket: 6 candidatos
2025-05-19 11:40:44.883 [org.springframework.amqp.rabbit.RabbitListenerEndpointContainer#2-1] INFO  com.eleicao.core.component.WebSocketCandidatoListener - Lista de candidatos enviada via WebSocket com sucesso
2025-05-19 11:40:45.039 [org.springframework.amqp.rabbit.RabbitListenerEndpointContainer#1-1] INFO  com.eleicao.core.service.VotoService - Voto salvo: Voto{, type='eleicao-gp2', object='yago', valor=1, timestamp=2025-05-19T11:40:45.032197100}
2025-05-19 11:40:45.057 [org.springframework.amqp.rabbit.RabbitListenerEndpointContainer#1-1] INFO  com.eleicao.core.component.VotoListener - Voto processado e lista atualizada: VotoDTO{type='eleicao-gp2', object='48', valor=1, timestamp=2025-05-19T11:40:45.032197100}
2025-05-19 11:40:45.059 [org.springframework.amqp.rabbit.RabbitListenerEndpointContainer#2-1] INFO  com.eleicao.core.component.WebSocketCandidatoListener - Recebido lista de candidatos via RabbitMQ, enviando via WebSocket: 6 candidatos
2025-05-19 11:40:45.060 [org.springframework.amqp.rabbit.RabbitListenerEndpointContainer#2-1] INFO  com.eleicao.core.component.WebSocketCandidatoListener - Lista de candidatos enviada via WebSocket com sucesso
2025-05-19 11:40:45.213 [org.springframework.amqp.rabbit.RabbitListenerEndpointContainer#1-1] INFO  com.eleicao.core.service.VotoService - Voto salvo: Voto{, type='eleicao-gp2', object='yago', valor=1, timestamp=2025-05-19T11:40:45.207746400}
2025-05-19 11:40:45.231 [org.springframework.amqp.rabbit.RabbitListenerEndpointContainer#1-1] INFO  com.eleicao.core.component.VotoListener - Voto processado e lista atualizada: VotoDTO{type='eleicao-gp2', object='48', valor=1, timestamp=2025-05-19T11:40:45.207746400}
2025-05-19 11:40:45.232 [org.springframework.amqp.rabbit.RabbitListenerEndpointContainer#2-1] INFO  com.eleicao.core.component.WebSocketCandidatoListener - Recebido lista de candidatos via RabbitMQ, enviando via WebSocket: 6 candidatos
2025-05-19 11:40:45.235 [org.springframework.amqp.rabbit.RabbitListenerEndpointContainer#2-1] INFO  com.eleicao.core.component.WebSocketCandidatoListener - Lista de candidatos enviada via WebSocket com sucesso
2025-05-19 11:40:45.381 [org.springframework.amqp.rabbit.RabbitListenerEndpointContainer#1-1] INFO  com.eleicao.core.service.VotoService - Voto salvo: Voto{, type='eleicao-gp2', object='yago', valor=1, timestamp=2025-05-19T11:40:45.375537800}
2025-05-19 11:40:45.399 [org.springframework.amqp.rabbit.RabbitListenerEndpointContainer#1-1] INFO  com.eleicao.core.component.VotoListener - Voto processado e lista atualizada: VotoDTO{type='eleicao-gp2', object='48', valor=1, timestamp=2025-05-19T11:40:45.375537800}
2025-05-19 11:40:45.401 [org.springframework.amqp.rabbit.RabbitListenerEndpointContainer#2-1] INFO  com.eleicao.core.component.WebSocketCandidatoListener - Recebido lista de candidatos via RabbitMQ, enviando via WebSocket: 6 candidatos
2025-05-19 11:40:45.402 [org.springframework.amqp.rabbit.RabbitListenerEndpointContainer#2-1] INFO  com.eleicao.core.component.WebSocketCandidatoListener - Lista de candidatos enviada via WebSocket com sucesso
2025-05-19 11:40:45.554 [org.springframework.amqp.rabbit.RabbitListenerEndpointContainer#1-1] INFO  com.eleicao.core.service.VotoService - Voto salvo: Voto{, type='eleicao-gp2', object='yago', valor=1, timestamp=2025-05-19T11:40:45.548874}
2025-05-19 11:40:45.572 [org.springframework.amqp.rabbit.RabbitListenerEndpointContainer#1-1] INFO  com.eleicao.core.component.VotoListener - Voto processado e lista atualizada: VotoDTO{type='eleicao-gp2', object='48', valor=1, timestamp=2025-05-19T11:40:45.548874}
2025-05-19 11:40:45.574 [org.springframework.amqp.rabbit.RabbitListenerEndpointContainer#2-1] INFO  com.eleicao.core.component.WebSocketCandidatoListener - Recebido lista de candidatos via RabbitMQ, enviando via WebSocket: 6 candidatos
2025-05-19 11:40:45.575 [org.springframework.amqp.rabbit.RabbitListenerEndpointContainer#2-1] INFO  com.eleicao.core.component.WebSocketCandidatoListener - Lista de candidatos enviada via WebSocket com sucesso
2025-05-19 11:40:45.727 [org.springframework.amqp.rabbit.RabbitListenerEndpointContainer#1-1] INFO  com.eleicao.core.service.VotoService - Voto salvo: Voto{, type='eleicao-gp2', object='yago', valor=1, timestamp=2025-05-19T11:40:45.721870}
2025-05-19 11:40:45.742 [org.springframework.amqp.rabbit.RabbitListenerEndpointContainer#1-1] INFO  com.eleicao.core.component.VotoListener - Voto processado e lista atualizada: VotoDTO{type='eleicao-gp2', object='48', valor=1, timestamp=2025-05-19T11:40:45.721870}
2025-05-19 11:40:45.743 [org.springframework.amqp.rabbit.RabbitListenerEndpointContainer#2-1] INFO  com.eleicao.core.component.WebSocketCandidatoListener - Recebido lista de candidatos via RabbitMQ, enviando via WebSocket: 6 candidatos
2025-05-19 11:40:45.746 [org.springframework.amqp.rabbit.RabbitListenerEndpointContainer#2-1] INFO  com.eleicao.core.component.WebSocketCandidatoListener - Lista de candidatos enviada via WebSocket com sucesso
2025-05-19 11:40:45.886 [org.springframework.amqp.rabbit.RabbitListenerEndpointContainer#1-1] INFO  com.eleicao.core.service.VotoService - Voto salvo: Voto{, type='eleicao-gp2', object='yago', valor=1, timestamp=2025-05-19T11:40:45.880913}
2025-05-19 11:40:45.901 [org.springframework.amqp.rabbit.RabbitListenerEndpointContainer#1-1] INFO  com.eleicao.core.component.VotoListener - Voto processado e lista atualizada: VotoDTO{type='eleicao-gp2', object='48', valor=1, timestamp=2025-05-19T11:40:45.880913}
2025-05-19 11:40:45.903 [org.springframework.amqp.rabbit.RabbitListenerEndpointContainer#2-1] INFO  com.eleicao.core.component.WebSocketCandidatoListener - Recebido lista de candidatos via RabbitMQ, enviando via WebSocket: 6 candidatos
2025-05-19 11:40:45.904 [org.springframework.amqp.rabbit.RabbitListenerEndpointContainer#2-1] INFO  com.eleicao.core.component.WebSocketCandidatoListener - Lista de candidatos enviada via WebSocket com sucesso
2025-05-19 11:40:46.060 [org.springframework.amqp.rabbit.RabbitListenerEndpointContainer#1-1] INFO  com.eleicao.core.service.VotoService - Voto salvo: Voto{, type='eleicao-gp2', object='yago', valor=1, timestamp=2025-05-19T11:40:46.054881500}
2025-05-19 11:40:46.076 [org.springframework.amqp.rabbit.RabbitListenerEndpointContainer#1-1] INFO  com.eleicao.core.component.VotoListener - Voto processado e lista atualizada: VotoDTO{type='eleicao-gp2', object='48', valor=1, timestamp=2025-05-19T11:40:46.054881500}
2025-05-19 11:40:46.078 [org.springframework.amqp.rabbit.RabbitListenerEndpointContainer#2-1] INFO  com.eleicao.core.component.WebSocketCandidatoListener - Recebido lista de candidatos via RabbitMQ, enviando via WebSocket: 6 candidatos
2025-05-19 11:40:46.080 [org.springframework.amqp.rabbit.RabbitListenerEndpointContainer#2-1] INFO  com.eleicao.core.component.WebSocketCandidatoListener - Lista de candidatos enviada via WebSocket com sucesso
2025-05-19 11:40:46.235 [org.springframework.amqp.rabbit.RabbitListenerEndpointContainer#1-1] INFO  com.eleicao.core.service.VotoService - Voto salvo: Voto{, type='eleicao-gp2', object='yago', valor=1, timestamp=2025-05-19T11:40:46.229424800}
2025-05-19 11:40:46.256 [org.springframework.amqp.rabbit.RabbitListenerEndpointContainer#1-1] INFO  com.eleicao.core.component.VotoListener - Voto processado e lista atualizada: VotoDTO{type='eleicao-gp2', object='48', valor=1, timestamp=2025-05-19T11:40:46.229424800}
2025-05-19 11:40:46.258 [org.springframework.amqp.rabbit.RabbitListenerEndpointContainer#2-1] INFO  com.eleicao.core.component.WebSocketCandidatoListener - Recebido lista de candidatos via RabbitMQ, enviando via WebSocket: 6 candidatos
2025-05-19 11:40:46.259 [org.springframework.amqp.rabbit.RabbitListenerEndpointContainer#2-1] INFO  com.eleicao.core.component.WebSocketCandidatoListener - Lista de candidatos enviada via WebSocket com sucesso
2025-05-19 11:40:46.420 [org.springframework.amqp.rabbit.RabbitListenerEndpointContainer#1-1] INFO  com.eleicao.core.service.VotoService - Voto salvo: Voto{, type='eleicao-gp2', object='yago', valor=1, timestamp=2025-05-19T11:40:46.410754600}
2025-05-19 11:40:46.438 [org.springframework.amqp.rabbit.RabbitListenerEndpointContainer#1-1] INFO  com.eleicao.core.component.VotoListener - Voto processado e lista atualizada: VotoDTO{type='eleicao-gp2', object='48', valor=1, timestamp=2025-05-19T11:40:46.410754600}
2025-05-19 11:40:46.440 [org.springframework.amqp.rabbit.RabbitListenerEndpointContainer#2-1] INFO  com.eleicao.core.component.WebSocketCandidatoListener - Recebido lista de candidatos via RabbitMQ, enviando via WebSocket: 6 candidatos
2025-05-19 11:40:46.441 [org.springframework.amqp.rabbit.RabbitListenerEndpointContainer#2-1] INFO  com.eleicao.core.component.WebSocketCandidatoListener - Lista de candidatos enviada via WebSocket com sucesso
2025-05-19 11:40:46.602 [org.springframework.amqp.rabbit.RabbitListenerEndpointContainer#1-1] INFO  com.eleicao.core.service.VotoService - Voto salvo: Voto{, type='eleicao-gp2', object='yago', valor=1, timestamp=2025-05-19T11:40:46.595341700}
2025-05-19 11:40:46.618 [org.springframework.amqp.rabbit.RabbitListenerEndpointContainer#1-1] INFO  com.eleicao.core.component.VotoListener - Voto processado e lista atualizada: VotoDTO{type='eleicao-gp2', object='48', valor=1, timestamp=2025-05-19T11:40:46.595341700}
2025-05-19 11:40:46.621 [org.springframework.amqp.rabbit.RabbitListenerEndpointContainer#2-1] INFO  com.eleicao.core.component.WebSocketCandidatoListener - Recebido lista de candidatos via RabbitMQ, enviando via WebSocket: 6 candidatos
2025-05-19 11:40:46.622 [org.springframework.amqp.rabbit.RabbitListenerEndpointContainer#2-1] INFO  com.eleicao.core.component.WebSocketCandidatoListener - Lista de candidatos enviada via WebSocket com sucesso
2025-05-19 11:40:46.771 [org.springframework.amqp.rabbit.RabbitListenerEndpointContainer#1-1] INFO  com.eleicao.core.service.VotoService - Voto salvo: Voto{, type='eleicao-gp2', object='yago', valor=1, timestamp=2025-05-19T11:40:46.764831500}
2025-05-19 11:40:46.786 [org.springframework.amqp.rabbit.RabbitListenerEndpointContainer#1-1] INFO  com.eleicao.core.component.VotoListener - Voto processado e lista atualizada: VotoDTO{type='eleicao-gp2', object='48', valor=1, timestamp=2025-05-19T11:40:46.764831500}
2025-05-19 11:40:46.788 [org.springframework.amqp.rabbit.RabbitListenerEndpointContainer#2-1] INFO  com.eleicao.core.component.WebSocketCandidatoListener - Recebido lista de candidatos via RabbitMQ, enviando via WebSocket: 6 candidatos
2025-05-19 11:40:46.789 [org.springframework.amqp.rabbit.RabbitListenerEndpointContainer#2-1] INFO  com.eleicao.core.component.WebSocketCandidatoListener - Lista de candidatos enviada via WebSocket com sucesso
2025-05-19 11:40:46.925 [org.springframework.amqp.rabbit.RabbitListenerEndpointContainer#1-1] INFO  com.eleicao.core.service.VotoService - Voto salvo: Voto{, type='eleicao-gp2', object='yago', valor=1, timestamp=2025-05-19T11:40:46.917712500}
2025-05-19 11:40:46.943 [org.springframework.amqp.rabbit.RabbitListenerEndpointContainer#1-1] INFO  com.eleicao.core.component.VotoListener - Voto processado e lista atualizada: VotoDTO{type='eleicao-gp2', object='48', valor=1, timestamp=2025-05-19T11:40:46.917712500}
2025-05-19 11:40:46.947 [org.springframework.amqp.rabbit.RabbitListenerEndpointContainer#2-1] INFO  com.eleicao.core.component.WebSocketCandidatoListener - Recebido lista de candidatos via RabbitMQ, enviando via WebSocket: 6 candidatos
2025-05-19 11:40:46.947 [org.springframework.amqp.rabbit.RabbitListenerEndpointContainer#2-1] INFO  com.eleicao.core.component.WebSocketCandidatoListener - Lista de candidatos enviada via WebSocket com sucesso
2025-05-19 11:40:48.421 [org.springframework.amqp.rabbit.RabbitListenerEndpointContainer#1-1] INFO  com.eleicao.core.service.VotoService - Voto salvo: Voto{, type='eleicao-gp2', object='teste foto', valor=1, timestamp=2025-05-19T11:40:48.413647800}
2025-05-19 11:40:48.439 [org.springframework.amqp.rabbit.RabbitListenerEndpointContainer#1-1] INFO  com.eleicao.core.component.VotoListener - Voto processado e lista atualizada: VotoDTO{type='eleicao-gp2', object='12', valor=1, timestamp=2025-05-19T11:40:48.413647800}
2025-05-19 11:40:48.441 [org.springframework.amqp.rabbit.RabbitListenerEndpointContainer#2-1] INFO  com.eleicao.core.component.WebSocketCandidatoListener - Recebido lista de candidatos via RabbitMQ, enviando via WebSocket: 6 candidatos
2025-05-19 11:40:48.442 [org.springframework.amqp.rabbit.RabbitListenerEndpointContainer#2-1] INFO  com.eleicao.core.component.WebSocketCandidatoListener - Lista de candidatos enviada via WebSocket com sucesso
2025-05-19 11:40:48.576 [org.springframework.amqp.rabbit.RabbitListenerEndpointContainer#1-1] INFO  com.eleicao.core.service.VotoService - Voto salvo: Voto{, type='eleicao-gp2', object='teste foto', valor=1, timestamp=2025-05-19T11:40:48.568880200}
2025-05-19 11:40:48.592 [org.springframework.amqp.rabbit.RabbitListenerEndpointContainer#1-1] INFO  com.eleicao.core.component.VotoListener - Voto processado e lista atualizada: VotoDTO{type='eleicao-gp2', object='12', valor=1, timestamp=2025-05-19T11:40:48.568880200}
2025-05-19 11:40:48.595 [org.springframework.amqp.rabbit.RabbitListenerEndpointContainer#2-1] INFO  com.eleicao.core.component.WebSocketCandidatoListener - Recebido lista de candidatos via RabbitMQ, enviando via WebSocket: 6 candidatos
2025-05-19 11:40:48.596 [org.springframework.amqp.rabbit.RabbitListenerEndpointContainer#2-1] INFO  com.eleicao.core.component.WebSocketCandidatoListener - Lista de candidatos enviada via WebSocket com sucesso
2025-05-19 11:40:48.738 [org.springframework.amqp.rabbit.RabbitListenerEndpointContainer#1-1] INFO  com.eleicao.core.service.VotoService - Voto salvo: Voto{, type='eleicao-gp2', object='teste foto', valor=1, timestamp=2025-05-19T11:40:48.733071900}
2025-05-19 11:40:48.755 [org.springframework.amqp.rabbit.RabbitListenerEndpointContainer#1-1] INFO  com.eleicao.core.component.VotoListener - Voto processado e lista atualizada: VotoDTO{type='eleicao-gp2', object='12', valor=1, timestamp=2025-05-19T11:40:48.733071900}
2025-05-19 11:40:48.756 [org.springframework.amqp.rabbit.RabbitListenerEndpointContainer#2-1] INFO  com.eleicao.core.component.WebSocketCandidatoListener - Recebido lista de candidatos via RabbitMQ, enviando via WebSocket: 6 candidatos
2025-05-19 11:40:48.757 [org.springframework.amqp.rabbit.RabbitListenerEndpointContainer#2-1] INFO  com.eleicao.core.component.WebSocketCandidatoListener - Lista de candidatos enviada via WebSocket com sucesso
2025-05-19 11:40:49.510 [org.springframework.amqp.rabbit.RabbitListenerEndpointContainer#1-1] INFO  com.eleicao.core.service.VotoService - Voto salvo: Voto{, type='eleicao-gp2', object='outro candidato', valor=1, timestamp=2025-05-19T11:40:49.502629100}
2025-05-19 11:40:49.528 [org.springframework.amqp.rabbit.RabbitListenerEndpointContainer#1-1] INFO  com.eleicao.core.component.VotoListener - Voto processado e lista atualizada: VotoDTO{type='eleicao-gp2', object='15', valor=1, timestamp=2025-05-19T11:40:49.502629100}
2025-05-19 11:40:49.529 [org.springframework.amqp.rabbit.RabbitListenerEndpointContainer#2-1] INFO  com.eleicao.core.component.WebSocketCandidatoListener - Recebido lista de candidatos via RabbitMQ, enviando via WebSocket: 6 candidatos
2025-05-19 11:40:49.530 [org.springframework.amqp.rabbit.RabbitListenerEndpointContainer#2-1] INFO  com.eleicao.core.component.WebSocketCandidatoListener - Lista de candidatos enviada via WebSocket com sucesso
2025-05-19 11:40:49.662 [org.springframework.amqp.rabbit.RabbitListenerEndpointContainer#1-1] INFO  com.eleicao.core.service.VotoService - Voto salvo: Voto{, type='eleicao-gp2', object='outro candidato', valor=1, timestamp=2025-05-19T11:40:49.655436900}
2025-05-19 11:40:49.681 [org.springframework.amqp.rabbit.RabbitListenerEndpointContainer#1-1] INFO  com.eleicao.core.component.VotoListener - Voto processado e lista atualizada: VotoDTO{type='eleicao-gp2', object='15', valor=1, timestamp=2025-05-19T11:40:49.655436900}
2025-05-19 11:40:49.683 [org.springframework.amqp.rabbit.RabbitListenerEndpointContainer#2-1] INFO  com.eleicao.core.component.WebSocketCandidatoListener - Recebido lista de candidatos via RabbitMQ, enviando via WebSocket: 6 candidatos
2025-05-19 11:40:49.684 [org.springframework.amqp.rabbit.RabbitListenerEndpointContainer#2-1] INFO  com.eleicao.core.component.WebSocketCandidatoListener - Lista de candidatos enviada via WebSocket com sucesso
2025-05-19 11:40:49.831 [org.springframework.amqp.rabbit.RabbitListenerEndpointContainer#1-1] INFO  com.eleicao.core.service.VotoService - Voto salvo: Voto{, type='eleicao-gp2', object='outro candidato', valor=1, timestamp=2025-05-19T11:40:49.825276700}
2025-05-19 11:40:49.849 [org.springframework.amqp.rabbit.RabbitListenerEndpointContainer#1-1] INFO  com.eleicao.core.component.VotoListener - Voto processado e lista atualizada: VotoDTO{type='eleicao-gp2', object='15', valor=1, timestamp=2025-05-19T11:40:49.825276700}
2025-05-19 11:40:49.852 [org.springframework.amqp.rabbit.RabbitListenerEndpointContainer#2-1] INFO  com.eleicao.core.component.WebSocketCandidatoListener - Recebido lista de candidatos via RabbitMQ, enviando via WebSocket: 6 candidatos
2025-05-19 11:40:49.853 [org.springframework.amqp.rabbit.RabbitListenerEndpointContainer#2-1] INFO  com.eleicao.core.component.WebSocketCandidatoListener - Lista de candidatos enviada via WebSocket com sucesso
2025-05-19 11:40:50.023 [org.springframework.amqp.rabbit.RabbitListenerEndpointContainer#1-1] INFO  com.eleicao.core.service.VotoService - Voto salvo: Voto{, type='eleicao-gp2', object='outro candidato', valor=1, timestamp=2025-05-19T11:40:50.016860100}
2025-05-19 11:40:50.041 [org.springframework.amqp.rabbit.RabbitListenerEndpointContainer#1-1] INFO  com.eleicao.core.component.VotoListener - Voto processado e lista atualizada: VotoDTO{type='eleicao-gp2', object='15', valor=1, timestamp=2025-05-19T11:40:50.016860100}
2025-05-19 11:40:50.043 [org.springframework.amqp.rabbit.RabbitListenerEndpointContainer#2-1] INFO  com.eleicao.core.component.WebSocketCandidatoListener - Recebido lista de candidatos via RabbitMQ, enviando via WebSocket: 6 candidatos
2025-05-19 11:40:50.044 [org.springframework.amqp.rabbit.RabbitListenerEndpointContainer#2-1] INFO  com.eleicao.core.component.WebSocketCandidatoListener - Lista de candidatos enviada via WebSocket com sucesso
2025-05-19 11:40:50.214 [org.springframework.amqp.rabbit.RabbitListenerEndpointContainer#1-1] INFO  com.eleicao.core.service.VotoService - Voto salvo: Voto{, type='eleicao-gp2', object='outro candidato', valor=1, timestamp=2025-05-19T11:40:50.206447100}
2025-05-19 11:40:50.234 [org.springframework.amqp.rabbit.RabbitListenerEndpointContainer#1-1] INFO  com.eleicao.core.component.VotoListener - Voto processado e lista atualizada: VotoDTO{type='eleicao-gp2', object='15', valor=1, timestamp=2025-05-19T11:40:50.206447100}
2025-05-19 11:40:50.236 [org.springframework.amqp.rabbit.RabbitListenerEndpointContainer#2-1] INFO  com.eleicao.core.component.WebSocketCandidatoListener - Recebido lista de candidatos via RabbitMQ, enviando via WebSocket: 6 candidatos
2025-05-19 11:40:50.237 [org.springframework.amqp.rabbit.RabbitListenerEndpointContainer#2-1] INFO  com.eleicao.core.component.WebSocketCandidatoListener - Lista de candidatos enviada via WebSocket com sucesso
2025-05-19 11:40:50.357 [org.springframework.amqp.rabbit.RabbitListenerEndpointContainer#1-1] INFO  com.eleicao.core.service.VotoService - Voto salvo: Voto{, type='eleicao-gp2', object='outro candidato', valor=1, timestamp=2025-05-19T11:40:50.347709200}
2025-05-19 11:40:50.376 [org.springframework.amqp.rabbit.RabbitListenerEndpointContainer#1-1] INFO  com.eleicao.core.component.VotoListener - Voto processado e lista atualizada: VotoDTO{type='eleicao-gp2', object='15', valor=1, timestamp=2025-05-19T11:40:50.347709200}
2025-05-19 11:40:50.379 [org.springframework.amqp.rabbit.RabbitListenerEndpointContainer#2-1] INFO  com.eleicao.core.component.WebSocketCandidatoListener - Recebido lista de candidatos via RabbitMQ, enviando via WebSocket: 6 candidatos
2025-05-19 11:40:50.380 [org.springframework.amqp.rabbit.RabbitListenerEndpointContainer#2-1] INFO  com.eleicao.core.component.WebSocketCandidatoListener - Lista de candidatos enviada via WebSocket com sucesso
2025-05-19 11:40:51.298 [org.springframework.amqp.rabbit.RabbitListenerEndpointContainer#1-1] INFO  com.eleicao.core.service.VotoService - Voto salvo: Voto{, type='eleicao-gp2', object='teste', valor=1, timestamp=2025-05-19T11:40:51.290762600}
2025-05-19 11:40:51.317 [org.springframework.amqp.rabbit.RabbitListenerEndpointContainer#1-1] INFO  com.eleicao.core.component.VotoListener - Voto processado e lista atualizada: VotoDTO{type='eleicao-gp2', object='9', valor=1, timestamp=2025-05-19T11:40:51.290762600}
2025-05-19 11:40:51.318 [org.springframework.amqp.rabbit.RabbitListenerEndpointContainer#2-1] INFO  com.eleicao.core.component.WebSocketCandidatoListener - Recebido lista de candidatos via RabbitMQ, enviando via WebSocket: 6 candidatos
2025-05-19 11:40:51.319 [org.springframework.amqp.rabbit.RabbitListenerEndpointContainer#2-1] INFO  com.eleicao.core.component.WebSocketCandidatoListener - Lista de candidatos enviada via WebSocket com sucesso
2025-05-19 11:40:51.453 [org.springframework.amqp.rabbit.RabbitListenerEndpointContainer#1-1] INFO  com.eleicao.core.service.VotoService - Voto salvo: Voto{, type='eleicao-gp2', object='teste', valor=1, timestamp=2025-05-19T11:40:51.447338700}
2025-05-19 11:40:51.470 [org.springframework.amqp.rabbit.RabbitListenerEndpointContainer#1-1] INFO  com.eleicao.core.component.VotoListener - Voto processado e lista atualizada: VotoDTO{type='eleicao-gp2', object='9', valor=1, timestamp=2025-05-19T11:40:51.447338700}
2025-05-19 11:40:51.472 [org.springframework.amqp.rabbit.RabbitListenerEndpointContainer#2-1] INFO  com.eleicao.core.component.WebSocketCandidatoListener - Recebido lista de candidatos via RabbitMQ, enviando via WebSocket: 6 candidatos
2025-05-19 11:40:51.473 [org.springframework.amqp.rabbit.RabbitListenerEndpointContainer#2-1] INFO  com.eleicao.core.component.WebSocketCandidatoListener - Lista de candidatos enviada via WebSocket com sucesso
2025-05-19 11:40:51.630 [org.springframework.amqp.rabbit.RabbitListenerEndpointContainer#1-1] INFO  com.eleicao.core.service.VotoService - Voto salvo: Voto{, type='eleicao-gp2', object='teste', valor=1, timestamp=2025-05-19T11:40:51.623904800}
2025-05-19 11:40:51.647 [org.springframework.amqp.rabbit.RabbitListenerEndpointContainer#1-1] INFO  com.eleicao.core.component.VotoListener - Voto processado e lista atualizada: VotoDTO{type='eleicao-gp2', object='9', valor=1, timestamp=2025-05-19T11:40:51.623904800}
2025-05-19 11:40:51.649 [org.springframework.amqp.rabbit.RabbitListenerEndpointContainer#2-1] INFO  com.eleicao.core.component.WebSocketCandidatoListener - Recebido lista de candidatos via RabbitMQ, enviando via WebSocket: 6 candidatos
2025-05-19 11:40:51.650 [org.springframework.amqp.rabbit.RabbitListenerEndpointContainer#2-1] INFO  com.eleicao.core.component.WebSocketCandidatoListener - Lista de candidatos enviada via WebSocket com sucesso
2025-05-19 11:40:51.809 [org.springframework.amqp.rabbit.RabbitListenerEndpointContainer#1-1] INFO  com.eleicao.core.service.VotoService - Voto salvo: Voto{, type='eleicao-gp2', object='teste', valor=1, timestamp=2025-05-19T11:40:51.802093300}
2025-05-19 11:40:51.824 [org.springframework.amqp.rabbit.RabbitListenerEndpointContainer#1-1] INFO  com.eleicao.core.component.VotoListener - Voto processado e lista atualizada: VotoDTO{type='eleicao-gp2', object='9', valor=1, timestamp=2025-05-19T11:40:51.802093300}
2025-05-19 11:40:51.826 [org.springframework.amqp.rabbit.RabbitListenerEndpointContainer#2-1] INFO  com.eleicao.core.component.WebSocketCandidatoListener - Recebido lista de candidatos via RabbitMQ, enviando via WebSocket: 6 candidatos
2025-05-19 11:40:51.828 [org.springframework.amqp.rabbit.RabbitListenerEndpointContainer#2-1] INFO  com.eleicao.core.component.WebSocketCandidatoListener - Lista de candidatos enviada via WebSocket com sucesso
2025-05-19 11:40:51.967 [org.springframework.amqp.rabbit.RabbitListenerEndpointContainer#1-1] INFO  com.eleicao.core.service.VotoService - Voto salvo: Voto{, type='eleicao-gp2', object='teste', valor=1, timestamp=2025-05-19T11:40:51.962433200}
2025-05-19 11:40:51.983 [org.springframework.amqp.rabbit.RabbitListenerEndpointContainer#1-1] INFO  com.eleicao.core.component.VotoListener - Voto processado e lista atualizada: VotoDTO{type='eleicao-gp2', object='9', valor=1, timestamp=2025-05-19T11:40:51.962433200}
2025-05-19 11:40:51.985 [org.springframework.amqp.rabbit.RabbitListenerEndpointContainer#2-1] INFO  com.eleicao.core.component.WebSocketCandidatoListener - Recebido lista de candidatos via RabbitMQ, enviando via WebSocket: 6 candidatos
2025-05-19 11:40:51.986 [org.springframework.amqp.rabbit.RabbitListenerEndpointContainer#2-1] INFO  com.eleicao.core.component.WebSocketCandidatoListener - Lista de candidatos enviada via WebSocket com sucesso
2025-05-19 11:40:52.124 [org.springframework.amqp.rabbit.RabbitListenerEndpointContainer#1-1] INFO  com.eleicao.core.service.VotoService - Voto salvo: Voto{, type='eleicao-gp2', object='teste', valor=1, timestamp=2025-05-19T11:40:52.119067}
2025-05-19 11:40:52.142 [org.springframework.amqp.rabbit.RabbitListenerEndpointContainer#1-1] INFO  com.eleicao.core.component.VotoListener - Voto processado e lista atualizada: VotoDTO{type='eleicao-gp2', object='9', valor=1, timestamp=2025-05-19T11:40:52.119067}
2025-05-19 11:40:52.147 [org.springframework.amqp.rabbit.RabbitListenerEndpointContainer#2-1] INFO  com.eleicao.core.component.WebSocketCandidatoListener - Recebido lista de candidatos via RabbitMQ, enviando via WebSocket: 6 candidatos
2025-05-19 11:40:52.149 [org.springframework.amqp.rabbit.RabbitListenerEndpointContainer#2-1] INFO  com.eleicao.core.component.WebSocketCandidatoListener - Lista de candidatos enviada via WebSocket com sucesso
2025-05-19 11:40:52.313 [org.springframework.amqp.rabbit.RabbitListenerEndpointContainer#1-1] INFO  com.eleicao.core.service.VotoService - Voto salvo: Voto{, type='eleicao-gp2', object='teste', valor=1, timestamp=2025-05-19T11:40:52.305675400}
2025-05-19 11:40:52.333 [org.springframework.amqp.rabbit.RabbitListenerEndpointContainer#1-1] INFO  com.eleicao.core.component.VotoListener - Voto processado e lista atualizada: VotoDTO{type='eleicao-gp2', object='9', valor=1, timestamp=2025-05-19T11:40:52.305675400}
2025-05-19 11:40:52.337 [org.springframework.amqp.rabbit.RabbitListenerEndpointContainer#2-1] INFO  com.eleicao.core.component.WebSocketCandidatoListener - Recebido lista de candidatos via RabbitMQ, enviando via WebSocket: 6 candidatos
2025-05-19 11:40:52.339 [org.springframework.amqp.rabbit.RabbitListenerEndpointContainer#2-1] INFO  com.eleicao.core.component.WebSocketCandidatoListener - Lista de candidatos enviada via WebSocket com sucesso
2025-05-19 11:40:52.490 [org.springframework.amqp.rabbit.RabbitListenerEndpointContainer#1-1] INFO  com.eleicao.core.service.VotoService - Voto salvo: Voto{, type='eleicao-gp2', object='teste', valor=1, timestamp=2025-05-19T11:40:52.480884300}
2025-05-19 11:40:52.507 [org.springframework.amqp.rabbit.RabbitListenerEndpointContainer#1-1] INFO  com.eleicao.core.component.VotoListener - Voto processado e lista atualizada: VotoDTO{type='eleicao-gp2', object='9', valor=1, timestamp=2025-05-19T11:40:52.480884300}
2025-05-19 11:40:52.509 [org.springframework.amqp.rabbit.RabbitListenerEndpointContainer#2-1] INFO  com.eleicao.core.component.WebSocketCandidatoListener - Recebido lista de candidatos via RabbitMQ, enviando via WebSocket: 6 candidatos
2025-05-19 11:40:52.510 [org.springframework.amqp.rabbit.RabbitListenerEndpointContainer#2-1] INFO  com.eleicao.core.component.WebSocketCandidatoListener - Lista de candidatos enviada via WebSocket com sucesso
2025-05-19 11:41:39.035 [SpringApplicationShutdownHook] INFO  com.zaxxer.hikari.HikariDataSource - HikariPool-1 - Shutdown initiated...
2025-05-19 11:41:39.054 [SpringApplicationShutdownHook] INFO  com.zaxxer.hikari.HikariDataSource - HikariPool-1 - Shutdown completed.
2025-05-19 13:04:07.330 [background-preinit] INFO  org.hibernate.validator.internal.util.Version - HV000001: Hibernate Validator 8.0.2.Final
2025-05-19 13:04:07.536 [restartedMain] INFO  com.eleicao.core.CoreApplication - Starting CoreApplication using Java 21.0.6 with PID 14944 (C:\Users\yguilherme\Documents\youknow\nova_pasta\trab_sd_votacao\backend+core\core\target\classes started by yguilherme in C:\Users\yguilherme\Documents\youknow\nova_pasta\trab_sd_votacao\backend+core\core)
2025-05-19 13:04:07.551 [restartedMain] INFO  com.eleicao.core.CoreApplication - No active profile set, falling back to 1 default profile: "default"
2025-05-19 13:04:11.237 [restartedMain] INFO  org.apache.coyote.http11.Http11NioProtocol - Initializing ProtocolHandler ["http-nio-9090"]
2025-05-19 13:04:11.245 [restartedMain] INFO  org.apache.catalina.core.StandardService - Starting service [Tomcat]
2025-05-19 13:04:11.247 [restartedMain] INFO  org.apache.catalina.core.StandardEngine - Starting Servlet engine: [Apache Tomcat/10.1.40]
2025-05-19 13:04:11.336 [restartedMain] INFO  org.apache.catalina.core.ContainerBase.[Tomcat].[localhost].[/] - Initializing Spring embedded WebApplicationContext
2025-05-19 13:04:11.759 [restartedMain] INFO  org.hibernate.jpa.internal.util.LogHelper - HHH000204: Processing PersistenceUnitInfo [name: default]
2025-05-19 13:04:11.873 [restartedMain] INFO  org.hibernate.Version - HHH000412: Hibernate ORM core version 6.6.13.Final
2025-05-19 13:04:11.984 [restartedMain] INFO  org.hibernate.cache.internal.RegionFactoryInitiator - HHH000026: Second-level cache disabled
2025-05-19 13:04:12.702 [restartedMain] INFO  com.zaxxer.hikari.HikariDataSource - HikariPool-1 - Starting...
2025-05-19 13:04:13.002 [restartedMain] INFO  com.zaxxer.hikari.pool.HikariPool - HikariPool-1 - Added connection org.postgresql.jdbc.PgConnection@44eaa7df
2025-05-19 13:04:13.002 [restartedMain] INFO  com.zaxxer.hikari.HikariDataSource - HikariPool-1 - Start completed.
2025-05-19 13:04:13.048 [restartedMain] WARN  org.hibernate.orm.deprecation - HHH90000025: PostgreSQLDialect does not need to be specified explicitly using 'hibernate.dialect' (remove the property setting and it will be selected by default)
2025-05-19 13:04:13.079 [restartedMain] INFO  org.hibernate.orm.connections.pooling - HHH10001005: Database info:
	Database JDBC URL [Connecting through datasource 'HikariDataSource (HikariPool-1)']
	Database driver: undefined/unknown
	Database version: 17.4
	Autocommit mode: undefined/unknown
	Isolation level: undefined/unknown
	Minimum pool size: undefined/unknown
	Maximum pool size: undefined/unknown
2025-05-19 13:04:14.066 [restartedMain] INFO  org.hibernate.engine.transaction.jta.platform.internal.JtaPlatformInitiator - HHH000489: No JTA platform available (set 'hibernate.transaction.jta.platform' to enable JTA platform integration)
2025-05-19 13:04:16.007 [restartedMain] INFO  org.apache.coyote.http11.Http11NioProtocol - Starting ProtocolHandler ["http-nio-9090"]
2025-05-19 13:04:16.223 [restartedMain] INFO  com.eleicao.core.CoreApplication - Started CoreApplication in 9.605 seconds (process running for 11.621)
2025-05-19 13:04:18.332 [http-nio-9090-exec-2] INFO  org.apache.catalina.core.ContainerBase.[Tomcat].[localhost].[/] - Initializing Spring DispatcherServlet 'dispatcherServlet'
2025-05-19 13:12:53.937 [org.springframework.amqp.rabbit.RabbitListenerEndpointContainer#1-1] INFO  com.eleicao.core.service.VotoService - Voto salvo: Voto{, type='eleicao-gp2', object='teste', valor=1, timestamp=2025-05-19T13:12:53.822475700}
2025-05-19 13:12:54.080 [org.springframework.amqp.rabbit.RabbitListenerEndpointContainer#1-1] INFO  com.eleicao.core.component.VotoListener - Voto processado e lista atualizada: VotoDTO{type='eleicao-gp2', object='9', valor=1, timestamp=2025-05-19T13:12:53.822475700}
2025-05-19 13:12:54.080 [org.springframework.amqp.rabbit.RabbitListenerEndpointContainer#2-1] INFO  com.eleicao.core.component.WebSocketCandidatoListener - Recebido lista de candidatos via RabbitMQ, enviando via WebSocket: 6 candidatos
2025-05-19 13:12:54.096 [org.springframework.amqp.rabbit.RabbitListenerEndpointContainer#1-1] INFO  com.eleicao.core.service.VotoService - Voto salvo: Voto{, type='eleicao-gp2', object='teste', valor=1, timestamp=2025-05-19T13:12:53.619621400}
2025-05-19 13:12:54.096 [org.springframework.amqp.rabbit.RabbitListenerEndpointContainer#2-1] INFO  com.eleicao.core.component.WebSocketCandidatoListener - Lista de candidatos enviada via WebSocket com sucesso
2025-05-19 13:12:54.115 [org.springframework.amqp.rabbit.RabbitListenerEndpointContainer#1-1] INFO  com.eleicao.core.component.VotoListener - Voto processado e lista atualizada: VotoDTO{type='eleicao-gp2', object='9', valor=1, timestamp=2025-05-19T13:12:53.619621400}
2025-05-19 13:12:54.115 [org.springframework.amqp.rabbit.RabbitListenerEndpointContainer#2-1] INFO  com.eleicao.core.component.WebSocketCandidatoListener - Recebido lista de candidatos via RabbitMQ, enviando via WebSocket: 6 candidatos
2025-05-19 13:12:54.115 [org.springframework.amqp.rabbit.RabbitListenerEndpointContainer#2-1] INFO  com.eleicao.core.component.WebSocketCandidatoListener - Lista de candidatos enviada via WebSocket com sucesso
2025-05-19 13:12:54.115 [org.springframework.amqp.rabbit.RabbitListenerEndpointContainer#1-1] INFO  com.eleicao.core.service.VotoService - Voto salvo: Voto{, type='eleicao-gp2', object='teste', valor=1, timestamp=2025-05-19T13:12:53.619621400}
2025-05-19 13:12:54.139 [org.springframework.amqp.rabbit.RabbitListenerEndpointContainer#1-1] INFO  com.eleicao.core.component.VotoListener - Voto processado e lista atualizada: VotoDTO{type='eleicao-gp2', object='9', valor=1, timestamp=2025-05-19T13:12:53.619621400}
2025-05-19 13:12:54.147 [org.springframework.amqp.rabbit.RabbitListenerEndpointContainer#2-1] INFO  com.eleicao.core.component.WebSocketCandidatoListener - Recebido lista de candidatos via RabbitMQ, enviando via WebSocket: 6 candidatos
2025-05-19 13:12:54.147 [org.springframework.amqp.rabbit.RabbitListenerEndpointContainer#2-1] INFO  com.eleicao.core.component.WebSocketCandidatoListener - Lista de candidatos enviada via WebSocket com sucesso
2025-05-19 13:12:55.978 [org.springframework.amqp.rabbit.RabbitListenerEndpointContainer#1-1] INFO  com.eleicao.core.service.VotoService - Voto salvo: Voto{, type='eleicao-gp2', object='teste', valor=1, timestamp=2025-05-19T13:12:55.963910300}
2025-05-19 13:12:56.026 [org.springframework.amqp.rabbit.RabbitListenerEndpointContainer#1-1] INFO  com.eleicao.core.component.VotoListener - Voto processado e lista atualizada: VotoDTO{type='eleicao-gp2', object='9', valor=1, timestamp=2025-05-19T13:12:55.963910300}
2025-05-19 13:12:56.028 [org.springframework.amqp.rabbit.RabbitListenerEndpointContainer#2-1] INFO  com.eleicao.core.component.WebSocketCandidatoListener - Recebido lista de candidatos via RabbitMQ, enviando via WebSocket: 6 candidatos
2025-05-19 13:12:56.032 [org.springframework.amqp.rabbit.RabbitListenerEndpointContainer#2-1] INFO  com.eleicao.core.component.WebSocketCandidatoListener - Lista de candidatos enviada via WebSocket com sucesso
2025-05-19 13:12:56.107 [org.springframework.amqp.rabbit.RabbitListenerEndpointContainer#1-1] INFO  com.eleicao.core.service.VotoService - Voto salvo: Voto{, type='eleicao-gp2', object='teste', valor=1, timestamp=2025-05-19T13:12:56.096135400}
2025-05-19 13:12:56.127 [org.springframework.amqp.rabbit.RabbitListenerEndpointContainer#1-1] INFO  com.eleicao.core.component.VotoListener - Voto processado e lista atualizada: VotoDTO{type='eleicao-gp2', object='9', valor=1, timestamp=2025-05-19T13:12:56.096135400}
2025-05-19 13:12:56.128 [org.springframework.amqp.rabbit.RabbitListenerEndpointContainer#2-1] INFO  com.eleicao.core.component.WebSocketCandidatoListener - Recebido lista de candidatos via RabbitMQ, enviando via WebSocket: 6 candidatos
2025-05-19 13:12:56.128 [org.springframework.amqp.rabbit.RabbitListenerEndpointContainer#2-1] INFO  com.eleicao.core.component.WebSocketCandidatoListener - Lista de candidatos enviada via WebSocket com sucesso
2025-05-19 13:12:56.373 [org.springframework.amqp.rabbit.RabbitListenerEndpointContainer#1-1] INFO  com.eleicao.core.service.VotoService - Voto salvo: Voto{, type='eleicao-gp2', object='teste', valor=1, timestamp=2025-05-19T13:12:56.328184200}
2025-05-19 13:12:56.389 [org.springframework.amqp.rabbit.RabbitListenerEndpointContainer#1-1] INFO  com.eleicao.core.component.VotoListener - Voto processado e lista atualizada: VotoDTO{type='eleicao-gp2', object='9', valor=1, timestamp=2025-05-19T13:12:56.328184200}
2025-05-19 13:12:56.389 [org.springframework.amqp.rabbit.RabbitListenerEndpointContainer#2-1] INFO  com.eleicao.core.component.WebSocketCandidatoListener - Recebido lista de candidatos via RabbitMQ, enviando via WebSocket: 6 candidatos
2025-05-19 13:12:56.405 [org.springframework.amqp.rabbit.RabbitListenerEndpointContainer#2-1] INFO  com.eleicao.core.component.WebSocketCandidatoListener - Lista de candidatos enviada via WebSocket com sucesso
2025-05-19 13:38:17.314 [org.springframework.amqp.rabbit.RabbitListenerEndpointContainer#1-1] INFO  com.eleicao.core.service.VotoService - Voto salvo: Voto{, type='eleicao-gp2', object='nao sei', valor=1, timestamp=2025-05-19T13:38:17.295204400}
2025-05-19 13:38:17.370 [org.springframework.amqp.rabbit.RabbitListenerEndpointContainer#1-1] INFO  com.eleicao.core.component.VotoListener - Voto processado e lista atualizada: VotoDTO{type='eleicao-gp2', object='14', valor=1, timestamp=2025-05-19T13:38:17.295204400}
2025-05-19 13:38:17.372 [org.springframework.amqp.rabbit.RabbitListenerEndpointContainer#2-1] INFO  com.eleicao.core.component.WebSocketCandidatoListener - Recebido lista de candidatos via RabbitMQ, enviando via WebSocket: 6 candidatos
2025-05-19 13:38:17.372 [org.springframework.amqp.rabbit.RabbitListenerEndpointContainer#2-1] INFO  com.eleicao.core.component.WebSocketCandidatoListener - Lista de candidatos enviada via WebSocket com sucesso
2025-05-19 13:38:17.513 [org.springframework.amqp.rabbit.RabbitListenerEndpointContainer#1-1] INFO  com.eleicao.core.service.VotoService - Voto salvo: Voto{, type='eleicao-gp2', object='nao sei', valor=1, timestamp=2025-05-19T13:38:17.501189}
2025-05-19 13:38:17.567 [org.springframework.amqp.rabbit.RabbitListenerEndpointContainer#1-1] INFO  com.eleicao.core.component.VotoListener - Voto processado e lista atualizada: VotoDTO{type='eleicao-gp2', object='14', valor=1, timestamp=2025-05-19T13:38:17.501189}
2025-05-19 13:38:17.572 [org.springframework.amqp.rabbit.RabbitListenerEndpointContainer#2-1] INFO  com.eleicao.core.component.WebSocketCandidatoListener - Recebido lista de candidatos via RabbitMQ, enviando via WebSocket: 6 candidatos
2025-05-19 13:38:17.575 [org.springframework.amqp.rabbit.RabbitListenerEndpointContainer#2-1] INFO  com.eleicao.core.component.WebSocketCandidatoListener - Lista de candidatos enviada via WebSocket com sucesso
2025-05-19 13:38:18.393 [org.springframework.amqp.rabbit.RabbitListenerEndpointContainer#1-1] INFO  com.eleicao.core.service.VotoService - Voto salvo: Voto{, type='eleicao-gp2', object='nao sei', valor=1, timestamp=2025-05-19T13:38:18.382444}
2025-05-19 13:38:18.443 [org.springframework.amqp.rabbit.RabbitListenerEndpointContainer#1-1] INFO  com.eleicao.core.component.VotoListener - Voto processado e lista atualizada: VotoDTO{type='eleicao-gp2', object='14', valor=1, timestamp=2025-05-19T13:38:18.382444}
2025-05-19 13:38:18.443 [org.springframework.amqp.rabbit.RabbitListenerEndpointContainer#2-1] INFO  com.eleicao.core.component.WebSocketCandidatoListener - Recebido lista de candidatos via RabbitMQ, enviando via WebSocket: 6 candidatos
2025-05-19 13:38:18.443 [org.springframework.amqp.rabbit.RabbitListenerEndpointContainer#2-1] INFO  com.eleicao.core.component.WebSocketCandidatoListener - Lista de candidatos enviada via WebSocket com sucesso
2025-05-19 13:38:18.562 [org.springframework.amqp.rabbit.RabbitListenerEndpointContainer#1-1] INFO  com.eleicao.core.service.VotoService - Voto salvo: Voto{, type='eleicao-gp2', object='nao sei', valor=1, timestamp=2025-05-19T13:38:18.548655700}
2025-05-19 13:38:18.607 [org.springframework.amqp.rabbit.RabbitListenerEndpointContainer#1-1] INFO  com.eleicao.core.component.VotoListener - Voto processado e lista atualizada: VotoDTO{type='eleicao-gp2', object='14', valor=1, timestamp=2025-05-19T13:38:18.548655700}
2025-05-19 13:38:18.612 [org.springframework.amqp.rabbit.RabbitListenerEndpointContainer#2-1] INFO  com.eleicao.core.component.WebSocketCandidatoListener - Recebido lista de candidatos via RabbitMQ, enviando via WebSocket: 6 candidatos
2025-05-19 13:38:18.614 [org.springframework.amqp.rabbit.RabbitListenerEndpointContainer#2-1] INFO  com.eleicao.core.component.WebSocketCandidatoListener - Lista de candidatos enviada via WebSocket com sucesso
2025-05-19 13:38:18.743 [org.springframework.amqp.rabbit.RabbitListenerEndpointContainer#1-1] INFO  com.eleicao.core.service.VotoService - Voto salvo: Voto{, type='eleicao-gp2', object='nao sei', valor=1, timestamp=2025-05-19T13:38:18.735094500}
2025-05-19 13:38:18.765 [org.springframework.amqp.rabbit.RabbitListenerEndpointContainer#1-1] INFO  com.eleicao.core.component.VotoListener - Voto processado e lista atualizada: VotoDTO{type='eleicao-gp2', object='14', valor=1, timestamp=2025-05-19T13:38:18.735094500}
2025-05-19 13:38:18.768 [org.springframework.amqp.rabbit.RabbitListenerEndpointContainer#2-1] INFO  com.eleicao.core.component.WebSocketCandidatoListener - Recebido lista de candidatos via RabbitMQ, enviando via WebSocket: 6 candidatos
2025-05-19 13:38:18.770 [org.springframework.amqp.rabbit.RabbitListenerEndpointContainer#2-1] INFO  com.eleicao.core.component.WebSocketCandidatoListener - Lista de candidatos enviada via WebSocket com sucesso
2025-05-19 13:38:18.899 [org.springframework.amqp.rabbit.RabbitListenerEndpointContainer#1-1] INFO  com.eleicao.core.service.VotoService - Voto salvo: Voto{, type='eleicao-gp2', object='nao sei', valor=1, timestamp=2025-05-19T13:38:18.891351900}
2025-05-19 13:38:18.935 [org.springframework.amqp.rabbit.RabbitListenerEndpointContainer#1-1] INFO  com.eleicao.core.component.VotoListener - Voto processado e lista atualizada: VotoDTO{type='eleicao-gp2', object='14', valor=1, timestamp=2025-05-19T13:38:18.891351900}
2025-05-19 13:38:18.939 [org.springframework.amqp.rabbit.RabbitListenerEndpointContainer#2-1] INFO  com.eleicao.core.component.WebSocketCandidatoListener - Recebido lista de candidatos via RabbitMQ, enviando via WebSocket: 6 candidatos
2025-05-19 13:38:18.941 [org.springframework.amqp.rabbit.RabbitListenerEndpointContainer#2-1] INFO  com.eleicao.core.component.WebSocketCandidatoListener - Lista de candidatos enviada via WebSocket com sucesso
2025-05-19 13:38:19.126 [org.springframework.amqp.rabbit.RabbitListenerEndpointContainer#1-1] INFO  com.eleicao.core.service.VotoService - Voto salvo: Voto{, type='eleicao-gp2', object='nao sei', valor=1, timestamp=2025-05-19T13:38:19.122655200}
2025-05-19 13:38:19.170 [org.springframework.amqp.rabbit.RabbitListenerEndpointContainer#1-1] INFO  com.eleicao.core.component.VotoListener - Voto processado e lista atualizada: VotoDTO{type='eleicao-gp2', object='14', valor=1, timestamp=2025-05-19T13:38:19.122655200}
2025-05-19 13:38:19.182 [org.springframework.amqp.rabbit.RabbitListenerEndpointContainer#2-1] INFO  com.eleicao.core.component.WebSocketCandidatoListener - Recebido lista de candidatos via RabbitMQ, enviando via WebSocket: 6 candidatos
2025-05-19 13:38:19.184 [org.springframework.amqp.rabbit.RabbitListenerEndpointContainer#2-1] INFO  com.eleicao.core.component.WebSocketCandidatoListener - Lista de candidatos enviada via WebSocket com sucesso
2025-05-19 13:38:20.044 [org.springframework.amqp.rabbit.RabbitListenerEndpointContainer#1-1] INFO  com.eleicao.core.service.VotoService - Voto salvo: Voto{, type='eleicao-gp2', object='teste foto', valor=1, timestamp=2025-05-19T13:38:20.031882800}
2025-05-19 13:38:20.092 [org.springframework.amqp.rabbit.RabbitListenerEndpointContainer#1-1] INFO  com.eleicao.core.component.VotoListener - Voto processado e lista atualizada: VotoDTO{type='eleicao-gp2', object='12', valor=1, timestamp=2025-05-19T13:38:20.031882800}
2025-05-19 13:38:20.096 [org.springframework.amqp.rabbit.RabbitListenerEndpointContainer#2-1] INFO  com.eleicao.core.component.WebSocketCandidatoListener - Recebido lista de candidatos via RabbitMQ, enviando via WebSocket: 6 candidatos
2025-05-19 13:38:20.096 [org.springframework.amqp.rabbit.RabbitListenerEndpointContainer#2-1] INFO  com.eleicao.core.component.WebSocketCandidatoListener - Lista de candidatos enviada via WebSocket com sucesso
2025-05-19 13:38:20.215 [org.springframework.amqp.rabbit.RabbitListenerEndpointContainer#1-1] INFO  com.eleicao.core.service.VotoService - Voto salvo: Voto{, type='eleicao-gp2', object='teste foto', valor=1, timestamp=2025-05-19T13:38:20.208723100}
2025-05-19 13:38:20.265 [org.springframework.amqp.rabbit.RabbitListenerEndpointContainer#1-1] INFO  com.eleicao.core.component.VotoListener - Voto processado e lista atualizada: VotoDTO{type='eleicao-gp2', object='12', valor=1, timestamp=2025-05-19T13:38:20.208723100}
2025-05-19 13:38:20.265 [org.springframework.amqp.rabbit.RabbitListenerEndpointContainer#2-1] INFO  com.eleicao.core.component.WebSocketCandidatoListener - Recebido lista de candidatos via RabbitMQ, enviando via WebSocket: 6 candidatos
2025-05-19 13:38:20.269 [org.springframework.amqp.rabbit.RabbitListenerEndpointContainer#2-1] INFO  com.eleicao.core.component.WebSocketCandidatoListener - Lista de candidatos enviada via WebSocket com sucesso
2025-05-19 13:38:20.386 [org.springframework.amqp.rabbit.RabbitListenerEndpointContainer#1-1] INFO  com.eleicao.core.service.VotoService - Voto salvo: Voto{, type='eleicao-gp2', object='teste foto', valor=1, timestamp=2025-05-19T13:38:20.379226100}
2025-05-19 13:38:20.419 [org.springframework.amqp.rabbit.RabbitListenerEndpointContainer#1-1] INFO  com.eleicao.core.component.VotoListener - Voto processado e lista atualizada: VotoDTO{type='eleicao-gp2', object='12', valor=1, timestamp=2025-05-19T13:38:20.379226100}
2025-05-19 13:38:20.435 [org.springframework.amqp.rabbit.RabbitListenerEndpointContainer#2-1] INFO  com.eleicao.core.component.WebSocketCandidatoListener - Recebido lista de candidatos via RabbitMQ, enviando via WebSocket: 6 candidatos
2025-05-19 13:38:20.435 [org.springframework.amqp.rabbit.RabbitListenerEndpointContainer#2-1] INFO  com.eleicao.core.component.WebSocketCandidatoListener - Lista de candidatos enviada via WebSocket com sucesso
2025-05-19 13:38:48.091 [org.springframework.amqp.rabbit.RabbitListenerEndpointContainer#1-1] INFO  com.eleicao.core.service.VotoService - Voto salvo: Voto{, type='eleicao-gp2', object='yago', valor=1, timestamp=2025-05-19T13:38:48.075244900}
2025-05-19 13:38:48.140 [org.springframework.amqp.rabbit.RabbitListenerEndpointContainer#1-1] INFO  com.eleicao.core.component.VotoListener - Voto processado e lista atualizada: VotoDTO{type='eleicao-gp2', object='48', valor=1, timestamp=2025-05-19T13:38:48.075244900}
2025-05-19 13:38:48.142 [org.springframework.amqp.rabbit.RabbitListenerEndpointContainer#2-1] INFO  com.eleicao.core.component.WebSocketCandidatoListener - Recebido lista de candidatos via RabbitMQ, enviando via WebSocket: 6 candidatos
2025-05-19 13:38:48.142 [org.springframework.amqp.rabbit.RabbitListenerEndpointContainer#2-1] INFO  com.eleicao.core.component.WebSocketCandidatoListener - Lista de candidatos enviada via WebSocket com sucesso
2025-05-19 13:38:48.985 [org.springframework.amqp.rabbit.RabbitListenerEndpointContainer#1-1] INFO  com.eleicao.core.service.VotoService - Voto salvo: Voto{, type='eleicao-gp2', object='yago', valor=1, timestamp=2025-05-19T13:38:48.974785900}
2025-05-19 13:38:49.043 [org.springframework.amqp.rabbit.RabbitListenerEndpointContainer#1-1] INFO  com.eleicao.core.component.VotoListener - Voto processado e lista atualizada: VotoDTO{type='eleicao-gp2', object='48', valor=1, timestamp=2025-05-19T13:38:48.974785900}
2025-05-19 13:38:49.047 [org.springframework.amqp.rabbit.RabbitListenerEndpointContainer#2-1] INFO  com.eleicao.core.component.WebSocketCandidatoListener - Recebido lista de candidatos via RabbitMQ, enviando via WebSocket: 6 candidatos
2025-05-19 13:38:49.047 [org.springframework.amqp.rabbit.RabbitListenerEndpointContainer#2-1] INFO  com.eleicao.core.component.WebSocketCandidatoListener - Lista de candidatos enviada via WebSocket com sucesso
2025-05-19 13:38:49.151 [org.springframework.amqp.rabbit.RabbitListenerEndpointContainer#1-1] INFO  com.eleicao.core.service.VotoService - Voto salvo: Voto{, type='eleicao-gp2', object='yago', valor=1, timestamp=2025-05-19T13:38:49.140164600}
2025-05-19 13:38:49.193 [org.springframework.amqp.rabbit.RabbitListenerEndpointContainer#1-1] INFO  com.eleicao.core.component.VotoListener - Voto processado e lista atualizada: VotoDTO{type='eleicao-gp2', object='48', valor=1, timestamp=2025-05-19T13:38:49.140164600}
2025-05-19 13:38:49.201 [org.springframework.amqp.rabbit.RabbitListenerEndpointContainer#2-1] INFO  com.eleicao.core.component.WebSocketCandidatoListener - Recebido lista de candidatos via RabbitMQ, enviando via WebSocket: 6 candidatos
2025-05-19 13:38:49.201 [org.springframework.amqp.rabbit.RabbitListenerEndpointContainer#2-1] INFO  com.eleicao.core.component.WebSocketCandidatoListener - Lista de candidatos enviada via WebSocket com sucesso
2025-05-19 13:38:49.292 [org.springframework.amqp.rabbit.RabbitListenerEndpointContainer#1-1] INFO  com.eleicao.core.service.VotoService - Voto salvo: Voto{, type='eleicao-gp2', object='yago', valor=1, timestamp=2025-05-19T13:38:49.285099400}
2025-05-19 13:38:49.340 [org.springframework.amqp.rabbit.RabbitListenerEndpointContainer#1-1] INFO  com.eleicao.core.component.VotoListener - Voto processado e lista atualizada: VotoDTO{type='eleicao-gp2', object='48', valor=1, timestamp=2025-05-19T13:38:49.285099400}
2025-05-19 13:38:49.343 [org.springframework.amqp.rabbit.RabbitListenerEndpointContainer#2-1] INFO  com.eleicao.core.component.WebSocketCandidatoListener - Recebido lista de candidatos via RabbitMQ, enviando via WebSocket: 6 candidatos
2025-05-19 13:38:49.343 [org.springframework.amqp.rabbit.RabbitListenerEndpointContainer#2-1] INFO  com.eleicao.core.component.WebSocketCandidatoListener - Lista de candidatos enviada via WebSocket com sucesso
2025-05-19 13:38:49.440 [org.springframework.amqp.rabbit.RabbitListenerEndpointContainer#1-1] INFO  com.eleicao.core.service.VotoService - Voto salvo: Voto{, type='eleicao-gp2', object='yago', valor=1, timestamp=2025-05-19T13:38:49.436207600}
2025-05-19 13:38:49.488 [org.springframework.amqp.rabbit.RabbitListenerEndpointContainer#1-1] INFO  com.eleicao.core.component.VotoListener - Voto processado e lista atualizada: VotoDTO{type='eleicao-gp2', object='48', valor=1, timestamp=2025-05-19T13:38:49.436207600}
2025-05-19 13:38:49.491 [org.springframework.amqp.rabbit.RabbitListenerEndpointContainer#2-1] INFO  com.eleicao.core.component.WebSocketCandidatoListener - Recebido lista de candidatos via RabbitMQ, enviando via WebSocket: 6 candidatos
2025-05-19 13:38:49.495 [org.springframework.amqp.rabbit.RabbitListenerEndpointContainer#2-1] INFO  com.eleicao.core.component.WebSocketCandidatoListener - Lista de candidatos enviada via WebSocket com sucesso
2025-05-19 13:38:49.658 [org.springframework.amqp.rabbit.RabbitListenerEndpointContainer#1-1] INFO  com.eleicao.core.service.VotoService - Voto salvo: Voto{, type='eleicao-gp2', object='yago', valor=1, timestamp=2025-05-19T13:38:49.651659100}
2025-05-19 13:38:49.699 [org.springframework.amqp.rabbit.RabbitListenerEndpointContainer#1-1] INFO  com.eleicao.core.component.VotoListener - Voto processado e lista atualizada: VotoDTO{type='eleicao-gp2', object='48', valor=1, timestamp=2025-05-19T13:38:49.651659100}
2025-05-19 13:38:49.715 [org.springframework.amqp.rabbit.RabbitListenerEndpointContainer#2-1] INFO  com.eleicao.core.component.WebSocketCandidatoListener - Recebido lista de candidatos via RabbitMQ, enviando via WebSocket: 6 candidatos
2025-05-19 13:38:49.715 [org.springframework.amqp.rabbit.RabbitListenerEndpointContainer#2-1] INFO  com.eleicao.core.component.WebSocketCandidatoListener - Lista de candidatos enviada via WebSocket com sucesso
2025-05-19 13:38:50.834 [org.springframework.amqp.rabbit.RabbitListenerEndpointContainer#1-1] INFO  com.eleicao.core.service.VotoService - Voto salvo: Voto{, type='eleicao-gp2', object='teste foto', valor=1, timestamp=2025-05-19T13:38:50.831845200}
2025-05-19 13:38:50.855 [org.springframework.amqp.rabbit.RabbitListenerEndpointContainer#1-1] INFO  com.eleicao.core.component.VotoListener - Voto processado e lista atualizada: VotoDTO{type='eleicao-gp2', object='12', valor=1, timestamp=2025-05-19T13:38:50.831845200}
2025-05-19 13:38:50.855 [org.springframework.amqp.rabbit.RabbitListenerEndpointContainer#2-1] INFO  com.eleicao.core.component.WebSocketCandidatoListener - Recebido lista de candidatos via RabbitMQ, enviando via WebSocket: 6 candidatos
2025-05-19 13:38:50.855 [org.springframework.amqp.rabbit.RabbitListenerEndpointContainer#2-1] INFO  com.eleicao.core.component.WebSocketCandidatoListener - Lista de candidatos enviada via WebSocket com sucesso
2025-05-19 13:38:50.994 [org.springframework.amqp.rabbit.RabbitListenerEndpointContainer#1-1] INFO  com.eleicao.core.service.VotoService - Voto salvo: Voto{, type='eleicao-gp2', object='teste foto', valor=1, timestamp=2025-05-19T13:38:50.987350500}
2025-05-19 13:38:51.044 [org.springframework.amqp.rabbit.RabbitListenerEndpointContainer#1-1] INFO  com.eleicao.core.component.VotoListener - Voto processado e lista atualizada: VotoDTO{type='eleicao-gp2', object='12', valor=1, timestamp=2025-05-19T13:38:50.987350500}
2025-05-19 13:38:51.047 [org.springframework.amqp.rabbit.RabbitListenerEndpointContainer#2-1] INFO  com.eleicao.core.component.WebSocketCandidatoListener - Recebido lista de candidatos via RabbitMQ, enviando via WebSocket: 6 candidatos
2025-05-19 13:38:51.050 [org.springframework.amqp.rabbit.RabbitListenerEndpointContainer#2-1] INFO  com.eleicao.core.component.WebSocketCandidatoListener - Lista de candidatos enviada via WebSocket com sucesso
2025-05-19 13:38:51.160 [org.springframework.amqp.rabbit.RabbitListenerEndpointContainer#1-1] INFO  com.eleicao.core.service.VotoService - Voto salvo: Voto{, type='eleicao-gp2', object='teste foto', valor=1, timestamp=2025-05-19T13:38:51.151419500}
2025-05-19 13:38:51.202 [org.springframework.amqp.rabbit.RabbitListenerEndpointContainer#1-1] INFO  com.eleicao.core.component.VotoListener - Voto processado e lista atualizada: VotoDTO{type='eleicao-gp2', object='12', valor=1, timestamp=2025-05-19T13:38:51.151419500}
2025-05-19 13:38:51.202 [org.springframework.amqp.rabbit.RabbitListenerEndpointContainer#2-1] INFO  com.eleicao.core.component.WebSocketCandidatoListener - Recebido lista de candidatos via RabbitMQ, enviando via WebSocket: 6 candidatos
2025-05-19 13:38:51.202 [org.springframework.amqp.rabbit.RabbitListenerEndpointContainer#2-1] INFO  com.eleicao.core.component.WebSocketCandidatoListener - Lista de candidatos enviada via WebSocket com sucesso
2025-05-19 13:38:51.311 [org.springframework.amqp.rabbit.RabbitListenerEndpointContainer#1-1] INFO  com.eleicao.core.service.VotoService - Voto salvo: Voto{, type='eleicao-gp2', object='teste foto', valor=1, timestamp=2025-05-19T13:38:51.306053900}
2025-05-19 13:38:51.352 [org.springframework.amqp.rabbit.RabbitListenerEndpointContainer#1-1] INFO  com.eleicao.core.component.VotoListener - Voto processado e lista atualizada: VotoDTO{type='eleicao-gp2', object='12', valor=1, timestamp=2025-05-19T13:38:51.306053900}
2025-05-19 13:38:51.352 [org.springframework.amqp.rabbit.RabbitListenerEndpointContainer#2-1] INFO  com.eleicao.core.component.WebSocketCandidatoListener - Recebido lista de candidatos via RabbitMQ, enviando via WebSocket: 6 candidatos
2025-05-19 13:38:51.362 [org.springframework.amqp.rabbit.RabbitListenerEndpointContainer#2-1] INFO  com.eleicao.core.component.WebSocketCandidatoListener - Lista de candidatos enviada via WebSocket com sucesso
2025-05-19 13:38:51.477 [org.springframework.amqp.rabbit.RabbitListenerEndpointContainer#1-1] INFO  com.eleicao.core.service.VotoService - Voto salvo: Voto{, type='eleicao-gp2', object='teste foto', valor=1, timestamp=2025-05-19T13:38:51.471300800}
2025-05-19 13:38:51.492 [org.springframework.amqp.rabbit.RabbitListenerEndpointContainer#1-1] INFO  com.eleicao.core.component.VotoListener - Voto processado e lista atualizada: VotoDTO{type='eleicao-gp2', object='12', valor=1, timestamp=2025-05-19T13:38:51.471300800}
2025-05-19 13:38:51.492 [org.springframework.amqp.rabbit.RabbitListenerEndpointContainer#2-1] INFO  com.eleicao.core.component.WebSocketCandidatoListener - Recebido lista de candidatos via RabbitMQ, enviando via WebSocket: 6 candidatos
2025-05-19 13:38:51.499 [org.springframework.amqp.rabbit.RabbitListenerEndpointContainer#2-1] INFO  com.eleicao.core.component.WebSocketCandidatoListener - Lista de candidatos enviada via WebSocket com sucesso
2025-05-19 13:38:51.640 [org.springframework.amqp.rabbit.RabbitListenerEndpointContainer#1-1] INFO  com.eleicao.core.service.VotoService - Voto salvo: Voto{, type='eleicao-gp2', object='teste foto', valor=1, timestamp=2025-05-19T13:38:51.633512100}
2025-05-19 13:38:51.655 [org.springframework.amqp.rabbit.RabbitListenerEndpointContainer#1-1] INFO  com.eleicao.core.component.VotoListener - Voto processado e lista atualizada: VotoDTO{type='eleicao-gp2', object='12', valor=1, timestamp=2025-05-19T13:38:51.633512100}
2025-05-19 13:38:51.657 [org.springframework.amqp.rabbit.RabbitListenerEndpointContainer#2-1] INFO  com.eleicao.core.component.WebSocketCandidatoListener - Recebido lista de candidatos via RabbitMQ, enviando via WebSocket: 6 candidatos
2025-05-19 13:38:51.659 [org.springframework.amqp.rabbit.RabbitListenerEndpointContainer#2-1] INFO  com.eleicao.core.component.WebSocketCandidatoListener - Lista de candidatos enviada via WebSocket com sucesso
2025-05-19 13:38:51.799 [org.springframework.amqp.rabbit.RabbitListenerEndpointContainer#1-1] INFO  com.eleicao.core.service.VotoService - Voto salvo: Voto{, type='eleicao-gp2', object='teste foto', valor=1, timestamp=2025-05-19T13:38:51.790493}
2025-05-19 13:38:51.838 [org.springframework.amqp.rabbit.RabbitListenerEndpointContainer#1-1] INFO  com.eleicao.core.component.VotoListener - Voto processado e lista atualizada: VotoDTO{type='eleicao-gp2', object='12', valor=1, timestamp=2025-05-19T13:38:51.790493}
2025-05-19 13:38:51.845 [org.springframework.amqp.rabbit.RabbitListenerEndpointContainer#2-1] INFO  com.eleicao.core.component.WebSocketCandidatoListener - Recebido lista de candidatos via RabbitMQ, enviando via WebSocket: 6 candidatos
2025-05-19 13:38:51.846 [org.springframework.amqp.rabbit.RabbitListenerEndpointContainer#2-1] INFO  com.eleicao.core.component.WebSocketCandidatoListener - Lista de candidatos enviada via WebSocket com sucesso
2025-05-19 13:38:51.967 [org.springframework.amqp.rabbit.RabbitListenerEndpointContainer#1-1] INFO  com.eleicao.core.service.VotoService - Voto salvo: Voto{, type='eleicao-gp2', object='teste foto', valor=1, timestamp=2025-05-19T13:38:51.963128400}
2025-05-19 13:38:51.982 [org.springframework.amqp.rabbit.RabbitListenerEndpointContainer#1-1] INFO  com.eleicao.core.component.VotoListener - Voto processado e lista atualizada: VotoDTO{type='eleicao-gp2', object='12', valor=1, timestamp=2025-05-19T13:38:51.963128400}
2025-05-19 13:38:51.982 [org.springframework.amqp.rabbit.RabbitListenerEndpointContainer#2-1] INFO  com.eleicao.core.component.WebSocketCandidatoListener - Recebido lista de candidatos via RabbitMQ, enviando via WebSocket: 6 candidatos
2025-05-19 13:38:51.982 [org.springframework.amqp.rabbit.RabbitListenerEndpointContainer#2-1] INFO  com.eleicao.core.component.WebSocketCandidatoListener - Lista de candidatos enviada via WebSocket com sucesso
2025-05-19 13:38:52.136 [org.springframework.amqp.rabbit.RabbitListenerEndpointContainer#1-1] INFO  com.eleicao.core.service.VotoService - Voto salvo: Voto{, type='eleicao-gp2', object='teste foto', valor=1, timestamp=2025-05-19T13:38:52.131619700}
2025-05-19 13:38:52.182 [org.springframework.amqp.rabbit.RabbitListenerEndpointContainer#1-1] INFO  com.eleicao.core.component.VotoListener - Voto processado e lista atualizada: VotoDTO{type='eleicao-gp2', object='12', valor=1, timestamp=2025-05-19T13:38:52.131619700}
2025-05-19 13:38:52.187 [org.springframework.amqp.rabbit.RabbitListenerEndpointContainer#2-1] INFO  com.eleicao.core.component.WebSocketCandidatoListener - Recebido lista de candidatos via RabbitMQ, enviando via WebSocket: 6 candidatos
2025-05-19 13:38:52.189 [org.springframework.amqp.rabbit.RabbitListenerEndpointContainer#2-1] INFO  com.eleicao.core.component.WebSocketCandidatoListener - Lista de candidatos enviada via WebSocket com sucesso
2025-05-19 13:38:52.302 [org.springframework.amqp.rabbit.RabbitListenerEndpointContainer#1-1] INFO  com.eleicao.core.service.VotoService - Voto salvo: Voto{, type='eleicao-gp2', object='teste foto', valor=1, timestamp=2025-05-19T13:38:52.295128500}
2025-05-19 13:38:52.318 [org.springframework.amqp.rabbit.RabbitListenerEndpointContainer#1-1] INFO  com.eleicao.core.component.VotoListener - Voto processado e lista atualizada: VotoDTO{type='eleicao-gp2', object='12', valor=1, timestamp=2025-05-19T13:38:52.295128500}
2025-05-19 13:38:52.318 [org.springframework.amqp.rabbit.RabbitListenerEndpointContainer#2-1] INFO  com.eleicao.core.component.WebSocketCandidatoListener - Recebido lista de candidatos via RabbitMQ, enviando via WebSocket: 6 candidatos
2025-05-19 13:38:52.325 [org.springframework.amqp.rabbit.RabbitListenerEndpointContainer#2-1] INFO  com.eleicao.core.component.WebSocketCandidatoListener - Lista de candidatos enviada via WebSocket com sucesso
2025-05-19 13:38:52.460 [org.springframework.amqp.rabbit.RabbitListenerEndpointContainer#1-1] INFO  com.eleicao.core.service.VotoService - Voto salvo: Voto{, type='eleicao-gp2', object='teste foto', valor=1, timestamp=2025-05-19T13:38:52.452300400}
2025-05-19 13:38:52.503 [org.springframework.amqp.rabbit.RabbitListenerEndpointContainer#1-1] INFO  com.eleicao.core.component.VotoListener - Voto processado e lista atualizada: VotoDTO{type='eleicao-gp2', object='12', valor=1, timestamp=2025-05-19T13:38:52.452300400}
2025-05-19 13:38:52.511 [org.springframework.amqp.rabbit.RabbitListenerEndpointContainer#2-1] INFO  com.eleicao.core.component.WebSocketCandidatoListener - Recebido lista de candidatos via RabbitMQ, enviando via WebSocket: 6 candidatos
2025-05-19 13:38:52.511 [org.springframework.amqp.rabbit.RabbitListenerEndpointContainer#2-1] INFO  com.eleicao.core.component.WebSocketCandidatoListener - Lista de candidatos enviada via WebSocket com sucesso
2025-05-19 13:38:52.648 [org.springframework.amqp.rabbit.RabbitListenerEndpointContainer#1-1] INFO  com.eleicao.core.service.VotoService - Voto salvo: Voto{, type='eleicao-gp2', object='teste foto', valor=1, timestamp=2025-05-19T13:38:52.638027300}
2025-05-19 13:38:52.689 [org.springframework.amqp.rabbit.RabbitListenerEndpointContainer#1-1] INFO  com.eleicao.core.component.VotoListener - Voto processado e lista atualizada: VotoDTO{type='eleicao-gp2', object='12', valor=1, timestamp=2025-05-19T13:38:52.638027300}
2025-05-19 13:38:52.699 [org.springframework.amqp.rabbit.RabbitListenerEndpointContainer#2-1] INFO  com.eleicao.core.component.WebSocketCandidatoListener - Recebido lista de candidatos via RabbitMQ, enviando via WebSocket: 6 candidatos
2025-05-19 13:38:52.699 [org.springframework.amqp.rabbit.RabbitListenerEndpointContainer#2-1] INFO  com.eleicao.core.component.WebSocketCandidatoListener - Lista de candidatos enviada via WebSocket com sucesso
2025-05-19 13:38:52.788 [org.springframework.amqp.rabbit.RabbitListenerEndpointContainer#1-1] INFO  com.eleicao.core.service.VotoService - Voto salvo: Voto{, type='eleicao-gp2', object='teste foto', valor=1, timestamp=2025-05-19T13:38:52.786409500}
2025-05-19 13:38:52.832 [org.springframework.amqp.rabbit.RabbitListenerEndpointContainer#1-1] INFO  com.eleicao.core.component.VotoListener - Voto processado e lista atualizada: VotoDTO{type='eleicao-gp2', object='12', valor=1, timestamp=2025-05-19T13:38:52.786409500}
2025-05-19 13:38:52.832 [org.springframework.amqp.rabbit.RabbitListenerEndpointContainer#2-1] INFO  com.eleicao.core.component.WebSocketCandidatoListener - Recebido lista de candidatos via RabbitMQ, enviando via WebSocket: 6 candidatos
2025-05-19 13:38:52.832 [org.springframework.amqp.rabbit.RabbitListenerEndpointContainer#2-1] INFO  com.eleicao.core.component.WebSocketCandidatoListener - Lista de candidatos enviada via WebSocket com sucesso
2025-05-19 13:38:52.959 [org.springframework.amqp.rabbit.RabbitListenerEndpointContainer#1-1] INFO  com.eleicao.core.service.VotoService - Voto salvo: Voto{, type='eleicao-gp2', object='teste foto', valor=1, timestamp=2025-05-19T13:38:52.948829300}
2025-05-19 13:38:53.002 [org.springframework.amqp.rabbit.RabbitListenerEndpointContainer#1-1] INFO  com.eleicao.core.component.VotoListener - Voto processado e lista atualizada: VotoDTO{type='eleicao-gp2', object='12', valor=1, timestamp=2025-05-19T13:38:52.948829300}
2025-05-19 13:38:53.011 [org.springframework.amqp.rabbit.RabbitListenerEndpointContainer#2-1] INFO  com.eleicao.core.component.WebSocketCandidatoListener - Recebido lista de candidatos via RabbitMQ, enviando via WebSocket: 6 candidatos
2025-05-19 13:38:53.014 [org.springframework.amqp.rabbit.RabbitListenerEndpointContainer#2-1] INFO  com.eleicao.core.component.WebSocketCandidatoListener - Lista de candidatos enviada via WebSocket com sucesso
2025-05-19 13:38:53.172 [org.springframework.amqp.rabbit.RabbitListenerEndpointContainer#1-1] INFO  com.eleicao.core.service.VotoService - Voto salvo: Voto{, type='eleicao-gp2', object='teste foto', valor=1, timestamp=2025-05-19T13:38:53.166417700}
2025-05-19 13:38:53.205 [org.springframework.amqp.rabbit.RabbitListenerEndpointContainer#1-1] INFO  com.eleicao.core.component.VotoListener - Voto processado e lista atualizada: VotoDTO{type='eleicao-gp2', object='12', valor=1, timestamp=2025-05-19T13:38:53.166417700}
2025-05-19 13:38:53.209 [org.springframework.amqp.rabbit.RabbitListenerEndpointContainer#2-1] INFO  com.eleicao.core.component.WebSocketCandidatoListener - Recebido lista de candidatos via RabbitMQ, enviando via WebSocket: 6 candidatos
2025-05-19 13:38:53.209 [org.springframework.amqp.rabbit.RabbitListenerEndpointContainer#2-1] INFO  com.eleicao.core.component.WebSocketCandidatoListener - Lista de candidatos enviada via WebSocket com sucesso
2025-05-19 13:38:55.812 [org.springframework.amqp.rabbit.RabbitListenerEndpointContainer#1-1] INFO  com.eleicao.core.service.VotoService - Voto salvo: Voto{, type='eleicao-gp2', object='pedrao', valor=1, timestamp=2025-05-19T13:38:55.796599300}
2025-05-19 13:38:55.855 [org.springframework.amqp.rabbit.RabbitListenerEndpointContainer#1-1] INFO  com.eleicao.core.component.VotoListener - Voto processado e lista atualizada: VotoDTO{type='eleicao-gp2', object='13', valor=1, timestamp=2025-05-19T13:38:55.796599300}
2025-05-19 13:38:55.855 [org.springframework.amqp.rabbit.RabbitListenerEndpointContainer#2-1] INFO  com.eleicao.core.component.WebSocketCandidatoListener - Recebido lista de candidatos via RabbitMQ, enviando via WebSocket: 6 candidatos
2025-05-19 13:38:55.855 [org.springframework.amqp.rabbit.RabbitListenerEndpointContainer#2-1] INFO  com.eleicao.core.component.WebSocketCandidatoListener - Lista de candidatos enviada via WebSocket com sucesso
2025-05-19 13:38:55.946 [org.springframework.amqp.rabbit.RabbitListenerEndpointContainer#1-1] INFO  com.eleicao.core.service.VotoService - Voto salvo: Voto{, type='eleicao-gp2', object='pedrao', valor=1, timestamp=2025-05-19T13:38:55.933989500}
2025-05-19 13:38:55.961 [org.springframework.amqp.rabbit.RabbitListenerEndpointContainer#1-1] INFO  com.eleicao.core.component.VotoListener - Voto processado e lista atualizada: VotoDTO{type='eleicao-gp2', object='13', valor=1, timestamp=2025-05-19T13:38:55.933989500}
2025-05-19 13:38:55.961 [org.springframework.amqp.rabbit.RabbitListenerEndpointContainer#2-1] INFO  com.eleicao.core.component.WebSocketCandidatoListener - Recebido lista de candidatos via RabbitMQ, enviando via WebSocket: 6 candidatos
2025-05-19 13:38:55.961 [org.springframework.amqp.rabbit.RabbitListenerEndpointContainer#2-1] INFO  com.eleicao.core.component.WebSocketCandidatoListener - Lista de candidatos enviada via WebSocket com sucesso
2025-05-19 13:38:56.112 [org.springframework.amqp.rabbit.RabbitListenerEndpointContainer#1-1] INFO  com.eleicao.core.service.VotoService - Voto salvo: Voto{, type='eleicao-gp2', object='pedrao', valor=1, timestamp=2025-05-19T13:38:56.101371200}
2025-05-19 13:38:56.123 [org.springframework.amqp.rabbit.RabbitListenerEndpointContainer#1-1] INFO  com.eleicao.core.component.VotoListener - Voto processado e lista atualizada: VotoDTO{type='eleicao-gp2', object='13', valor=1, timestamp=2025-05-19T13:38:56.101371200}
2025-05-19 13:38:56.123 [org.springframework.amqp.rabbit.RabbitListenerEndpointContainer#2-1] INFO  com.eleicao.core.component.WebSocketCandidatoListener - Recebido lista de candidatos via RabbitMQ, enviando via WebSocket: 6 candidatos
2025-05-19 13:38:56.123 [org.springframework.amqp.rabbit.RabbitListenerEndpointContainer#2-1] INFO  com.eleicao.core.component.WebSocketCandidatoListener - Lista de candidatos enviada via WebSocket com sucesso
2025-05-19 13:38:56.336 [org.springframework.amqp.rabbit.RabbitListenerEndpointContainer#1-1] INFO  com.eleicao.core.service.VotoService - Voto salvo: Voto{, type='eleicao-gp2', object='pedrao', valor=1, timestamp=2025-05-19T13:38:56.329520700}
2025-05-19 13:38:56.373 [org.springframework.amqp.rabbit.RabbitListenerEndpointContainer#1-1] INFO  com.eleicao.core.component.VotoListener - Voto processado e lista atualizada: VotoDTO{type='eleicao-gp2', object='13', valor=1, timestamp=2025-05-19T13:38:56.329520700}
2025-05-19 13:38:56.381 [org.springframework.amqp.rabbit.RabbitListenerEndpointContainer#2-1] INFO  com.eleicao.core.component.WebSocketCandidatoListener - Recebido lista de candidatos via RabbitMQ, enviando via WebSocket: 6 candidatos
2025-05-19 13:38:56.381 [org.springframework.amqp.rabbit.RabbitListenerEndpointContainer#2-1] INFO  com.eleicao.core.component.WebSocketCandidatoListener - Lista de candidatos enviada via WebSocket com sucesso
2025-05-19 13:39:16.790 [org.springframework.amqp.rabbit.RabbitListenerEndpointContainer#0-1] INFO  com.eleicao.core.component.CandidatoListener - Candidato criado e lista publicada: CandidatoDTO{nome='lionel messi', foto='https://picsum.photos/id/123/200/'}
2025-05-19 13:39:16.793 [org.springframework.amqp.rabbit.RabbitListenerEndpointContainer#2-1] INFO  com.eleicao.core.component.WebSocketCandidatoListener - Recebido lista de candidatos via RabbitMQ, enviando via WebSocket: 7 candidatos
2025-05-19 13:39:16.793 [org.springframework.amqp.rabbit.RabbitListenerEndpointContainer#2-1] INFO  com.eleicao.core.component.WebSocketCandidatoListener - Lista de candidatos enviada via WebSocket com sucesso
2025-05-19 13:39:26.673 [org.springframework.amqp.rabbit.RabbitListenerEndpointContainer#1-1] INFO  com.eleicao.core.service.VotoService - Voto salvo: Voto{, type='eleicao-gp2', object='lionel messi', valor=1, timestamp=2025-05-19T13:39:26.654405100}
2025-05-19 13:39:26.693 [org.springframework.amqp.rabbit.RabbitListenerEndpointContainer#1-1] INFO  com.eleicao.core.component.VotoListener - Voto processado e lista atualizada: VotoDTO{type='eleicao-gp2', object='49', valor=1, timestamp=2025-05-19T13:39:26.654405100}
2025-05-19 13:39:26.697 [org.springframework.amqp.rabbit.RabbitListenerEndpointContainer#2-1] INFO  com.eleicao.core.component.WebSocketCandidatoListener - Recebido lista de candidatos via RabbitMQ, enviando via WebSocket: 7 candidatos
2025-05-19 13:39:26.697 [org.springframework.amqp.rabbit.RabbitListenerEndpointContainer#2-1] INFO  com.eleicao.core.component.WebSocketCandidatoListener - Lista de candidatos enviada via WebSocket com sucesso
2025-05-19 14:13:45.763 [org.springframework.amqp.rabbit.RabbitListenerEndpointContainer#1-1] INFO  com.eleicao.core.service.VotoService - Voto salvo: Voto{, type='eleicao-gp2', object='lionel messi', valor=1, timestamp=2025-05-19T14:13:45.729543700}
2025-05-19 14:13:45.797 [org.springframework.amqp.rabbit.RabbitListenerEndpointContainer#1-1] INFO  com.eleicao.core.component.VotoListener - Voto processado e lista atualizada: VotoDTO{type='eleicao-gp2', object='49', valor=1, timestamp=2025-05-19T14:13:45.729543700}
2025-05-19 14:13:45.801 [org.springframework.amqp.rabbit.RabbitListenerEndpointContainer#2-1] INFO  com.eleicao.core.component.WebSocketCandidatoListener - Recebido lista de candidatos via RabbitMQ, enviando via WebSocket: 7 candidatos
2025-05-19 14:13:45.803 [org.springframework.amqp.rabbit.RabbitListenerEndpointContainer#2-1] INFO  com.eleicao.core.component.WebSocketCandidatoListener - Lista de candidatos enviada via WebSocket com sucesso
2025-05-19 14:13:47.457 [org.springframework.amqp.rabbit.RabbitListenerEndpointContainer#1-1] INFO  com.eleicao.core.service.VotoService - Voto salvo: Voto{, type='eleicao-gp2', object='lionel messi', valor=1, timestamp=2025-05-19T14:13:47.441010600}
2025-05-19 14:13:47.508 [org.springframework.amqp.rabbit.RabbitListenerEndpointContainer#1-1] INFO  com.eleicao.core.component.VotoListener - Voto processado e lista atualizada: VotoDTO{type='eleicao-gp2', object='49', valor=1, timestamp=2025-05-19T14:13:47.441010600}
2025-05-19 14:13:47.508 [org.springframework.amqp.rabbit.RabbitListenerEndpointContainer#2-1] INFO  com.eleicao.core.component.WebSocketCandidatoListener - Recebido lista de candidatos via RabbitMQ, enviando via WebSocket: 7 candidatos
2025-05-19 14:13:47.516 [org.springframework.amqp.rabbit.RabbitListenerEndpointContainer#2-1] INFO  com.eleicao.core.component.WebSocketCandidatoListener - Lista de candidatos enviada via WebSocket com sucesso
2025-05-19 14:13:47.595 [org.springframework.amqp.rabbit.RabbitListenerEndpointContainer#1-1] INFO  com.eleicao.core.service.VotoService - Voto salvo: Voto{, type='eleicao-gp2', object='lionel messi', valor=1, timestamp=2025-05-19T14:13:47.586932400}
2025-05-19 14:13:47.640 [org.springframework.amqp.rabbit.RabbitListenerEndpointContainer#1-1] INFO  com.eleicao.core.component.VotoListener - Voto processado e lista atualizada: VotoDTO{type='eleicao-gp2', object='49', valor=1, timestamp=2025-05-19T14:13:47.586932400}
2025-05-19 14:13:47.645 [org.springframework.amqp.rabbit.RabbitListenerEndpointContainer#2-1] INFO  com.eleicao.core.component.WebSocketCandidatoListener - Recebido lista de candidatos via RabbitMQ, enviando via WebSocket: 7 candidatos
2025-05-19 14:13:47.648 [org.springframework.amqp.rabbit.RabbitListenerEndpointContainer#2-1] INFO  com.eleicao.core.component.WebSocketCandidatoListener - Lista de candidatos enviada via WebSocket com sucesso
2025-05-19 14:13:47.806 [org.springframework.amqp.rabbit.RabbitListenerEndpointContainer#1-1] INFO  com.eleicao.core.service.VotoService - Voto salvo: Voto{, type='eleicao-gp2', object='lionel messi', valor=1, timestamp=2025-05-19T14:13:47.794371300}
2025-05-19 14:13:47.818 [org.springframework.amqp.rabbit.RabbitListenerEndpointContainer#1-1] INFO  com.eleicao.core.component.VotoListener - Voto processado e lista atualizada: VotoDTO{type='eleicao-gp2', object='49', valor=1, timestamp=2025-05-19T14:13:47.794371300}
2025-05-19 14:13:47.835 [org.springframework.amqp.rabbit.RabbitListenerEndpointContainer#2-1] INFO  com.eleicao.core.component.WebSocketCandidatoListener - Recebido lista de candidatos via RabbitMQ, enviando via WebSocket: 7 candidatos
2025-05-19 14:13:47.835 [org.springframework.amqp.rabbit.RabbitListenerEndpointContainer#2-1] INFO  com.eleicao.core.component.WebSocketCandidatoListener - Lista de candidatos enviada via WebSocket com sucesso
2025-05-19 14:13:48.643 [org.springframework.amqp.rabbit.RabbitListenerEndpointContainer#1-1] INFO  com.eleicao.core.service.VotoService - Voto salvo: Voto{, type='eleicao-gp2', object='lionel messi', valor=1, timestamp=2025-05-19T14:13:48.635614900}
2025-05-19 14:13:48.697 [org.springframework.amqp.rabbit.RabbitListenerEndpointContainer#1-1] INFO  com.eleicao.core.component.VotoListener - Voto processado e lista atualizada: VotoDTO{type='eleicao-gp2', object='49', valor=1, timestamp=2025-05-19T14:13:48.635614900}
2025-05-19 14:13:48.697 [org.springframework.amqp.rabbit.RabbitListenerEndpointContainer#2-1] INFO  com.eleicao.core.component.WebSocketCandidatoListener - Recebido lista de candidatos via RabbitMQ, enviando via WebSocket: 7 candidatos
2025-05-19 14:13:48.697 [org.springframework.amqp.rabbit.RabbitListenerEndpointContainer#2-1] INFO  com.eleicao.core.component.WebSocketCandidatoListener - Lista de candidatos enviada via WebSocket com sucesso
2025-05-19 14:13:50.521 [org.springframework.amqp.rabbit.RabbitListenerEndpointContainer#1-1] INFO  com.eleicao.core.service.VotoService - Voto salvo: Voto{, type='eleicao-gp2', object='lionel messi', valor=1, timestamp=2025-05-19T14:13:50.508347800}
2025-05-19 14:13:50.536 [org.springframework.amqp.rabbit.RabbitListenerEndpointContainer#1-1] INFO  com.eleicao.core.component.VotoListener - Voto processado e lista atualizada: VotoDTO{type='eleicao-gp2', object='49', valor=1, timestamp=2025-05-19T14:13:50.508347800}
2025-05-19 14:13:50.544 [org.springframework.amqp.rabbit.RabbitListenerEndpointContainer#2-1] INFO  com.eleicao.core.component.WebSocketCandidatoListener - Recebido lista de candidatos via RabbitMQ, enviando via WebSocket: 7 candidatos
2025-05-19 14:13:50.548 [org.springframework.amqp.rabbit.RabbitListenerEndpointContainer#2-1] INFO  com.eleicao.core.component.WebSocketCandidatoListener - Lista de candidatos enviada via WebSocket com sucesso
2025-05-19 14:13:51.943 [org.springframework.amqp.rabbit.RabbitListenerEndpointContainer#1-1] INFO  com.eleicao.core.service.VotoService - Voto salvo: Voto{, type='eleicao-gp2', object='lionel messi', valor=1, timestamp=2025-05-19T14:13:51.936702800}
2025-05-19 14:13:51.965 [org.springframework.amqp.rabbit.RabbitListenerEndpointContainer#1-1] INFO  com.eleicao.core.component.VotoListener - Voto processado e lista atualizada: VotoDTO{type='eleicao-gp2', object='49', valor=1, timestamp=2025-05-19T14:13:51.936702800}
2025-05-19 14:13:51.965 [org.springframework.amqp.rabbit.RabbitListenerEndpointContainer#2-1] INFO  com.eleicao.core.component.WebSocketCandidatoListener - Recebido lista de candidatos via RabbitMQ, enviando via WebSocket: 7 candidatos
2025-05-19 14:13:51.965 [org.springframework.amqp.rabbit.RabbitListenerEndpointContainer#2-1] INFO  com.eleicao.core.component.WebSocketCandidatoListener - Lista de candidatos enviada via WebSocket com sucesso
2025-05-19 14:13:52.102 [org.springframework.amqp.rabbit.RabbitListenerEndpointContainer#1-1] INFO  com.eleicao.core.service.VotoService - Voto salvo: Voto{, type='eleicao-gp2', object='lionel messi', valor=1, timestamp=2025-05-19T14:13:52.092246700}
2025-05-19 14:13:52.155 [org.springframework.amqp.rabbit.RabbitListenerEndpointContainer#1-1] INFO  com.eleicao.core.component.VotoListener - Voto processado e lista atualizada: VotoDTO{type='eleicao-gp2', object='49', valor=1, timestamp=2025-05-19T14:13:52.092246700}
2025-05-19 14:13:52.158 [org.springframework.amqp.rabbit.RabbitListenerEndpointContainer#2-1] INFO  com.eleicao.core.component.WebSocketCandidatoListener - Recebido lista de candidatos via RabbitMQ, enviando via WebSocket: 7 candidatos
2025-05-19 14:13:52.160 [org.springframework.amqp.rabbit.RabbitListenerEndpointContainer#2-1] INFO  com.eleicao.core.component.WebSocketCandidatoListener - Lista de candidatos enviada via WebSocket com sucesso
2025-05-19 14:13:52.244 [org.springframework.amqp.rabbit.RabbitListenerEndpointContainer#1-1] INFO  com.eleicao.core.service.VotoService - Voto salvo: Voto{, type='eleicao-gp2', object='lionel messi', valor=1, timestamp=2025-05-19T14:13:52.237837700}
2025-05-19 14:13:52.270 [org.springframework.amqp.rabbit.RabbitListenerEndpointContainer#1-1] INFO  com.eleicao.core.component.VotoListener - Voto processado e lista atualizada: VotoDTO{type='eleicao-gp2', object='49', valor=1, timestamp=2025-05-19T14:13:52.237837700}
2025-05-19 14:13:52.270 [org.springframework.amqp.rabbit.RabbitListenerEndpointContainer#2-1] INFO  com.eleicao.core.component.WebSocketCandidatoListener - Recebido lista de candidatos via RabbitMQ, enviando via WebSocket: 7 candidatos
2025-05-19 14:13:52.270 [org.springframework.amqp.rabbit.RabbitListenerEndpointContainer#2-1] INFO  com.eleicao.core.component.WebSocketCandidatoListener - Lista de candidatos enviada via WebSocket com sucesso
2025-05-19 14:13:52.411 [org.springframework.amqp.rabbit.RabbitListenerEndpointContainer#1-1] INFO  com.eleicao.core.service.VotoService - Voto salvo: Voto{, type='eleicao-gp2', object='lionel messi', valor=1, timestamp=2025-05-19T14:13:52.402925600}
2025-05-19 14:13:52.459 [org.springframework.amqp.rabbit.RabbitListenerEndpointContainer#1-1] INFO  com.eleicao.core.component.VotoListener - Voto processado e lista atualizada: VotoDTO{type='eleicao-gp2', object='49', valor=1, timestamp=2025-05-19T14:13:52.402925600}
2025-05-19 14:13:52.459 [org.springframework.amqp.rabbit.RabbitListenerEndpointContainer#2-1] INFO  com.eleicao.core.component.WebSocketCandidatoListener - Recebido lista de candidatos via RabbitMQ, enviando via WebSocket: 7 candidatos
2025-05-19 14:13:52.459 [org.springframework.amqp.rabbit.RabbitListenerEndpointContainer#2-1] INFO  com.eleicao.core.component.WebSocketCandidatoListener - Lista de candidatos enviada via WebSocket com sucesso
2025-05-19 14:13:52.589 [org.springframework.amqp.rabbit.RabbitListenerEndpointContainer#1-1] INFO  com.eleicao.core.service.VotoService - Voto salvo: Voto{, type='eleicao-gp2', object='lionel messi', valor=1, timestamp=2025-05-19T14:13:52.582565600}
2025-05-19 14:13:52.613 [org.springframework.amqp.rabbit.RabbitListenerEndpointContainer#1-1] INFO  com.eleicao.core.component.VotoListener - Voto processado e lista atualizada: VotoDTO{type='eleicao-gp2', object='49', valor=1, timestamp=2025-05-19T14:13:52.582565600}
2025-05-19 14:13:52.617 [org.springframework.amqp.rabbit.RabbitListenerEndpointContainer#2-1] INFO  com.eleicao.core.component.WebSocketCandidatoListener - Recebido lista de candidatos via RabbitMQ, enviando via WebSocket: 7 candidatos
2025-05-19 14:13:52.619 [org.springframework.amqp.rabbit.RabbitListenerEndpointContainer#2-1] INFO  com.eleicao.core.component.WebSocketCandidatoListener - Lista de candidatos enviada via WebSocket com sucesso
2025-05-19 14:13:52.739 [org.springframework.amqp.rabbit.RabbitListenerEndpointContainer#1-1] INFO  com.eleicao.core.service.VotoService - Voto salvo: Voto{, type='eleicao-gp2', object='lionel messi', valor=1, timestamp=2025-05-19T14:13:52.733028800}
2025-05-19 14:13:52.785 [org.springframework.amqp.rabbit.RabbitListenerEndpointContainer#1-1] INFO  com.eleicao.core.component.VotoListener - Voto processado e lista atualizada: VotoDTO{type='eleicao-gp2', object='49', valor=1, timestamp=2025-05-19T14:13:52.733028800}
2025-05-19 14:13:52.790 [org.springframework.amqp.rabbit.RabbitListenerEndpointContainer#2-1] INFO  com.eleicao.core.component.WebSocketCandidatoListener - Recebido lista de candidatos via RabbitMQ, enviando via WebSocket: 7 candidatos
2025-05-19 14:13:52.790 [org.springframework.amqp.rabbit.RabbitListenerEndpointContainer#2-1] INFO  com.eleicao.core.component.WebSocketCandidatoListener - Lista de candidatos enviada via WebSocket com sucesso
2025-05-19 14:13:52.902 [org.springframework.amqp.rabbit.RabbitListenerEndpointContainer#1-1] INFO  com.eleicao.core.service.VotoService - Voto salvo: Voto{, type='eleicao-gp2', object='lionel messi', valor=1, timestamp=2025-05-19T14:13:52.888208}
2025-05-19 14:13:52.912 [org.springframework.amqp.rabbit.RabbitListenerEndpointContainer#1-1] INFO  com.eleicao.core.component.VotoListener - Voto processado e lista atualizada: VotoDTO{type='eleicao-gp2', object='49', valor=1, timestamp=2025-05-19T14:13:52.888208}
2025-05-19 14:13:52.912 [org.springframework.amqp.rabbit.RabbitListenerEndpointContainer#2-1] INFO  com.eleicao.core.component.WebSocketCandidatoListener - Recebido lista de candidatos via RabbitMQ, enviando via WebSocket: 7 candidatos
2025-05-19 14:13:52.912 [org.springframework.amqp.rabbit.RabbitListenerEndpointContainer#2-1] INFO  com.eleicao.core.component.WebSocketCandidatoListener - Lista de candidatos enviada via WebSocket com sucesso
2025-05-19 14:13:53.039 [org.springframework.amqp.rabbit.RabbitListenerEndpointContainer#1-1] INFO  com.eleicao.core.service.VotoService - Voto salvo: Voto{, type='eleicao-gp2', object='lionel messi', valor=1, timestamp=2025-05-19T14:13:53.028115900}
2025-05-19 14:13:53.086 [org.springframework.amqp.rabbit.RabbitListenerEndpointContainer#1-1] INFO  com.eleicao.core.component.VotoListener - Voto processado e lista atualizada: VotoDTO{type='eleicao-gp2', object='49', valor=1, timestamp=2025-05-19T14:13:53.028115900}
2025-05-19 14:13:53.086 [org.springframework.amqp.rabbit.RabbitListenerEndpointContainer#2-1] INFO  com.eleicao.core.component.WebSocketCandidatoListener - Recebido lista de candidatos via RabbitMQ, enviando via WebSocket: 7 candidatos
2025-05-19 14:13:53.086 [org.springframework.amqp.rabbit.RabbitListenerEndpointContainer#2-1] INFO  com.eleicao.core.component.WebSocketCandidatoListener - Lista de candidatos enviada via WebSocket com sucesso
2025-05-19 14:13:53.256 [org.springframework.amqp.rabbit.RabbitListenerEndpointContainer#1-1] INFO  com.eleicao.core.service.VotoService - Voto salvo: Voto{, type='eleicao-gp2', object='lionel messi', valor=1, timestamp=2025-05-19T14:13:53.246454800}
2025-05-19 14:13:53.268 [org.springframework.amqp.rabbit.RabbitListenerEndpointContainer#1-1] INFO  com.eleicao.core.component.VotoListener - Voto processado e lista atualizada: VotoDTO{type='eleicao-gp2', object='49', valor=1, timestamp=2025-05-19T14:13:53.246454800}
2025-05-19 14:13:53.278 [org.springframework.amqp.rabbit.RabbitListenerEndpointContainer#2-1] INFO  com.eleicao.core.component.WebSocketCandidatoListener - Recebido lista de candidatos via RabbitMQ, enviando via WebSocket: 7 candidatos
2025-05-19 14:13:53.278 [org.springframework.amqp.rabbit.RabbitListenerEndpointContainer#2-1] INFO  com.eleicao.core.component.WebSocketCandidatoListener - Lista de candidatos enviada via WebSocket com sucesso
2025-05-19 14:13:53.833 [org.springframework.amqp.rabbit.RabbitListenerEndpointContainer#1-1] INFO  com.eleicao.core.service.VotoService - Voto salvo: Voto{, type='eleicao-gp2', object='lionel messi', valor=1, timestamp=2025-05-19T14:13:53.815991900}
2025-05-19 14:13:53.880 [org.springframework.amqp.rabbit.RabbitListenerEndpointContainer#1-1] INFO  com.eleicao.core.component.VotoListener - Voto processado e lista atualizada: VotoDTO{type='eleicao-gp2', object='49', valor=1, timestamp=2025-05-19T14:13:53.815991900}
2025-05-19 14:13:53.883 [org.springframework.amqp.rabbit.RabbitListenerEndpointContainer#2-1] INFO  com.eleicao.core.component.WebSocketCandidatoListener - Recebido lista de candidatos via RabbitMQ, enviando via WebSocket: 7 candidatos
2025-05-19 14:13:53.887 [org.springframework.amqp.rabbit.RabbitListenerEndpointContainer#2-1] INFO  com.eleicao.core.component.WebSocketCandidatoListener - Lista de candidatos enviada via WebSocket com sucesso
2025-05-19 14:13:55.936 [org.springframework.amqp.rabbit.RabbitListenerEndpointContainer#1-1] INFO  com.eleicao.core.service.VotoService - Voto salvo: Voto{, type='eleicao-gp2', object='lionel messi', valor=1, timestamp=2025-05-19T14:13:55.921741}
2025-05-19 14:13:55.951 [org.springframework.amqp.rabbit.RabbitListenerEndpointContainer#1-1] INFO  com.eleicao.core.component.VotoListener - Voto processado e lista atualizada: VotoDTO{type='eleicao-gp2', object='49', valor=1, timestamp=2025-05-19T14:13:55.921741}
2025-05-19 14:13:55.967 [org.springframework.amqp.rabbit.RabbitListenerEndpointContainer#2-1] INFO  com.eleicao.core.component.WebSocketCandidatoListener - Recebido lista de candidatos via RabbitMQ, enviando via WebSocket: 7 candidatos
2025-05-19 14:13:55.967 [org.springframework.amqp.rabbit.RabbitListenerEndpointContainer#2-1] INFO  com.eleicao.core.component.WebSocketCandidatoListener - Lista de candidatos enviada via WebSocket com sucesso
2025-05-19 14:13:56.534 [org.springframework.amqp.rabbit.RabbitListenerEndpointContainer#1-1] INFO  com.eleicao.core.service.VotoService - Voto salvo: Voto{, type='eleicao-gp2', object='pedrao', valor=1, timestamp=2025-05-19T14:13:56.523497400}
2025-05-19 14:13:56.590 [org.springframework.amqp.rabbit.RabbitListenerEndpointContainer#1-1] INFO  com.eleicao.core.component.VotoListener - Voto processado e lista atualizada: VotoDTO{type='eleicao-gp2', object='13', valor=1, timestamp=2025-05-19T14:13:56.523497400}
2025-05-19 14:13:56.592 [org.springframework.amqp.rabbit.RabbitListenerEndpointContainer#2-1] INFO  com.eleicao.core.component.WebSocketCandidatoListener - Recebido lista de candidatos via RabbitMQ, enviando via WebSocket: 7 candidatos
2025-05-19 14:13:56.592 [org.springframework.amqp.rabbit.RabbitListenerEndpointContainer#2-1] INFO  com.eleicao.core.component.WebSocketCandidatoListener - Lista de candidatos enviada via WebSocket com sucesso
2025-05-19 14:13:57.343 [org.springframework.amqp.rabbit.RabbitListenerEndpointContainer#1-1] INFO  com.eleicao.core.service.VotoService - Voto salvo: Voto{, type='eleicao-gp2', object='lionel messi', valor=1, timestamp=2025-05-19T14:13:57.333927600}
2025-05-19 14:13:57.365 [org.springframework.amqp.rabbit.RabbitListenerEndpointContainer#1-1] INFO  com.eleicao.core.component.VotoListener - Voto processado e lista atualizada: VotoDTO{type='eleicao-gp2', object='49', valor=1, timestamp=2025-05-19T14:13:57.333927600}
2025-05-19 14:13:57.365 [org.springframework.amqp.rabbit.RabbitListenerEndpointContainer#2-1] INFO  com.eleicao.core.component.WebSocketCandidatoListener - Recebido lista de candidatos via RabbitMQ, enviando via WebSocket: 7 candidatos
2025-05-19 14:13:57.365 [org.springframework.amqp.rabbit.RabbitListenerEndpointContainer#2-1] INFO  com.eleicao.core.component.WebSocketCandidatoListener - Lista de candidatos enviada via WebSocket com sucesso
2025-05-19 14:13:58.852 [org.springframework.amqp.rabbit.RabbitListenerEndpointContainer#1-1] INFO  com.eleicao.core.service.VotoService - Voto salvo: Voto{, type='eleicao-gp2', object='lionel messi', valor=1, timestamp=2025-05-19T14:13:58.843249500}
2025-05-19 14:13:58.890 [org.springframework.amqp.rabbit.RabbitListenerEndpointContainer#1-1] INFO  com.eleicao.core.component.VotoListener - Voto processado e lista atualizada: VotoDTO{type='eleicao-gp2', object='49', valor=1, timestamp=2025-05-19T14:13:58.843249500}
2025-05-19 14:13:58.895 [org.springframework.amqp.rabbit.RabbitListenerEndpointContainer#2-1] INFO  com.eleicao.core.component.WebSocketCandidatoListener - Recebido lista de candidatos via RabbitMQ, enviando via WebSocket: 7 candidatos
2025-05-19 14:13:58.899 [org.springframework.amqp.rabbit.RabbitListenerEndpointContainer#2-1] INFO  com.eleicao.core.component.WebSocketCandidatoListener - Lista de candidatos enviada via WebSocket com sucesso
2025-05-19 14:14:00.496 [org.springframework.amqp.rabbit.RabbitListenerEndpointContainer#1-1] INFO  com.eleicao.core.service.VotoService - Voto salvo: Voto{, type='eleicao-gp2', object='lionel messi', valor=1, timestamp=2025-05-19T14:14:00.482597}
2025-05-19 14:14:00.546 [org.springframework.amqp.rabbit.RabbitListenerEndpointContainer#1-1] INFO  com.eleicao.core.component.VotoListener - Voto processado e lista atualizada: VotoDTO{type='eleicao-gp2', object='49', valor=1, timestamp=2025-05-19T14:14:00.482597}
2025-05-19 14:14:00.549 [org.springframework.amqp.rabbit.RabbitListenerEndpointContainer#2-1] INFO  com.eleicao.core.component.WebSocketCandidatoListener - Recebido lista de candidatos via RabbitMQ, enviando via WebSocket: 7 candidatos
2025-05-19 14:14:00.553 [org.springframework.amqp.rabbit.RabbitListenerEndpointContainer#2-1] INFO  com.eleicao.core.component.WebSocketCandidatoListener - Lista de candidatos enviada via WebSocket com sucesso
2025-05-19 14:14:00.712 [org.springframework.amqp.rabbit.RabbitListenerEndpointContainer#1-1] INFO  com.eleicao.core.service.VotoService - Voto salvo: Voto{, type='eleicao-gp2', object='lionel messi', valor=1, timestamp=2025-05-19T14:14:00.701446800}
2025-05-19 14:14:00.768 [org.springframework.amqp.rabbit.RabbitListenerEndpointContainer#1-1] INFO  com.eleicao.core.component.VotoListener - Voto processado e lista atualizada: VotoDTO{type='eleicao-gp2', object='49', valor=1, timestamp=2025-05-19T14:14:00.701446800}
2025-05-19 14:14:00.771 [org.springframework.amqp.rabbit.RabbitListenerEndpointContainer#2-1] INFO  com.eleicao.core.component.WebSocketCandidatoListener - Recebido lista de candidatos via RabbitMQ, enviando via WebSocket: 7 candidatos
2025-05-19 14:14:00.773 [org.springframework.amqp.rabbit.RabbitListenerEndpointContainer#2-1] INFO  com.eleicao.core.component.WebSocketCandidatoListener - Lista de candidatos enviada via WebSocket com sucesso
2025-05-19 14:14:01.473 [org.springframework.amqp.rabbit.RabbitListenerEndpointContainer#1-1] INFO  com.eleicao.core.service.VotoService - Voto salvo: Voto{, type='eleicao-gp2', object='lionel messi', valor=1, timestamp=2025-05-19T14:14:01.462421800}
2025-05-19 14:14:01.505 [org.springframework.amqp.rabbit.RabbitListenerEndpointContainer#1-1] INFO  com.eleicao.core.component.VotoListener - Voto processado e lista atualizada: VotoDTO{type='eleicao-gp2', object='49', valor=1, timestamp=2025-05-19T14:14:01.462421800}
2025-05-19 14:14:01.512 [org.springframework.amqp.rabbit.RabbitListenerEndpointContainer#2-1] INFO  com.eleicao.core.component.WebSocketCandidatoListener - Recebido lista de candidatos via RabbitMQ, enviando via WebSocket: 7 candidatos
2025-05-19 14:14:01.515 [org.springframework.amqp.rabbit.RabbitListenerEndpointContainer#2-1] INFO  com.eleicao.core.component.WebSocketCandidatoListener - Lista de candidatos enviada via WebSocket com sucesso
2025-05-19 14:14:01.608 [org.springframework.amqp.rabbit.RabbitListenerEndpointContainer#1-1] INFO  com.eleicao.core.service.VotoService - Voto salvo: Voto{, type='eleicao-gp2', object='lionel messi', valor=1, timestamp=2025-05-19T14:14:01.598188900}
2025-05-19 14:14:01.651 [org.springframework.amqp.rabbit.RabbitListenerEndpointContainer#1-1] INFO  com.eleicao.core.component.VotoListener - Voto processado e lista atualizada: VotoDTO{type='eleicao-gp2', object='49', valor=1, timestamp=2025-05-19T14:14:01.598188900}
2025-05-19 14:14:01.657 [org.springframework.amqp.rabbit.RabbitListenerEndpointContainer#2-1] INFO  com.eleicao.core.component.WebSocketCandidatoListener - Recebido lista de candidatos via RabbitMQ, enviando via WebSocket: 7 candidatos
2025-05-19 14:14:01.659 [org.springframework.amqp.rabbit.RabbitListenerEndpointContainer#2-1] INFO  com.eleicao.core.component.WebSocketCandidatoListener - Lista de candidatos enviada via WebSocket com sucesso
2025-05-19 14:14:01.739 [org.springframework.amqp.rabbit.RabbitListenerEndpointContainer#1-1] INFO  com.eleicao.core.service.VotoService - Voto salvo: Voto{, type='eleicao-gp2', object='lionel messi', valor=1, timestamp=2025-05-19T14:14:01.731563100}
2025-05-19 14:14:01.766 [org.springframework.amqp.rabbit.RabbitListenerEndpointContainer#1-1] INFO  com.eleicao.core.component.VotoListener - Voto processado e lista atualizada: VotoDTO{type='eleicao-gp2', object='49', valor=1, timestamp=2025-05-19T14:14:01.731563100}
2025-05-19 14:14:01.772 [org.springframework.amqp.rabbit.RabbitListenerEndpointContainer#2-1] INFO  com.eleicao.core.component.WebSocketCandidatoListener - Recebido lista de candidatos via RabbitMQ, enviando via WebSocket: 7 candidatos
2025-05-19 14:14:01.774 [org.springframework.amqp.rabbit.RabbitListenerEndpointContainer#2-1] INFO  com.eleicao.core.component.WebSocketCandidatoListener - Lista de candidatos enviada via WebSocket com sucesso
2025-05-19 14:14:01.934 [org.springframework.amqp.rabbit.RabbitListenerEndpointContainer#1-1] INFO  com.eleicao.core.service.VotoService - Voto salvo: Voto{, type='eleicao-gp2', object='lionel messi', valor=1, timestamp=2025-05-19T14:14:01.924748700}
2025-05-19 14:14:01.982 [org.springframework.amqp.rabbit.RabbitListenerEndpointContainer#1-1] INFO  com.eleicao.core.component.VotoListener - Voto processado e lista atualizada: VotoDTO{type='eleicao-gp2', object='49', valor=1, timestamp=2025-05-19T14:14:01.924748700}
2025-05-19 14:14:01.988 [org.springframework.amqp.rabbit.RabbitListenerEndpointContainer#2-1] INFO  com.eleicao.core.component.WebSocketCandidatoListener - Recebido lista de candidatos via RabbitMQ, enviando via WebSocket: 7 candidatos
2025-05-19 14:14:01.988 [org.springframework.amqp.rabbit.RabbitListenerEndpointContainer#2-1] INFO  com.eleicao.core.component.WebSocketCandidatoListener - Lista de candidatos enviada via WebSocket com sucesso
2025-05-19 14:14:02.091 [org.springframework.amqp.rabbit.RabbitListenerEndpointContainer#1-1] INFO  com.eleicao.core.service.VotoService - Voto salvo: Voto{, type='eleicao-gp2', object='lionel messi', valor=1, timestamp=2025-05-19T14:14:02.082642500}
2025-05-19 14:14:02.138 [org.springframework.amqp.rabbit.RabbitListenerEndpointContainer#1-1] INFO  com.eleicao.core.component.VotoListener - Voto processado e lista atualizada: VotoDTO{type='eleicao-gp2', object='49', valor=1, timestamp=2025-05-19T14:14:02.082642500}
2025-05-19 14:14:02.138 [org.springframework.amqp.rabbit.RabbitListenerEndpointContainer#2-1] INFO  com.eleicao.core.component.WebSocketCandidatoListener - Recebido lista de candidatos via RabbitMQ, enviando via WebSocket: 7 candidatos
2025-05-19 14:14:02.142 [org.springframework.amqp.rabbit.RabbitListenerEndpointContainer#2-1] INFO  com.eleicao.core.component.WebSocketCandidatoListener - Lista de candidatos enviada via WebSocket com sucesso
2025-05-19 14:14:02.230 [org.springframework.amqp.rabbit.RabbitListenerEndpointContainer#1-1] INFO  com.eleicao.core.service.VotoService - Voto salvo: Voto{, type='eleicao-gp2', object='lionel messi', valor=1, timestamp=2025-05-19T14:14:02.222741100}
2025-05-19 14:14:02.250 [org.springframework.amqp.rabbit.RabbitListenerEndpointContainer#1-1] INFO  com.eleicao.core.component.VotoListener - Voto processado e lista atualizada: VotoDTO{type='eleicao-gp2', object='49', valor=1, timestamp=2025-05-19T14:14:02.222741100}
2025-05-19 14:14:02.250 [org.springframework.amqp.rabbit.RabbitListenerEndpointContainer#2-1] INFO  com.eleicao.core.component.WebSocketCandidatoListener - Recebido lista de candidatos via RabbitMQ, enviando via WebSocket: 7 candidatos
2025-05-19 14:14:02.255 [org.springframework.amqp.rabbit.RabbitListenerEndpointContainer#2-1] INFO  com.eleicao.core.component.WebSocketCandidatoListener - Lista de candidatos enviada via WebSocket com sucesso
2025-05-19 14:14:02.377 [org.springframework.amqp.rabbit.RabbitListenerEndpointContainer#1-1] INFO  com.eleicao.core.service.VotoService - Voto salvo: Voto{, type='eleicao-gp2', object='lionel messi', valor=1, timestamp=2025-05-19T14:14:02.371840500}
2025-05-19 14:14:02.397 [org.springframework.amqp.rabbit.RabbitListenerEndpointContainer#1-1] INFO  com.eleicao.core.component.VotoListener - Voto processado e lista atualizada: VotoDTO{type='eleicao-gp2', object='49', valor=1, timestamp=2025-05-19T14:14:02.371840500}
2025-05-19 14:14:02.399 [org.springframework.amqp.rabbit.RabbitListenerEndpointContainer#2-1] INFO  com.eleicao.core.component.WebSocketCandidatoListener - Recebido lista de candidatos via RabbitMQ, enviando via WebSocket: 7 candidatos
2025-05-19 14:14:02.399 [org.springframework.amqp.rabbit.RabbitListenerEndpointContainer#2-1] INFO  com.eleicao.core.component.WebSocketCandidatoListener - Lista de candidatos enviada via WebSocket com sucesso
2025-05-19 14:14:02.545 [org.springframework.amqp.rabbit.RabbitListenerEndpointContainer#1-1] INFO  com.eleicao.core.service.VotoService - Voto salvo: Voto{, type='eleicao-gp2', object='lionel messi', valor=1, timestamp=2025-05-19T14:14:02.537531}
2025-05-19 14:14:02.594 [org.springframework.amqp.rabbit.RabbitListenerEndpointContainer#1-1] INFO  com.eleicao.core.component.VotoListener - Voto processado e lista atualizada: VotoDTO{type='eleicao-gp2', object='49', valor=1, timestamp=2025-05-19T14:14:02.537531}
2025-05-19 14:14:02.600 [org.springframework.amqp.rabbit.RabbitListenerEndpointContainer#2-1] INFO  com.eleicao.core.component.WebSocketCandidatoListener - Recebido lista de candidatos via RabbitMQ, enviando via WebSocket: 7 candidatos
2025-05-19 14:14:02.600 [org.springframework.amqp.rabbit.RabbitListenerEndpointContainer#2-1] INFO  com.eleicao.core.component.WebSocketCandidatoListener - Lista de candidatos enviada via WebSocket com sucesso
2025-05-19 14:14:02.725 [org.springframework.amqp.rabbit.RabbitListenerEndpointContainer#1-1] INFO  com.eleicao.core.service.VotoService - Voto salvo: Voto{, type='eleicao-gp2', object='lionel messi', valor=1, timestamp=2025-05-19T14:14:02.715925500}
2025-05-19 14:14:02.764 [org.springframework.amqp.rabbit.RabbitListenerEndpointContainer#1-1] INFO  com.eleicao.core.component.VotoListener - Voto processado e lista atualizada: VotoDTO{type='eleicao-gp2', object='49', valor=1, timestamp=2025-05-19T14:14:02.715925500}
2025-05-19 14:14:02.773 [org.springframework.amqp.rabbit.RabbitListenerEndpointContainer#2-1] INFO  com.eleicao.core.component.WebSocketCandidatoListener - Recebido lista de candidatos via RabbitMQ, enviando via WebSocket: 7 candidatos
2025-05-19 14:14:02.775 [org.springframework.amqp.rabbit.RabbitListenerEndpointContainer#2-1] INFO  com.eleicao.core.component.WebSocketCandidatoListener - Lista de candidatos enviada via WebSocket com sucesso
2025-05-19 14:14:02.877 [org.springframework.amqp.rabbit.RabbitListenerEndpointContainer#1-1] INFO  com.eleicao.core.service.VotoService - Voto salvo: Voto{, type='eleicao-gp2', object='lionel messi', valor=1, timestamp=2025-05-19T14:14:02.871777800}
2025-05-19 14:14:02.918 [org.springframework.amqp.rabbit.RabbitListenerEndpointContainer#1-1] INFO  com.eleicao.core.component.VotoListener - Voto processado e lista atualizada: VotoDTO{type='eleicao-gp2', object='49', valor=1, timestamp=2025-05-19T14:14:02.871777800}
2025-05-19 14:14:02.918 [org.springframework.amqp.rabbit.RabbitListenerEndpointContainer#2-1] INFO  com.eleicao.core.component.WebSocketCandidatoListener - Recebido lista de candidatos via RabbitMQ, enviando via WebSocket: 7 candidatos
2025-05-19 14:14:02.924 [org.springframework.amqp.rabbit.RabbitListenerEndpointContainer#2-1] INFO  com.eleicao.core.component.WebSocketCandidatoListener - Lista de candidatos enviada via WebSocket com sucesso
2025-05-19 14:14:03.051 [org.springframework.amqp.rabbit.RabbitListenerEndpointContainer#1-1] INFO  com.eleicao.core.service.VotoService - Voto salvo: Voto{, type='eleicao-gp2', object='lionel messi', valor=1, timestamp=2025-05-19T14:14:03.044183600}
2025-05-19 14:14:03.095 [org.springframework.amqp.rabbit.RabbitListenerEndpointContainer#1-1] INFO  com.eleicao.core.component.VotoListener - Voto processado e lista atualizada: VotoDTO{type='eleicao-gp2', object='49', valor=1, timestamp=2025-05-19T14:14:03.044183600}
2025-05-19 14:14:03.099 [org.springframework.amqp.rabbit.RabbitListenerEndpointContainer#2-1] INFO  com.eleicao.core.component.WebSocketCandidatoListener - Recebido lista de candidatos via RabbitMQ, enviando via WebSocket: 7 candidatos
2025-05-19 14:14:03.101 [org.springframework.amqp.rabbit.RabbitListenerEndpointContainer#2-1] INFO  com.eleicao.core.component.WebSocketCandidatoListener - Lista de candidatos enviada via WebSocket com sucesso
2025-05-19 14:14:03.215 [org.springframework.amqp.rabbit.RabbitListenerEndpointContainer#1-1] INFO  com.eleicao.core.service.VotoService - Voto salvo: Voto{, type='eleicao-gp2', object='lionel messi', valor=1, timestamp=2025-05-19T14:14:03.207782}
2025-05-19 14:14:03.265 [org.springframework.amqp.rabbit.RabbitListenerEndpointContainer#1-1] INFO  com.eleicao.core.component.VotoListener - Voto processado e lista atualizada: VotoDTO{type='eleicao-gp2', object='49', valor=1, timestamp=2025-05-19T14:14:03.207782}
2025-05-19 14:14:03.268 [org.springframework.amqp.rabbit.RabbitListenerEndpointContainer#2-1] INFO  com.eleicao.core.component.WebSocketCandidatoListener - Recebido lista de candidatos via RabbitMQ, enviando via WebSocket: 7 candidatos
2025-05-19 14:14:03.268 [org.springframework.amqp.rabbit.RabbitListenerEndpointContainer#2-1] INFO  com.eleicao.core.component.WebSocketCandidatoListener - Lista de candidatos enviada via WebSocket com sucesso
2025-05-19 14:14:03.377 [org.springframework.amqp.rabbit.RabbitListenerEndpointContainer#1-1] INFO  com.eleicao.core.service.VotoService - Voto salvo: Voto{, type='eleicao-gp2', object='lionel messi', valor=1, timestamp=2025-05-19T14:14:03.369815400}
2025-05-19 14:14:03.421 [org.springframework.amqp.rabbit.RabbitListenerEndpointContainer#1-1] INFO  com.eleicao.core.component.VotoListener - Voto processado e lista atualizada: VotoDTO{type='eleicao-gp2', object='49', valor=1, timestamp=2025-05-19T14:14:03.369815400}
2025-05-19 14:14:03.421 [org.springframework.amqp.rabbit.RabbitListenerEndpointContainer#2-1] INFO  com.eleicao.core.component.WebSocketCandidatoListener - Recebido lista de candidatos via RabbitMQ, enviando via WebSocket: 7 candidatos
2025-05-19 14:14:03.421 [org.springframework.amqp.rabbit.RabbitListenerEndpointContainer#2-1] INFO  com.eleicao.core.component.WebSocketCandidatoListener - Lista de candidatos enviada via WebSocket com sucesso
2025-05-19 14:14:03.538 [org.springframework.amqp.rabbit.RabbitListenerEndpointContainer#1-1] INFO  com.eleicao.core.service.VotoService - Voto salvo: Voto{, type='eleicao-gp2', object='lionel messi', valor=1, timestamp=2025-05-19T14:14:03.529916800}
2025-05-19 14:14:03.583 [org.springframework.amqp.rabbit.RabbitListenerEndpointContainer#1-1] INFO  com.eleicao.core.component.VotoListener - Voto processado e lista atualizada: VotoDTO{type='eleicao-gp2', object='49', valor=1, timestamp=2025-05-19T14:14:03.529916800}
2025-05-19 14:14:03.585 [org.springframework.amqp.rabbit.RabbitListenerEndpointContainer#2-1] INFO  com.eleicao.core.component.WebSocketCandidatoListener - Recebido lista de candidatos via RabbitMQ, enviando via WebSocket: 7 candidatos
2025-05-19 14:14:03.588 [org.springframework.amqp.rabbit.RabbitListenerEndpointContainer#2-1] INFO  com.eleicao.core.component.WebSocketCandidatoListener - Lista de candidatos enviada via WebSocket com sucesso
2025-05-19 14:14:03.743 [org.springframework.amqp.rabbit.RabbitListenerEndpointContainer#1-1] INFO  com.eleicao.core.service.VotoService - Voto salvo: Voto{, type='eleicao-gp2', object='lionel messi', valor=1, timestamp=2025-05-19T14:14:03.733436100}
2025-05-19 14:14:03.784 [org.springframework.amqp.rabbit.RabbitListenerEndpointContainer#1-1] INFO  com.eleicao.core.component.VotoListener - Voto processado e lista atualizada: VotoDTO{type='eleicao-gp2', object='49', valor=1, timestamp=2025-05-19T14:14:03.733436100}
2025-05-19 14:14:03.784 [org.springframework.amqp.rabbit.RabbitListenerEndpointContainer#2-1] INFO  com.eleicao.core.component.WebSocketCandidatoListener - Recebido lista de candidatos via RabbitMQ, enviando via WebSocket: 7 candidatos
2025-05-19 14:14:03.784 [org.springframework.amqp.rabbit.RabbitListenerEndpointContainer#2-1] INFO  com.eleicao.core.component.WebSocketCandidatoListener - Lista de candidatos enviada via WebSocket com sucesso
2025-05-19 14:14:04.105 [org.springframework.amqp.rabbit.RabbitListenerEndpointContainer#1-1] INFO  com.eleicao.core.service.VotoService - Voto salvo: Voto{, type='eleicao-gp2', object='lionel messi', valor=1, timestamp=2025-05-19T14:14:04.096589500}
2025-05-19 14:14:04.109 [org.springframework.amqp.rabbit.RabbitListenerEndpointContainer#1-1] INFO  com.eleicao.core.component.VotoListener - Voto processado e lista atualizada: VotoDTO{type='eleicao-gp2', object='49', valor=1, timestamp=2025-05-19T14:14:04.096589500}
2025-05-19 14:14:04.126 [org.springframework.amqp.rabbit.RabbitListenerEndpointContainer#2-1] INFO  com.eleicao.core.component.WebSocketCandidatoListener - Recebido lista de candidatos via RabbitMQ, enviando via WebSocket: 7 candidatos
2025-05-19 14:14:04.126 [org.springframework.amqp.rabbit.RabbitListenerEndpointContainer#2-1] INFO  com.eleicao.core.component.WebSocketCandidatoListener - Lista de candidatos enviada via WebSocket com sucesso
2025-05-19 14:14:04.428 [org.springframework.amqp.rabbit.RabbitListenerEndpointContainer#1-1] INFO  com.eleicao.core.service.VotoService - Voto salvo: Voto{, type='eleicao-gp2', object='lionel messi', valor=1, timestamp=2025-05-19T14:14:04.426425700}
2025-05-19 14:14:04.447 [org.springframework.amqp.rabbit.RabbitListenerEndpointContainer#1-1] INFO  com.eleicao.core.component.VotoListener - Voto processado e lista atualizada: VotoDTO{type='eleicao-gp2', object='49', valor=1, timestamp=2025-05-19T14:14:04.426425700}
2025-05-19 14:14:04.447 [org.springframework.amqp.rabbit.RabbitListenerEndpointContainer#2-1] INFO  com.eleicao.core.component.WebSocketCandidatoListener - Recebido lista de candidatos via RabbitMQ, enviando via WebSocket: 7 candidatos
2025-05-19 14:14:04.447 [org.springframework.amqp.rabbit.RabbitListenerEndpointContainer#2-1] INFO  com.eleicao.core.component.WebSocketCandidatoListener - Lista de candidatos enviada via WebSocket com sucesso
2025-05-19 14:14:04.726 [org.springframework.amqp.rabbit.RabbitListenerEndpointContainer#1-1] INFO  com.eleicao.core.service.VotoService - Voto salvo: Voto{, type='eleicao-gp2', object='lionel messi', valor=1, timestamp=2025-05-19T14:14:04.720577700}
2025-05-19 14:14:04.741 [org.springframework.amqp.rabbit.RabbitListenerEndpointContainer#1-1] INFO  com.eleicao.core.component.VotoListener - Voto processado e lista atualizada: VotoDTO{type='eleicao-gp2', object='49', valor=1, timestamp=2025-05-19T14:14:04.720577700}
2025-05-19 14:14:04.741 [org.springframework.amqp.rabbit.RabbitListenerEndpointContainer#2-1] INFO  com.eleicao.core.component.WebSocketCandidatoListener - Recebido lista de candidatos via RabbitMQ, enviando via WebSocket: 7 candidatos
2025-05-19 14:14:04.741 [org.springframework.amqp.rabbit.RabbitListenerEndpointContainer#2-1] INFO  com.eleicao.core.component.WebSocketCandidatoListener - Lista de candidatos enviada via WebSocket com sucesso
2025-05-19 14:14:06.727 [org.springframework.amqp.rabbit.RabbitListenerEndpointContainer#1-1] INFO  com.eleicao.core.service.VotoService - Voto salvo: Voto{, type='eleicao-gp2', object='lionel messi', valor=1, timestamp=2025-05-19T14:14:06.716207700}
2025-05-19 14:14:06.774 [org.springframework.amqp.rabbit.RabbitListenerEndpointContainer#1-1] INFO  com.eleicao.core.component.VotoListener - Voto processado e lista atualizada: VotoDTO{type='eleicao-gp2', object='49', valor=1, timestamp=2025-05-19T14:14:06.716207700}
2025-05-19 14:14:06.774 [org.springframework.amqp.rabbit.RabbitListenerEndpointContainer#2-1] INFO  com.eleicao.core.component.WebSocketCandidatoListener - Recebido lista de candidatos via RabbitMQ, enviando via WebSocket: 7 candidatos
2025-05-19 14:14:06.774 [org.springframework.amqp.rabbit.RabbitListenerEndpointContainer#2-1] INFO  com.eleicao.core.component.WebSocketCandidatoListener - Lista de candidatos enviada via WebSocket com sucesso
2025-05-19 14:14:06.891 [org.springframework.amqp.rabbit.RabbitListenerEndpointContainer#1-1] INFO  com.eleicao.core.service.VotoService - Voto salvo: Voto{, type='eleicao-gp2', object='lionel messi', valor=1, timestamp=2025-05-19T14:14:06.881605}
2025-05-19 14:14:06.903 [org.springframework.amqp.rabbit.RabbitListenerEndpointContainer#1-1] INFO  com.eleicao.core.component.VotoListener - Voto processado e lista atualizada: VotoDTO{type='eleicao-gp2', object='49', valor=1, timestamp=2025-05-19T14:14:06.881605}
2025-05-19 14:14:06.903 [org.springframework.amqp.rabbit.RabbitListenerEndpointContainer#2-1] INFO  com.eleicao.core.component.WebSocketCandidatoListener - Recebido lista de candidatos via RabbitMQ, enviando via WebSocket: 7 candidatos
2025-05-19 14:14:06.903 [org.springframework.amqp.rabbit.RabbitListenerEndpointContainer#2-1] INFO  com.eleicao.core.component.WebSocketCandidatoListener - Lista de candidatos enviada via WebSocket com sucesso
2025-05-19 14:14:07.030 [org.springframework.amqp.rabbit.RabbitListenerEndpointContainer#1-1] INFO  com.eleicao.core.service.VotoService - Voto salvo: Voto{, type='eleicao-gp2', object='lionel messi', valor=1, timestamp=2025-05-19T14:14:07.024377500}
2025-05-19 14:14:07.073 [org.springframework.amqp.rabbit.RabbitListenerEndpointContainer#1-1] INFO  com.eleicao.core.component.VotoListener - Voto processado e lista atualizada: VotoDTO{type='eleicao-gp2', object='49', valor=1, timestamp=2025-05-19T14:14:07.024377500}
2025-05-19 14:14:07.078 [org.springframework.amqp.rabbit.RabbitListenerEndpointContainer#2-1] INFO  com.eleicao.core.component.WebSocketCandidatoListener - Recebido lista de candidatos via RabbitMQ, enviando via WebSocket: 7 candidatos
2025-05-19 14:14:07.078 [org.springframework.amqp.rabbit.RabbitListenerEndpointContainer#2-1] INFO  com.eleicao.core.component.WebSocketCandidatoListener - Lista de candidatos enviada via WebSocket com sucesso
2025-05-19 14:14:07.217 [org.springframework.amqp.rabbit.RabbitListenerEndpointContainer#1-1] INFO  com.eleicao.core.service.VotoService - Voto salvo: Voto{, type='eleicao-gp2', object='lionel messi', valor=1, timestamp=2025-05-19T14:14:07.206548}
2025-05-19 14:14:07.263 [org.springframework.amqp.rabbit.RabbitListenerEndpointContainer#1-1] INFO  com.eleicao.core.component.VotoListener - Voto processado e lista atualizada: VotoDTO{type='eleicao-gp2', object='49', valor=1, timestamp=2025-05-19T14:14:07.206548}
2025-05-19 14:14:07.268 [org.springframework.amqp.rabbit.RabbitListenerEndpointContainer#2-1] INFO  com.eleicao.core.component.WebSocketCandidatoListener - Recebido lista de candidatos via RabbitMQ, enviando via WebSocket: 7 candidatos
2025-05-19 14:14:07.268 [org.springframework.amqp.rabbit.RabbitListenerEndpointContainer#2-1] INFO  com.eleicao.core.component.WebSocketCandidatoListener - Lista de candidatos enviada via WebSocket com sucesso
2025-05-19 14:14:07.374 [org.springframework.amqp.rabbit.RabbitListenerEndpointContainer#1-1] INFO  com.eleicao.core.service.VotoService - Voto salvo: Voto{, type='eleicao-gp2', object='lionel messi', valor=1, timestamp=2025-05-19T14:14:07.361838700}
2025-05-19 14:14:07.385 [org.springframework.amqp.rabbit.RabbitListenerEndpointContainer#1-1] INFO  com.eleicao.core.component.VotoListener - Voto processado e lista atualizada: VotoDTO{type='eleicao-gp2', object='49', valor=1, timestamp=2025-05-19T14:14:07.361838700}
2025-05-19 14:14:07.385 [org.springframework.amqp.rabbit.RabbitListenerEndpointContainer#2-1] INFO  com.eleicao.core.component.WebSocketCandidatoListener - Recebido lista de candidatos via RabbitMQ, enviando via WebSocket: 7 candidatos
2025-05-19 14:14:07.385 [org.springframework.amqp.rabbit.RabbitListenerEndpointContainer#2-1] INFO  com.eleicao.core.component.WebSocketCandidatoListener - Lista de candidatos enviada via WebSocket com sucesso
2025-05-19 14:14:07.542 [org.springframework.amqp.rabbit.RabbitListenerEndpointContainer#1-1] INFO  com.eleicao.core.service.VotoService - Voto salvo: Voto{, type='eleicao-gp2', object='lionel messi', valor=1, timestamp=2025-05-19T14:14:07.526739}
2025-05-19 14:14:07.583 [org.springframework.amqp.rabbit.RabbitListenerEndpointContainer#1-1] INFO  com.eleicao.core.component.VotoListener - Voto processado e lista atualizada: VotoDTO{type='eleicao-gp2', object='49', valor=1, timestamp=2025-05-19T14:14:07.526739}
2025-05-19 14:14:07.583 [org.springframework.amqp.rabbit.RabbitListenerEndpointContainer#2-1] INFO  com.eleicao.core.component.WebSocketCandidatoListener - Recebido lista de candidatos via RabbitMQ, enviando via WebSocket: 7 candidatos
2025-05-19 14:14:07.590 [org.springframework.amqp.rabbit.RabbitListenerEndpointContainer#2-1] INFO  com.eleicao.core.component.WebSocketCandidatoListener - Lista de candidatos enviada via WebSocket com sucesso
2025-05-19 14:14:07.703 [org.springframework.amqp.rabbit.RabbitListenerEndpointContainer#1-1] INFO  com.eleicao.core.service.VotoService - Voto salvo: Voto{, type='eleicao-gp2', object='lionel messi', valor=1, timestamp=2025-05-19T14:14:07.693215800}
2025-05-19 14:14:07.757 [org.springframework.amqp.rabbit.RabbitListenerEndpointContainer#1-1] INFO  com.eleicao.core.component.VotoListener - Voto processado e lista atualizada: VotoDTO{type='eleicao-gp2', object='49', valor=1, timestamp=2025-05-19T14:14:07.693215800}
2025-05-19 14:14:07.767 [org.springframework.amqp.rabbit.RabbitListenerEndpointContainer#2-1] INFO  com.eleicao.core.component.WebSocketCandidatoListener - Recebido lista de candidatos via RabbitMQ, enviando via WebSocket: 7 candidatos
2025-05-19 14:14:07.767 [org.springframework.amqp.rabbit.RabbitListenerEndpointContainer#2-1] INFO  com.eleicao.core.component.WebSocketCandidatoListener - Lista de candidatos enviada via WebSocket com sucesso
2025-05-19 14:14:07.890 [org.springframework.amqp.rabbit.RabbitListenerEndpointContainer#1-1] INFO  com.eleicao.core.service.VotoService - Voto salvo: Voto{, type='eleicao-gp2', object='lionel messi', valor=1, timestamp=2025-05-19T14:14:07.879008900}
2025-05-19 14:14:07.934 [org.springframework.amqp.rabbit.RabbitListenerEndpointContainer#1-1] INFO  com.eleicao.core.component.VotoListener - Voto processado e lista atualizada: VotoDTO{type='eleicao-gp2', object='49', valor=1, timestamp=2025-05-19T14:14:07.879008900}
2025-05-19 14:14:07.935 [org.springframework.amqp.rabbit.RabbitListenerEndpointContainer#2-1] INFO  com.eleicao.core.component.WebSocketCandidatoListener - Recebido lista de candidatos via RabbitMQ, enviando via WebSocket: 7 candidatos
2025-05-19 14:14:07.935 [org.springframework.amqp.rabbit.RabbitListenerEndpointContainer#2-1] INFO  com.eleicao.core.component.WebSocketCandidatoListener - Lista de candidatos enviada via WebSocket com sucesso
2025-05-19 14:14:08.033 [org.springframework.amqp.rabbit.RabbitListenerEndpointContainer#1-1] INFO  com.eleicao.core.service.VotoService - Voto salvo: Voto{, type='eleicao-gp2', object='lionel messi', valor=1, timestamp=2025-05-19T14:14:08.026864300}
2025-05-19 14:14:08.079 [org.springframework.amqp.rabbit.RabbitListenerEndpointContainer#1-1] INFO  com.eleicao.core.component.VotoListener - Voto processado e lista atualizada: VotoDTO{type='eleicao-gp2', object='49', valor=1, timestamp=2025-05-19T14:14:08.026864300}
2025-05-19 14:14:08.083 [org.springframework.amqp.rabbit.RabbitListenerEndpointContainer#2-1] INFO  com.eleicao.core.component.WebSocketCandidatoListener - Recebido lista de candidatos via RabbitMQ, enviando via WebSocket: 7 candidatos
2025-05-19 14:14:08.085 [org.springframework.amqp.rabbit.RabbitListenerEndpointContainer#2-1] INFO  com.eleicao.core.component.WebSocketCandidatoListener - Lista de candidatos enviada via WebSocket com sucesso
2025-05-19 14:14:08.200 [org.springframework.amqp.rabbit.RabbitListenerEndpointContainer#1-1] INFO  com.eleicao.core.service.VotoService - Voto salvo: Voto{, type='eleicao-gp2', object='lionel messi', valor=1, timestamp=2025-05-19T14:14:08.193034900}
2025-05-19 14:14:08.216 [org.springframework.amqp.rabbit.RabbitListenerEndpointContainer#1-1] INFO  com.eleicao.core.component.VotoListener - Voto processado e lista atualizada: VotoDTO{type='eleicao-gp2', object='49', valor=1, timestamp=2025-05-19T14:14:08.193034900}
2025-05-19 14:14:08.218 [org.springframework.amqp.rabbit.RabbitListenerEndpointContainer#2-1] INFO  com.eleicao.core.component.WebSocketCandidatoListener - Recebido lista de candidatos via RabbitMQ, enviando via WebSocket: 7 candidatos
2025-05-19 14:14:08.220 [org.springframework.amqp.rabbit.RabbitListenerEndpointContainer#2-1] INFO  com.eleicao.core.component.WebSocketCandidatoListener - Lista de candidatos enviada via WebSocket com sucesso
2025-05-19 14:14:08.370 [org.springframework.amqp.rabbit.RabbitListenerEndpointContainer#1-1] INFO  com.eleicao.core.service.VotoService - Voto salvo: Voto{, type='eleicao-gp2', object='lionel messi', valor=1, timestamp=2025-05-19T14:14:08.364783900}
2025-05-19 14:14:08.411 [org.springframework.amqp.rabbit.RabbitListenerEndpointContainer#1-1] INFO  com.eleicao.core.component.VotoListener - Voto processado e lista atualizada: VotoDTO{type='eleicao-gp2', object='49', valor=1, timestamp=2025-05-19T14:14:08.364783900}
2025-05-19 14:14:08.415 [org.springframework.amqp.rabbit.RabbitListenerEndpointContainer#2-1] INFO  com.eleicao.core.component.WebSocketCandidatoListener - Recebido lista de candidatos via RabbitMQ, enviando via WebSocket: 7 candidatos
2025-05-19 14:14:08.415 [org.springframework.amqp.rabbit.RabbitListenerEndpointContainer#2-1] INFO  com.eleicao.core.component.WebSocketCandidatoListener - Lista de candidatos enviada via WebSocket com sucesso
2025-05-19 14:14:08.596 [org.springframework.amqp.rabbit.RabbitListenerEndpointContainer#1-1] INFO  com.eleicao.core.service.VotoService - Voto salvo: Voto{, type='eleicao-gp2', object='lionel messi', valor=1, timestamp=2025-05-19T14:14:08.589485500}
2025-05-19 14:14:08.632 [org.springframework.amqp.rabbit.RabbitListenerEndpointContainer#1-1] INFO  com.eleicao.core.component.VotoListener - Voto processado e lista atualizada: VotoDTO{type='eleicao-gp2', object='49', valor=1, timestamp=2025-05-19T14:14:08.589485500}
2025-05-19 14:14:08.632 [org.springframework.amqp.rabbit.RabbitListenerEndpointContainer#2-1] INFO  com.eleicao.core.component.WebSocketCandidatoListener - Recebido lista de candidatos via RabbitMQ, enviando via WebSocket: 7 candidatos
2025-05-19 14:14:08.632 [org.springframework.amqp.rabbit.RabbitListenerEndpointContainer#2-1] INFO  com.eleicao.core.component.WebSocketCandidatoListener - Lista de candidatos enviada via WebSocket com sucesso
2025-05-19 14:14:08.884 [org.springframework.amqp.rabbit.RabbitListenerEndpointContainer#1-1] INFO  com.eleicao.core.service.VotoService - Voto salvo: Voto{, type='eleicao-gp2', object='lionel messi', valor=1, timestamp=2025-05-19T14:14:08.878227800}
2025-05-19 14:14:08.902 [org.springframework.amqp.rabbit.RabbitListenerEndpointContainer#1-1] INFO  com.eleicao.core.component.VotoListener - Voto processado e lista atualizada: VotoDTO{type='eleicao-gp2', object='49', valor=1, timestamp=2025-05-19T14:14:08.878227800}
2025-05-19 14:14:08.902 [org.springframework.amqp.rabbit.RabbitListenerEndpointContainer#2-1] INFO  com.eleicao.core.component.WebSocketCandidatoListener - Recebido lista de candidatos via RabbitMQ, enviando via WebSocket: 7 candidatos
2025-05-19 14:14:08.902 [org.springframework.amqp.rabbit.RabbitListenerEndpointContainer#2-1] INFO  com.eleicao.core.component.WebSocketCandidatoListener - Lista de candidatos enviada via WebSocket com sucesso
2025-05-19 14:14:09.068 [org.springframework.amqp.rabbit.RabbitListenerEndpointContainer#1-1] INFO  com.eleicao.core.service.VotoService - Voto salvo: Voto{, type='eleicao-gp2', object='lionel messi', valor=1, timestamp=2025-05-19T14:14:09.061453900}
2025-05-19 14:14:09.115 [org.springframework.amqp.rabbit.RabbitListenerEndpointContainer#1-1] INFO  com.eleicao.core.component.VotoListener - Voto processado e lista atualizada: VotoDTO{type='eleicao-gp2', object='49', valor=1, timestamp=2025-05-19T14:14:09.061453900}
2025-05-19 14:14:09.117 [org.springframework.amqp.rabbit.RabbitListenerEndpointContainer#2-1] INFO  com.eleicao.core.component.WebSocketCandidatoListener - Recebido lista de candidatos via RabbitMQ, enviando via WebSocket: 7 candidatos
2025-05-19 14:14:09.117 [org.springframework.amqp.rabbit.RabbitListenerEndpointContainer#2-1] INFO  com.eleicao.core.component.WebSocketCandidatoListener - Lista de candidatos enviada via WebSocket com sucesso
2025-05-19 14:14:09.189 [org.springframework.amqp.rabbit.RabbitListenerEndpointContainer#1-1] INFO  com.eleicao.core.service.VotoService - Voto salvo: Voto{, type='eleicao-gp2', object='lionel messi', valor=1, timestamp=2025-05-19T14:14:09.180666900}
2025-05-19 14:14:09.204 [org.springframework.amqp.rabbit.RabbitListenerEndpointContainer#1-1] INFO  com.eleicao.core.component.VotoListener - Voto processado e lista atualizada: VotoDTO{type='eleicao-gp2', object='49', valor=1, timestamp=2025-05-19T14:14:09.180666900}
2025-05-19 14:14:09.204 [org.springframework.amqp.rabbit.RabbitListenerEndpointContainer#2-1] INFO  com.eleicao.core.component.WebSocketCandidatoListener - Recebido lista de candidatos via RabbitMQ, enviando via WebSocket: 7 candidatos
2025-05-19 14:14:09.204 [org.springframework.amqp.rabbit.RabbitListenerEndpointContainer#2-1] INFO  com.eleicao.core.component.WebSocketCandidatoListener - Lista de candidatos enviada via WebSocket com sucesso
2025-05-19 14:14:09.356 [org.springframework.amqp.rabbit.RabbitListenerEndpointContainer#1-1] INFO  com.eleicao.core.service.VotoService - Voto salvo: Voto{, type='eleicao-gp2', object='lionel messi', valor=1, timestamp=2025-05-19T14:14:09.350755500}
2025-05-19 14:14:09.406 [org.springframework.amqp.rabbit.RabbitListenerEndpointContainer#1-1] INFO  com.eleicao.core.component.VotoListener - Voto processado e lista atualizada: VotoDTO{type='eleicao-gp2', object='49', valor=1, timestamp=2025-05-19T14:14:09.350755500}
2025-05-19 14:14:09.411 [org.springframework.amqp.rabbit.RabbitListenerEndpointContainer#2-1] INFO  com.eleicao.core.component.WebSocketCandidatoListener - Recebido lista de candidatos via RabbitMQ, enviando via WebSocket: 7 candidatos
2025-05-19 14:14:09.411 [org.springframework.amqp.rabbit.RabbitListenerEndpointContainer#2-1] INFO  com.eleicao.core.component.WebSocketCandidatoListener - Lista de candidatos enviada via WebSocket com sucesso
2025-05-19 14:14:09.580 [org.springframework.amqp.rabbit.RabbitListenerEndpointContainer#1-1] INFO  com.eleicao.core.service.VotoService - Voto salvo: Voto{, type='eleicao-gp2', object='lionel messi', valor=1, timestamp=2025-05-19T14:14:09.572148400}
2025-05-19 14:14:09.611 [org.springframework.amqp.rabbit.RabbitListenerEndpointContainer#1-1] INFO  com.eleicao.core.component.VotoListener - Voto processado e lista atualizada: VotoDTO{type='eleicao-gp2', object='49', valor=1, timestamp=2025-05-19T14:14:09.572148400}
2025-05-19 14:14:09.614 [org.springframework.amqp.rabbit.RabbitListenerEndpointContainer#2-1] INFO  com.eleicao.core.component.WebSocketCandidatoListener - Recebido lista de candidatos via RabbitMQ, enviando via WebSocket: 7 candidatos
2025-05-19 14:14:09.615 [org.springframework.amqp.rabbit.RabbitListenerEndpointContainer#2-1] INFO  com.eleicao.core.component.WebSocketCandidatoListener - Lista de candidatos enviada via WebSocket com sucesso
2025-05-19 14:14:09.943 [org.springframework.amqp.rabbit.RabbitListenerEndpointContainer#1-1] INFO  com.eleicao.core.service.VotoService - Voto salvo: Voto{, type='eleicao-gp2', object='lionel messi', valor=1, timestamp=2025-05-19T14:14:09.938395300}
2025-05-19 14:14:09.984 [org.springframework.amqp.rabbit.RabbitListenerEndpointContainer#1-1] INFO  com.eleicao.core.component.VotoListener - Voto processado e lista atualizada: VotoDTO{type='eleicao-gp2', object='49', valor=1, timestamp=2025-05-19T14:14:09.938395300}
2025-05-19 14:14:09.988 [org.springframework.amqp.rabbit.RabbitListenerEndpointContainer#2-1] INFO  com.eleicao.core.component.WebSocketCandidatoListener - Recebido lista de candidatos via RabbitMQ, enviando via WebSocket: 7 candidatos
2025-05-19 14:14:09.988 [org.springframework.amqp.rabbit.RabbitListenerEndpointContainer#2-1] INFO  com.eleicao.core.component.WebSocketCandidatoListener - Lista de candidatos enviada via WebSocket com sucesso
2025-05-19 14:14:10.148 [org.springframework.amqp.rabbit.RabbitListenerEndpointContainer#1-1] INFO  com.eleicao.core.service.VotoService - Voto salvo: Voto{, type='eleicao-gp2', object='lionel messi', valor=1, timestamp=2025-05-19T14:14:10.140275800}
2025-05-19 14:14:10.194 [org.springframework.amqp.rabbit.RabbitListenerEndpointContainer#1-1] INFO  com.eleicao.core.component.VotoListener - Voto processado e lista atualizada: VotoDTO{type='eleicao-gp2', object='49', valor=1, timestamp=2025-05-19T14:14:10.140275800}
2025-05-19 14:14:10.201 [org.springframework.amqp.rabbit.RabbitListenerEndpointContainer#2-1] INFO  com.eleicao.core.component.WebSocketCandidatoListener - Recebido lista de candidatos via RabbitMQ, enviando via WebSocket: 7 candidatos
2025-05-19 14:14:10.203 [org.springframework.amqp.rabbit.RabbitListenerEndpointContainer#2-1] INFO  com.eleicao.core.component.WebSocketCandidatoListener - Lista de candidatos enviada via WebSocket com sucesso
2025-05-19 14:14:10.695 [org.springframework.amqp.rabbit.RabbitListenerEndpointContainer#1-1] INFO  com.eleicao.core.service.VotoService - Voto salvo: Voto{, type='eleicao-gp2', object='teste foto', valor=1, timestamp=2025-05-19T14:14:10.690099800}
2025-05-19 14:14:10.734 [org.springframework.amqp.rabbit.RabbitListenerEndpointContainer#1-1] INFO  com.eleicao.core.component.VotoListener - Voto processado e lista atualizada: VotoDTO{type='eleicao-gp2', object='12', valor=1, timestamp=2025-05-19T14:14:10.690099800}
2025-05-19 14:14:10.734 [org.springframework.amqp.rabbit.RabbitListenerEndpointContainer#2-1] INFO  com.eleicao.core.component.WebSocketCandidatoListener - Recebido lista de candidatos via RabbitMQ, enviando via WebSocket: 7 candidatos
2025-05-19 14:14:10.734 [org.springframework.amqp.rabbit.RabbitListenerEndpointContainer#2-1] INFO  com.eleicao.core.component.WebSocketCandidatoListener - Lista de candidatos enviada via WebSocket com sucesso
2025-05-19 14:14:11.487 [org.springframework.amqp.rabbit.RabbitListenerEndpointContainer#1-1] INFO  com.eleicao.core.service.VotoService - Voto salvo: Voto{, type='eleicao-gp2', object='lionel messi', valor=1, timestamp=2025-05-19T14:14:11.484100}
2025-05-19 14:14:11.499 [org.springframework.amqp.rabbit.RabbitListenerEndpointContainer#1-1] INFO  com.eleicao.core.component.VotoListener - Voto processado e lista atualizada: VotoDTO{type='eleicao-gp2', object='49', valor=1, timestamp=2025-05-19T14:14:11.484100}
2025-05-19 14:14:11.499 [org.springframework.amqp.rabbit.RabbitListenerEndpointContainer#2-1] INFO  com.eleicao.core.component.WebSocketCandidatoListener - Recebido lista de candidatos via RabbitMQ, enviando via WebSocket: 7 candidatos
2025-05-19 14:14:11.499 [org.springframework.amqp.rabbit.RabbitListenerEndpointContainer#2-1] INFO  com.eleicao.core.component.WebSocketCandidatoListener - Lista de candidatos enviada via WebSocket com sucesso
2025-05-19 14:14:13.328 [org.springframework.amqp.rabbit.RabbitListenerEndpointContainer#1-1] INFO  com.eleicao.core.service.VotoService - Voto salvo: Voto{, type='eleicao-gp2', object='lionel messi', valor=1, timestamp=2025-05-19T14:14:13.319528500}
2025-05-19 14:14:13.367 [org.springframework.amqp.rabbit.RabbitListenerEndpointContainer#1-1] INFO  com.eleicao.core.component.VotoListener - Voto processado e lista atualizada: VotoDTO{type='eleicao-gp2', object='49', valor=1, timestamp=2025-05-19T14:14:13.319528500}
2025-05-19 14:14:13.367 [org.springframework.amqp.rabbit.RabbitListenerEndpointContainer#2-1] INFO  com.eleicao.core.component.WebSocketCandidatoListener - Recebido lista de candidatos via RabbitMQ, enviando via WebSocket: 7 candidatos
2025-05-19 14:14:13.367 [org.springframework.amqp.rabbit.RabbitListenerEndpointContainer#2-1] INFO  com.eleicao.core.component.WebSocketCandidatoListener - Lista de candidatos enviada via WebSocket com sucesso
2025-05-19 14:14:14.229 [org.springframework.amqp.rabbit.RabbitListenerEndpointContainer#1-1] INFO  com.eleicao.core.service.VotoService - Voto salvo: Voto{, type='eleicao-gp2', object='lionel messi', valor=1, timestamp=2025-05-19T14:14:14.221501500}
2025-05-19 14:14:14.269 [org.springframework.amqp.rabbit.RabbitListenerEndpointContainer#1-1] INFO  com.eleicao.core.component.VotoListener - Voto processado e lista atualizada: VotoDTO{type='eleicao-gp2', object='49', valor=1, timestamp=2025-05-19T14:14:14.221501500}
2025-05-19 14:14:14.277 [org.springframework.amqp.rabbit.RabbitListenerEndpointContainer#2-1] INFO  com.eleicao.core.component.WebSocketCandidatoListener - Recebido lista de candidatos via RabbitMQ, enviando via WebSocket: 7 candidatos
2025-05-19 14:14:14.277 [org.springframework.amqp.rabbit.RabbitListenerEndpointContainer#2-1] INFO  com.eleicao.core.component.WebSocketCandidatoListener - Lista de candidatos enviada via WebSocket com sucesso
2025-05-19 14:14:14.568 [org.springframework.amqp.rabbit.RabbitListenerEndpointContainer#1-1] INFO  com.eleicao.core.service.VotoService - Voto salvo: Voto{, type='eleicao-gp2', object='nao sei', valor=1, timestamp=2025-05-19T14:14:14.568128600}
2025-05-19 14:14:14.583 [org.springframework.amqp.rabbit.RabbitListenerEndpointContainer#1-1] INFO  com.eleicao.core.component.VotoListener - Voto processado e lista atualizada: VotoDTO{type='eleicao-gp2', object='14', valor=1, timestamp=2025-05-19T14:14:14.568128600}
2025-05-19 14:14:14.598 [org.springframework.amqp.rabbit.RabbitListenerEndpointContainer#2-1] INFO  com.eleicao.core.component.WebSocketCandidatoListener - Recebido lista de candidatos via RabbitMQ, enviando via WebSocket: 7 candidatos
2025-05-19 14:14:14.598 [org.springframework.amqp.rabbit.RabbitListenerEndpointContainer#2-1] INFO  com.eleicao.core.component.WebSocketCandidatoListener - Lista de candidatos enviada via WebSocket com sucesso
2025-05-19 14:14:14.748 [org.springframework.amqp.rabbit.RabbitListenerEndpointContainer#1-1] INFO  com.eleicao.core.service.VotoService - Voto salvo: Voto{, type='eleicao-gp2', object='nao sei', valor=1, timestamp=2025-05-19T14:14:14.739011400}
2025-05-19 14:14:14.760 [org.springframework.amqp.rabbit.RabbitListenerEndpointContainer#1-1] INFO  com.eleicao.core.component.VotoListener - Voto processado e lista atualizada: VotoDTO{type='eleicao-gp2', object='14', valor=1, timestamp=2025-05-19T14:14:14.739011400}
2025-05-19 14:14:14.760 [org.springframework.amqp.rabbit.RabbitListenerEndpointContainer#2-1] INFO  com.eleicao.core.component.WebSocketCandidatoListener - Recebido lista de candidatos via RabbitMQ, enviando via WebSocket: 7 candidatos
2025-05-19 14:14:14.760 [org.springframework.amqp.rabbit.RabbitListenerEndpointContainer#2-1] INFO  com.eleicao.core.component.WebSocketCandidatoListener - Lista de candidatos enviada via WebSocket com sucesso
2025-05-19 14:14:15.953 [org.springframework.amqp.rabbit.RabbitListenerEndpointContainer#1-1] INFO  com.eleicao.core.service.VotoService - Voto salvo: Voto{, type='eleicao-gp2', object='lionel messi', valor=1, timestamp=2025-05-19T14:14:15.945222}
2025-05-19 14:14:15.995 [org.springframework.amqp.rabbit.RabbitListenerEndpointContainer#1-1] INFO  com.eleicao.core.component.VotoListener - Voto processado e lista atualizada: VotoDTO{type='eleicao-gp2', object='49', valor=1, timestamp=2025-05-19T14:14:15.945222}
2025-05-19 14:14:16.000 [org.springframework.amqp.rabbit.RabbitListenerEndpointContainer#2-1] INFO  com.eleicao.core.component.WebSocketCandidatoListener - Recebido lista de candidatos via RabbitMQ, enviando via WebSocket: 7 candidatos
2025-05-19 14:14:16.003 [org.springframework.amqp.rabbit.RabbitListenerEndpointContainer#2-1] INFO  com.eleicao.core.component.WebSocketCandidatoListener - Lista de candidatos enviada via WebSocket com sucesso
2025-05-19 14:14:17.932 [org.springframework.amqp.rabbit.RabbitListenerEndpointContainer#1-1] INFO  com.eleicao.core.service.VotoService - Voto salvo: Voto{, type='eleicao-gp2', object='lionel messi', valor=1, timestamp=2025-05-19T14:14:17.916877600}
2025-05-19 14:14:17.948 [org.springframework.amqp.rabbit.RabbitListenerEndpointContainer#1-1] INFO  com.eleicao.core.component.VotoListener - Voto processado e lista atualizada: VotoDTO{type='eleicao-gp2', object='49', valor=1, timestamp=2025-05-19T14:14:17.916877600}
2025-05-19 14:14:17.952 [org.springframework.amqp.rabbit.RabbitListenerEndpointContainer#2-1] INFO  com.eleicao.core.component.WebSocketCandidatoListener - Recebido lista de candidatos via RabbitMQ, enviando via WebSocket: 7 candidatos
2025-05-19 14:14:17.952 [org.springframework.amqp.rabbit.RabbitListenerEndpointContainer#2-1] INFO  com.eleicao.core.component.WebSocketCandidatoListener - Lista de candidatos enviada via WebSocket com sucesso
2025-05-19 14:14:19.170 [org.springframework.amqp.rabbit.RabbitListenerEndpointContainer#1-1] INFO  com.eleicao.core.service.VotoService - Voto salvo: Voto{, type='eleicao-gp2', object='lionel messi', valor=1, timestamp=2025-05-19T14:14:19.159606300}
2025-05-19 14:14:19.177 [org.springframework.amqp.rabbit.RabbitListenerEndpointContainer#1-1] INFO  com.eleicao.core.component.VotoListener - Voto processado e lista atualizada: VotoDTO{type='eleicao-gp2', object='49', valor=1, timestamp=2025-05-19T14:14:19.159606300}
2025-05-19 14:14:19.192 [org.springframework.amqp.rabbit.RabbitListenerEndpointContainer#2-1] INFO  com.eleicao.core.component.WebSocketCandidatoListener - Recebido lista de candidatos via RabbitMQ, enviando via WebSocket: 7 candidatos
2025-05-19 14:14:19.193 [org.springframework.amqp.rabbit.RabbitListenerEndpointContainer#2-1] INFO  com.eleicao.core.component.WebSocketCandidatoListener - Lista de candidatos enviada via WebSocket com sucesso
2025-05-19 14:14:19.297 [org.springframework.amqp.rabbit.RabbitListenerEndpointContainer#1-1] INFO  com.eleicao.core.service.VotoService - Voto salvo: Voto{, type='eleicao-gp2', object='lionel messi', valor=1, timestamp=2025-05-19T14:14:19.292934700}
2025-05-19 14:14:19.347 [org.springframework.amqp.rabbit.RabbitListenerEndpointContainer#1-1] INFO  com.eleicao.core.component.VotoListener - Voto processado e lista atualizada: VotoDTO{type='eleicao-gp2', object='49', valor=1, timestamp=2025-05-19T14:14:19.292934700}
2025-05-19 14:14:19.347 [org.springframework.amqp.rabbit.RabbitListenerEndpointContainer#2-1] INFO  com.eleicao.core.component.WebSocketCandidatoListener - Recebido lista de candidatos via RabbitMQ, enviando via WebSocket: 7 candidatos
2025-05-19 14:14:19.347 [org.springframework.amqp.rabbit.RabbitListenerEndpointContainer#2-1] INFO  com.eleicao.core.component.WebSocketCandidatoListener - Lista de candidatos enviada via WebSocket com sucesso
2025-05-19 14:14:19.477 [org.springframework.amqp.rabbit.RabbitListenerEndpointContainer#1-1] INFO  com.eleicao.core.service.VotoService - Voto salvo: Voto{, type='eleicao-gp2', object='lionel messi', valor=1, timestamp=2025-05-19T14:14:19.466903}
2025-05-19 14:14:19.519 [org.springframework.amqp.rabbit.RabbitListenerEndpointContainer#1-1] INFO  com.eleicao.core.component.VotoListener - Voto processado e lista atualizada: VotoDTO{type='eleicao-gp2', object='49', valor=1, timestamp=2025-05-19T14:14:19.466903}
2025-05-19 14:14:19.519 [org.springframework.amqp.rabbit.RabbitListenerEndpointContainer#2-1] INFO  com.eleicao.core.component.WebSocketCandidatoListener - Recebido lista de candidatos via RabbitMQ, enviando via WebSocket: 7 candidatos
2025-05-19 14:14:19.528 [org.springframework.amqp.rabbit.RabbitListenerEndpointContainer#2-1] INFO  com.eleicao.core.component.WebSocketCandidatoListener - Lista de candidatos enviada via WebSocket com sucesso
2025-05-19 14:14:19.630 [org.springframework.amqp.rabbit.RabbitListenerEndpointContainer#1-1] INFO  com.eleicao.core.service.VotoService - Voto salvo: Voto{, type='eleicao-gp2', object='lionel messi', valor=1, timestamp=2025-05-19T14:14:19.629127400}
2025-05-19 14:14:19.680 [org.springframework.amqp.rabbit.RabbitListenerEndpointContainer#1-1] INFO  com.eleicao.core.component.VotoListener - Voto processado e lista atualizada: VotoDTO{type='eleicao-gp2', object='49', valor=1, timestamp=2025-05-19T14:14:19.629127400}
2025-05-19 14:14:19.684 [org.springframework.amqp.rabbit.RabbitListenerEndpointContainer#2-1] INFO  com.eleicao.core.component.WebSocketCandidatoListener - Recebido lista de candidatos via RabbitMQ, enviando via WebSocket: 7 candidatos
2025-05-19 14:14:19.684 [org.springframework.amqp.rabbit.RabbitListenerEndpointContainer#2-1] INFO  com.eleicao.core.component.WebSocketCandidatoListener - Lista de candidatos enviada via WebSocket com sucesso
2025-05-19 14:14:19.770 [org.springframework.amqp.rabbit.RabbitListenerEndpointContainer#1-1] INFO  com.eleicao.core.service.VotoService - Voto salvo: Voto{, type='eleicao-gp2', object='lionel messi', valor=1, timestamp=2025-05-19T14:14:19.764160}
2025-05-19 14:14:19.795 [org.springframework.amqp.rabbit.RabbitListenerEndpointContainer#1-1] INFO  com.eleicao.core.component.VotoListener - Voto processado e lista atualizada: VotoDTO{type='eleicao-gp2', object='49', valor=1, timestamp=2025-05-19T14:14:19.764160}
2025-05-19 14:14:19.795 [org.springframework.amqp.rabbit.RabbitListenerEndpointContainer#2-1] INFO  com.eleicao.core.component.WebSocketCandidatoListener - Recebido lista de candidatos via RabbitMQ, enviando via WebSocket: 7 candidatos
2025-05-19 14:14:19.795 [org.springframework.amqp.rabbit.RabbitListenerEndpointContainer#2-1] INFO  com.eleicao.core.component.WebSocketCandidatoListener - Lista de candidatos enviada via WebSocket com sucesso
2025-05-19 14:14:19.935 [org.springframework.amqp.rabbit.RabbitListenerEndpointContainer#1-1] INFO  com.eleicao.core.service.VotoService - Voto salvo: Voto{, type='eleicao-gp2', object='lionel messi', valor=1, timestamp=2025-05-19T14:14:19.935169300}
2025-05-19 14:14:19.987 [org.springframework.amqp.rabbit.RabbitListenerEndpointContainer#1-1] INFO  com.eleicao.core.component.VotoListener - Voto processado e lista atualizada: VotoDTO{type='eleicao-gp2', object='49', valor=1, timestamp=2025-05-19T14:14:19.935169300}
2025-05-19 14:14:19.991 [org.springframework.amqp.rabbit.RabbitListenerEndpointContainer#2-1] INFO  com.eleicao.core.component.WebSocketCandidatoListener - Recebido lista de candidatos via RabbitMQ, enviando via WebSocket: 7 candidatos
2025-05-19 14:14:19.991 [org.springframework.amqp.rabbit.RabbitListenerEndpointContainer#2-1] INFO  com.eleicao.core.component.WebSocketCandidatoListener - Lista de candidatos enviada via WebSocket com sucesso
2025-05-19 14:14:20.090 [org.springframework.amqp.rabbit.RabbitListenerEndpointContainer#1-1] INFO  com.eleicao.core.service.VotoService - Voto salvo: Voto{, type='eleicao-gp2', object='lionel messi', valor=1, timestamp=2025-05-19T14:14:20.080762700}
2025-05-19 14:14:20.136 [org.springframework.amqp.rabbit.RabbitListenerEndpointContainer#1-1] INFO  com.eleicao.core.component.VotoListener - Voto processado e lista atualizada: VotoDTO{type='eleicao-gp2', object='49', valor=1, timestamp=2025-05-19T14:14:20.080762700}
2025-05-19 14:14:20.136 [org.springframework.amqp.rabbit.RabbitListenerEndpointContainer#2-1] INFO  com.eleicao.core.component.WebSocketCandidatoListener - Recebido lista de candidatos via RabbitMQ, enviando via WebSocket: 7 candidatos
2025-05-19 14:14:20.136 [org.springframework.amqp.rabbit.RabbitListenerEndpointContainer#2-1] INFO  com.eleicao.core.component.WebSocketCandidatoListener - Lista de candidatos enviada via WebSocket com sucesso
2025-05-19 14:14:20.246 [org.springframework.amqp.rabbit.RabbitListenerEndpointContainer#1-1] INFO  com.eleicao.core.service.VotoService - Voto salvo: Voto{, type='eleicao-gp2', object='lionel messi', valor=1, timestamp=2025-05-19T14:14:20.236522800}
2025-05-19 14:14:20.276 [org.springframework.amqp.rabbit.RabbitListenerEndpointContainer#1-1] INFO  com.eleicao.core.component.VotoListener - Voto processado e lista atualizada: VotoDTO{type='eleicao-gp2', object='49', valor=1, timestamp=2025-05-19T14:14:20.236522800}
2025-05-19 14:14:20.276 [org.springframework.amqp.rabbit.RabbitListenerEndpointContainer#2-1] INFO  com.eleicao.core.component.WebSocketCandidatoListener - Recebido lista de candidatos via RabbitMQ, enviando via WebSocket: 7 candidatos
2025-05-19 14:14:20.292 [org.springframework.amqp.rabbit.RabbitListenerEndpointContainer#2-1] INFO  com.eleicao.core.component.WebSocketCandidatoListener - Lista de candidatos enviada via WebSocket com sucesso
2025-05-19 14:14:20.407 [org.springframework.amqp.rabbit.RabbitListenerEndpointContainer#1-1] INFO  com.eleicao.core.service.VotoService - Voto salvo: Voto{, type='eleicao-gp2', object='lionel messi', valor=1, timestamp=2025-05-19T14:14:20.399026400}
2025-05-19 14:14:20.449 [org.springframework.amqp.rabbit.RabbitListenerEndpointContainer#1-1] INFO  com.eleicao.core.component.VotoListener - Voto processado e lista atualizada: VotoDTO{type='eleicao-gp2', object='49', valor=1, timestamp=2025-05-19T14:14:20.399026400}
2025-05-19 14:14:20.457 [org.springframework.amqp.rabbit.RabbitListenerEndpointContainer#2-1] INFO  com.eleicao.core.component.WebSocketCandidatoListener - Recebido lista de candidatos via RabbitMQ, enviando via WebSocket: 7 candidatos
2025-05-19 14:14:20.457 [org.springframework.amqp.rabbit.RabbitListenerEndpointContainer#2-1] INFO  com.eleicao.core.component.WebSocketCandidatoListener - Lista de candidatos enviada via WebSocket com sucesso
2025-05-19 14:14:20.581 [org.springframework.amqp.rabbit.RabbitListenerEndpointContainer#1-1] INFO  com.eleicao.core.service.VotoService - Voto salvo: Voto{, type='eleicao-gp2', object='lionel messi', valor=1, timestamp=2025-05-19T14:14:20.572934200}
2025-05-19 14:14:20.626 [org.springframework.amqp.rabbit.RabbitListenerEndpointContainer#1-1] INFO  com.eleicao.core.component.VotoListener - Voto processado e lista atualizada: VotoDTO{type='eleicao-gp2', object='49', valor=1, timestamp=2025-05-19T14:14:20.572934200}
2025-05-19 14:14:20.630 [org.springframework.amqp.rabbit.RabbitListenerEndpointContainer#2-1] INFO  com.eleicao.core.component.WebSocketCandidatoListener - Recebido lista de candidatos via RabbitMQ, enviando via WebSocket: 7 candidatos
2025-05-19 14:14:20.631 [org.springframework.amqp.rabbit.RabbitListenerEndpointContainer#2-1] INFO  com.eleicao.core.component.WebSocketCandidatoListener - Lista de candidatos enviada via WebSocket com sucesso
2025-05-19 14:14:20.743 [org.springframework.amqp.rabbit.RabbitListenerEndpointContainer#1-1] INFO  com.eleicao.core.service.VotoService - Voto salvo: Voto{, type='eleicao-gp2', object='lionel messi', valor=1, timestamp=2025-05-19T14:14:20.735285600}
2025-05-19 14:14:20.774 [org.springframework.amqp.rabbit.RabbitListenerEndpointContainer#1-1] INFO  com.eleicao.core.component.VotoListener - Voto processado e lista atualizada: VotoDTO{type='eleicao-gp2', object='49', valor=1, timestamp=2025-05-19T14:14:20.735285600}
2025-05-19 14:14:20.790 [org.springframework.amqp.rabbit.RabbitListenerEndpointContainer#2-1] INFO  com.eleicao.core.component.WebSocketCandidatoListener - Recebido lista de candidatos via RabbitMQ, enviando via WebSocket: 7 candidatos
2025-05-19 14:14:20.790 [org.springframework.amqp.rabbit.RabbitListenerEndpointContainer#2-1] INFO  com.eleicao.core.component.WebSocketCandidatoListener - Lista de candidatos enviada via WebSocket com sucesso
2025-05-19 14:14:20.879 [org.springframework.amqp.rabbit.RabbitListenerEndpointContainer#1-1] INFO  com.eleicao.core.service.VotoService - Voto salvo: Voto{, type='eleicao-gp2', object='lionel messi', valor=1, timestamp=2025-05-19T14:14:20.870729500}
2025-05-19 14:14:20.929 [org.springframework.amqp.rabbit.RabbitListenerEndpointContainer#1-1] INFO  com.eleicao.core.component.VotoListener - Voto processado e lista atualizada: VotoDTO{type='eleicao-gp2', object='49', valor=1, timestamp=2025-05-19T14:14:20.870729500}
2025-05-19 14:14:20.932 [org.springframework.amqp.rabbit.RabbitListenerEndpointContainer#2-1] INFO  com.eleicao.core.component.WebSocketCandidatoListener - Recebido lista de candidatos via RabbitMQ, enviando via WebSocket: 7 candidatos
2025-05-19 14:14:20.934 [org.springframework.amqp.rabbit.RabbitListenerEndpointContainer#2-1] INFO  com.eleicao.core.component.WebSocketCandidatoListener - Lista de candidatos enviada via WebSocket com sucesso
2025-05-19 14:14:21.048 [org.springframework.amqp.rabbit.RabbitListenerEndpointContainer#1-1] INFO  com.eleicao.core.service.VotoService - Voto salvo: Voto{, type='eleicao-gp2', object='lionel messi', valor=1, timestamp=2025-05-19T14:14:21.039510}
2025-05-19 14:14:21.097 [org.springframework.amqp.rabbit.RabbitListenerEndpointContainer#1-1] INFO  com.eleicao.core.component.VotoListener - Voto processado e lista atualizada: VotoDTO{type='eleicao-gp2', object='49', valor=1, timestamp=2025-05-19T14:14:21.039510}
2025-05-19 14:14:21.097 [org.springframework.amqp.rabbit.RabbitListenerEndpointContainer#2-1] INFO  com.eleicao.core.component.WebSocketCandidatoListener - Recebido lista de candidatos via RabbitMQ, enviando via WebSocket: 7 candidatos
2025-05-19 14:14:21.097 [org.springframework.amqp.rabbit.RabbitListenerEndpointContainer#2-1] INFO  com.eleicao.core.component.WebSocketCandidatoListener - Lista de candidatos enviada via WebSocket com sucesso
2025-05-19 14:14:21.222 [org.springframework.amqp.rabbit.RabbitListenerEndpointContainer#1-1] INFO  com.eleicao.core.service.VotoService - Voto salvo: Voto{, type='eleicao-gp2', object='lionel messi', valor=1, timestamp=2025-05-19T14:14:21.213583600}
2025-05-19 14:14:21.270 [org.springframework.amqp.rabbit.RabbitListenerEndpointContainer#1-1] INFO  com.eleicao.core.component.VotoListener - Voto processado e lista atualizada: VotoDTO{type='eleicao-gp2', object='49', valor=1, timestamp=2025-05-19T14:14:21.213583600}
2025-05-19 14:14:21.270 [org.springframework.amqp.rabbit.RabbitListenerEndpointContainer#2-1] INFO  com.eleicao.core.component.WebSocketCandidatoListener - Recebido lista de candidatos via RabbitMQ, enviando via WebSocket: 7 candidatos
2025-05-19 14:14:21.270 [org.springframework.amqp.rabbit.RabbitListenerEndpointContainer#2-1] INFO  com.eleicao.core.component.WebSocketCandidatoListener - Lista de candidatos enviada via WebSocket com sucesso
2025-05-19 14:14:21.381 [org.springframework.amqp.rabbit.RabbitListenerEndpointContainer#1-1] INFO  com.eleicao.core.service.VotoService - Voto salvo: Voto{, type='eleicao-gp2', object='lionel messi', valor=1, timestamp=2025-05-19T14:14:21.368538700}
2025-05-19 14:14:21.425 [org.springframework.amqp.rabbit.RabbitListenerEndpointContainer#1-1] INFO  com.eleicao.core.component.VotoListener - Voto processado e lista atualizada: VotoDTO{type='eleicao-gp2', object='49', valor=1, timestamp=2025-05-19T14:14:21.368538700}
2025-05-19 14:14:21.429 [org.springframework.amqp.rabbit.RabbitListenerEndpointContainer#2-1] INFO  com.eleicao.core.component.WebSocketCandidatoListener - Recebido lista de candidatos via RabbitMQ, enviando via WebSocket: 7 candidatos
2025-05-19 14:14:21.429 [org.springframework.amqp.rabbit.RabbitListenerEndpointContainer#2-1] INFO  com.eleicao.core.component.WebSocketCandidatoListener - Lista de candidatos enviada via WebSocket com sucesso
2025-05-19 14:14:21.530 [org.springframework.amqp.rabbit.RabbitListenerEndpointContainer#1-1] INFO  com.eleicao.core.service.VotoService - Voto salvo: Voto{, type='eleicao-gp2', object='lionel messi', valor=1, timestamp=2025-05-19T14:14:21.523802200}
2025-05-19 14:14:21.575 [org.springframework.amqp.rabbit.RabbitListenerEndpointContainer#1-1] INFO  com.eleicao.core.component.VotoListener - Voto processado e lista atualizada: VotoDTO{type='eleicao-gp2', object='49', valor=1, timestamp=2025-05-19T14:14:21.523802200}
2025-05-19 14:14:21.580 [org.springframework.amqp.rabbit.RabbitListenerEndpointContainer#2-1] INFO  com.eleicao.core.component.WebSocketCandidatoListener - Recebido lista de candidatos via RabbitMQ, enviando via WebSocket: 7 candidatos
2025-05-19 14:14:21.580 [org.springframework.amqp.rabbit.RabbitListenerEndpointContainer#2-1] INFO  com.eleicao.core.component.WebSocketCandidatoListener - Lista de candidatos enviada via WebSocket com sucesso
2025-05-19 14:14:21.752 [org.springframework.amqp.rabbit.RabbitListenerEndpointContainer#1-1] INFO  com.eleicao.core.service.VotoService - Voto salvo: Voto{, type='eleicao-gp2', object='lionel messi', valor=1, timestamp=2025-05-19T14:14:21.745619800}
2025-05-19 14:14:21.792 [org.springframework.amqp.rabbit.RabbitListenerEndpointContainer#1-1] INFO  com.eleicao.core.component.VotoListener - Voto processado e lista atualizada: VotoDTO{type='eleicao-gp2', object='49', valor=1, timestamp=2025-05-19T14:14:21.745619800}
2025-05-19 14:14:21.800 [org.springframework.amqp.rabbit.RabbitListenerEndpointContainer#2-1] INFO  com.eleicao.core.component.WebSocketCandidatoListener - Recebido lista de candidatos via RabbitMQ, enviando via WebSocket: 7 candidatos
2025-05-19 14:14:21.800 [org.springframework.amqp.rabbit.RabbitListenerEndpointContainer#2-1] INFO  com.eleicao.core.component.WebSocketCandidatoListener - Lista de candidatos enviada via WebSocket com sucesso
2025-05-19 14:14:22.083 [org.springframework.amqp.rabbit.RabbitListenerEndpointContainer#1-1] INFO  com.eleicao.core.service.VotoService - Voto salvo: Voto{, type='eleicao-gp2', object='lionel messi', valor=1, timestamp=2025-05-19T14:14:22.078734700}
2025-05-19 14:14:22.095 [org.springframework.amqp.rabbit.RabbitListenerEndpointContainer#1-1] INFO  com.eleicao.core.component.VotoListener - Voto processado e lista atualizada: VotoDTO{type='eleicao-gp2', object='49', valor=1, timestamp=2025-05-19T14:14:22.078734700}
2025-05-19 14:14:22.095 [org.springframework.amqp.rabbit.RabbitListenerEndpointContainer#2-1] INFO  com.eleicao.core.component.WebSocketCandidatoListener - Recebido lista de candidatos via RabbitMQ, enviando via WebSocket: 7 candidatos
2025-05-19 14:14:22.106 [org.springframework.amqp.rabbit.RabbitListenerEndpointContainer#2-1] INFO  com.eleicao.core.component.WebSocketCandidatoListener - Lista de candidatos enviada via WebSocket com sucesso
2025-05-19 14:14:22.252 [org.springframework.amqp.rabbit.RabbitListenerEndpointContainer#1-1] INFO  com.eleicao.core.service.VotoService - Voto salvo: Voto{, type='eleicao-gp2', object='lionel messi', valor=1, timestamp=2025-05-19T14:14:22.235958200}
2025-05-19 14:14:22.295 [org.springframework.amqp.rabbit.RabbitListenerEndpointContainer#1-1] INFO  com.eleicao.core.component.VotoListener - Voto processado e lista atualizada: VotoDTO{type='eleicao-gp2', object='49', valor=1, timestamp=2025-05-19T14:14:22.235958200}
2025-05-19 14:14:22.307 [org.springframework.amqp.rabbit.RabbitListenerEndpointContainer#2-1] INFO  com.eleicao.core.component.WebSocketCandidatoListener - Recebido lista de candidatos via RabbitMQ, enviando via WebSocket: 7 candidatos
2025-05-19 14:14:22.309 [org.springframework.amqp.rabbit.RabbitListenerEndpointContainer#2-1] INFO  com.eleicao.core.component.WebSocketCandidatoListener - Lista de candidatos enviada via WebSocket com sucesso
2025-05-19 14:14:22.461 [org.springframework.amqp.rabbit.RabbitListenerEndpointContainer#1-1] INFO  com.eleicao.core.service.VotoService - Voto salvo: Voto{, type='eleicao-gp2', object='lionel messi', valor=1, timestamp=2025-05-19T14:14:22.452989800}
2025-05-19 14:14:22.506 [org.springframework.amqp.rabbit.RabbitListenerEndpointContainer#1-1] INFO  com.eleicao.core.component.VotoListener - Voto processado e lista atualizada: VotoDTO{type='eleicao-gp2', object='49', valor=1, timestamp=2025-05-19T14:14:22.452989800}
2025-05-19 14:14:22.524 [org.springframework.amqp.rabbit.RabbitListenerEndpointContainer#2-1] INFO  com.eleicao.core.component.WebSocketCandidatoListener - Recebido lista de candidatos via RabbitMQ, enviando via WebSocket: 7 candidatos
2025-05-19 14:14:22.526 [org.springframework.amqp.rabbit.RabbitListenerEndpointContainer#2-1] INFO  com.eleicao.core.component.WebSocketCandidatoListener - Lista de candidatos enviada via WebSocket com sucesso
2025-05-19 14:14:23.048 [org.springframework.amqp.rabbit.RabbitListenerEndpointContainer#1-1] INFO  com.eleicao.core.service.VotoService - Voto salvo: Voto{, type='eleicao-gp2', object='lionel messi', valor=1, timestamp=2025-05-19T14:14:23.035782100}
2025-05-19 14:14:23.059 [org.springframework.amqp.rabbit.RabbitListenerEndpointContainer#1-1] INFO  com.eleicao.core.component.VotoListener - Voto processado e lista atualizada: VotoDTO{type='eleicao-gp2', object='49', valor=1, timestamp=2025-05-19T14:14:23.035782100}
2025-05-19 14:14:23.068 [org.springframework.amqp.rabbit.RabbitListenerEndpointContainer#2-1] INFO  com.eleicao.core.component.WebSocketCandidatoListener - Recebido lista de candidatos via RabbitMQ, enviando via WebSocket: 7 candidatos
2025-05-19 14:14:23.070 [org.springframework.amqp.rabbit.RabbitListenerEndpointContainer#2-1] INFO  com.eleicao.core.component.WebSocketCandidatoListener - Lista de candidatos enviada via WebSocket com sucesso
2025-05-19 14:14:23.884 [org.springframework.amqp.rabbit.RabbitListenerEndpointContainer#1-1] INFO  com.eleicao.core.service.VotoService - Voto salvo: Voto{, type='eleicao-gp2', object='lionel messi', valor=1, timestamp=2025-05-19T14:14:23.881885900}
2025-05-19 14:14:23.925 [org.springframework.amqp.rabbit.RabbitListenerEndpointContainer#1-1] INFO  com.eleicao.core.component.VotoListener - Voto processado e lista atualizada: VotoDTO{type='eleicao-gp2', object='49', valor=1, timestamp=2025-05-19T14:14:23.881885900}
2025-05-19 14:14:23.925 [org.springframework.amqp.rabbit.RabbitListenerEndpointContainer#2-1] INFO  com.eleicao.core.component.WebSocketCandidatoListener - Recebido lista de candidatos via RabbitMQ, enviando via WebSocket: 7 candidatos
2025-05-19 14:14:23.925 [org.springframework.amqp.rabbit.RabbitListenerEndpointContainer#2-1] INFO  com.eleicao.core.component.WebSocketCandidatoListener - Lista de candidatos enviada via WebSocket com sucesso
2025-05-19 14:14:25.010 [org.springframework.amqp.rabbit.RabbitListenerEndpointContainer#1-1] INFO  com.eleicao.core.service.VotoService - Voto salvo: Voto{, type='eleicao-gp2', object='lionel messi', valor=1, timestamp=2025-05-19T14:14:25.001520}
2025-05-19 14:14:25.055 [org.springframework.amqp.rabbit.RabbitListenerEndpointContainer#1-1] INFO  com.eleicao.core.component.VotoListener - Voto processado e lista atualizada: VotoDTO{type='eleicao-gp2', object='49', valor=1, timestamp=2025-05-19T14:14:25.001520}
2025-05-19 14:14:25.055 [org.springframework.amqp.rabbit.RabbitListenerEndpointContainer#2-1] INFO  com.eleicao.core.component.WebSocketCandidatoListener - Recebido lista de candidatos via RabbitMQ, enviando via WebSocket: 7 candidatos
2025-05-19 14:14:25.055 [org.springframework.amqp.rabbit.RabbitListenerEndpointContainer#2-1] INFO  com.eleicao.core.component.WebSocketCandidatoListener - Lista de candidatos enviada via WebSocket com sucesso
2025-05-19 14:14:25.132 [org.springframework.amqp.rabbit.RabbitListenerEndpointContainer#1-1] INFO  com.eleicao.core.service.VotoService - Voto salvo: Voto{, type='eleicao-gp2', object='lionel messi', valor=1, timestamp=2025-05-19T14:14:25.121813800}
2025-05-19 14:14:25.143 [org.springframework.amqp.rabbit.RabbitListenerEndpointContainer#1-1] INFO  com.eleicao.core.component.VotoListener - Voto processado e lista atualizada: VotoDTO{type='eleicao-gp2', object='49', valor=1, timestamp=2025-05-19T14:14:25.121813800}
2025-05-19 14:14:25.143 [org.springframework.amqp.rabbit.RabbitListenerEndpointContainer#2-1] INFO  com.eleicao.core.component.WebSocketCandidatoListener - Recebido lista de candidatos via RabbitMQ, enviando via WebSocket: 7 candidatos
2025-05-19 14:14:25.152 [org.springframework.amqp.rabbit.RabbitListenerEndpointContainer#2-1] INFO  com.eleicao.core.component.WebSocketCandidatoListener - Lista de candidatos enviada via WebSocket com sucesso
2025-05-19 14:14:25.285 [org.springframework.amqp.rabbit.RabbitListenerEndpointContainer#1-1] INFO  com.eleicao.core.service.VotoService - Voto salvo: Voto{, type='eleicao-gp2', object='lionel messi', valor=1, timestamp=2025-05-19T14:14:25.279258400}
2025-05-19 14:14:25.331 [org.springframework.amqp.rabbit.RabbitListenerEndpointContainer#1-1] INFO  com.eleicao.core.component.VotoListener - Voto processado e lista atualizada: VotoDTO{type='eleicao-gp2', object='49', valor=1, timestamp=2025-05-19T14:14:25.279258400}
2025-05-19 14:14:25.331 [org.springframework.amqp.rabbit.RabbitListenerEndpointContainer#2-1] INFO  com.eleicao.core.component.WebSocketCandidatoListener - Recebido lista de candidatos via RabbitMQ, enviando via WebSocket: 7 candidatos
2025-05-19 14:14:25.331 [org.springframework.amqp.rabbit.RabbitListenerEndpointContainer#2-1] INFO  com.eleicao.core.component.WebSocketCandidatoListener - Lista de candidatos enviada via WebSocket com sucesso
2025-05-19 14:14:25.459 [org.springframework.amqp.rabbit.RabbitListenerEndpointContainer#1-1] INFO  com.eleicao.core.service.VotoService - Voto salvo: Voto{, type='eleicao-gp2', object='lionel messi', valor=1, timestamp=2025-05-19T14:14:25.453350}
2025-05-19 14:14:25.509 [org.springframework.amqp.rabbit.RabbitListenerEndpointContainer#1-1] INFO  com.eleicao.core.component.VotoListener - Voto processado e lista atualizada: VotoDTO{type='eleicao-gp2', object='49', valor=1, timestamp=2025-05-19T14:14:25.453350}
2025-05-19 14:14:25.511 [org.springframework.amqp.rabbit.RabbitListenerEndpointContainer#2-1] INFO  com.eleicao.core.component.WebSocketCandidatoListener - Recebido lista de candidatos via RabbitMQ, enviando via WebSocket: 7 candidatos
2025-05-19 14:14:25.511 [org.springframework.amqp.rabbit.RabbitListenerEndpointContainer#2-1] INFO  com.eleicao.core.component.WebSocketCandidatoListener - Lista de candidatos enviada via WebSocket com sucesso
2025-05-19 14:14:25.631 [org.springframework.amqp.rabbit.RabbitListenerEndpointContainer#1-1] INFO  com.eleicao.core.service.VotoService - Voto salvo: Voto{, type='eleicao-gp2', object='lionel messi', valor=1, timestamp=2025-05-19T14:14:25.630435800}
2025-05-19 14:14:25.679 [org.springframework.amqp.rabbit.RabbitListenerEndpointContainer#1-1] INFO  com.eleicao.core.component.VotoListener - Voto processado e lista atualizada: VotoDTO{type='eleicao-gp2', object='49', valor=1, timestamp=2025-05-19T14:14:25.630435800}
2025-05-19 14:14:25.681 [org.springframework.amqp.rabbit.RabbitListenerEndpointContainer#2-1] INFO  com.eleicao.core.component.WebSocketCandidatoListener - Recebido lista de candidatos via RabbitMQ, enviando via WebSocket: 7 candidatos
2025-05-19 14:14:25.685 [org.springframework.amqp.rabbit.RabbitListenerEndpointContainer#2-1] INFO  com.eleicao.core.component.WebSocketCandidatoListener - Lista de candidatos enviada via WebSocket com sucesso
2025-05-19 14:14:25.793 [org.springframework.amqp.rabbit.RabbitListenerEndpointContainer#1-1] INFO  com.eleicao.core.service.VotoService - Voto salvo: Voto{, type='eleicao-gp2', object='lionel messi', valor=1, timestamp=2025-05-19T14:14:25.782732}
2025-05-19 14:14:25.842 [org.springframework.amqp.rabbit.RabbitListenerEndpointContainer#1-1] INFO  com.eleicao.core.component.VotoListener - Voto processado e lista atualizada: VotoDTO{type='eleicao-gp2', object='49', valor=1, timestamp=2025-05-19T14:14:25.782732}
2025-05-19 14:14:25.844 [org.springframework.amqp.rabbit.RabbitListenerEndpointContainer#2-1] INFO  com.eleicao.core.component.WebSocketCandidatoListener - Recebido lista de candidatos via RabbitMQ, enviando via WebSocket: 7 candidatos
2025-05-19 14:14:25.847 [org.springframework.amqp.rabbit.RabbitListenerEndpointContainer#2-1] INFO  com.eleicao.core.component.WebSocketCandidatoListener - Lista de candidatos enviada via WebSocket com sucesso
2025-05-19 14:14:25.988 [org.springframework.amqp.rabbit.RabbitListenerEndpointContainer#1-1] INFO  com.eleicao.core.service.VotoService - Voto salvo: Voto{, type='eleicao-gp2', object='lionel messi', valor=1, timestamp=2025-05-19T14:14:25.980204300}
2025-05-19 14:14:26.012 [org.springframework.amqp.rabbit.RabbitListenerEndpointContainer#1-1] INFO  com.eleicao.core.component.VotoListener - Voto processado e lista atualizada: VotoDTO{type='eleicao-gp2', object='49', valor=1, timestamp=2025-05-19T14:14:25.980204300}
2025-05-19 14:14:26.016 [org.springframework.amqp.rabbit.RabbitListenerEndpointContainer#2-1] INFO  com.eleicao.core.component.WebSocketCandidatoListener - Recebido lista de candidatos via RabbitMQ, enviando via WebSocket: 7 candidatos
2025-05-19 14:14:26.016 [org.springframework.amqp.rabbit.RabbitListenerEndpointContainer#2-1] INFO  com.eleicao.core.component.WebSocketCandidatoListener - Lista de candidatos enviada via WebSocket com sucesso
2025-05-19 14:14:26.146 [org.springframework.amqp.rabbit.RabbitListenerEndpointContainer#1-1] INFO  com.eleicao.core.service.VotoService - Voto salvo: Voto{, type='eleicao-gp2', object='lionel messi', valor=1, timestamp=2025-05-19T14:14:26.135114}
2025-05-19 14:14:26.181 [org.springframework.amqp.rabbit.RabbitListenerEndpointContainer#1-1] INFO  com.eleicao.core.component.VotoListener - Voto processado e lista atualizada: VotoDTO{type='eleicao-gp2', object='49', valor=1, timestamp=2025-05-19T14:14:26.135114}
2025-05-19 14:14:26.191 [org.springframework.amqp.rabbit.RabbitListenerEndpointContainer#2-1] INFO  com.eleicao.core.component.WebSocketCandidatoListener - Recebido lista de candidatos via RabbitMQ, enviando via WebSocket: 7 candidatos
2025-05-19 14:14:26.192 [org.springframework.amqp.rabbit.RabbitListenerEndpointContainer#2-1] INFO  com.eleicao.core.component.WebSocketCandidatoListener - Lista de candidatos enviada via WebSocket com sucesso
2025-05-19 14:14:26.317 [org.springframework.amqp.rabbit.RabbitListenerEndpointContainer#1-1] INFO  com.eleicao.core.service.VotoService - Voto salvo: Voto{, type='eleicao-gp2', object='lionel messi', valor=1, timestamp=2025-05-19T14:14:26.314978500}
2025-05-19 14:14:26.363 [org.springframework.amqp.rabbit.RabbitListenerEndpointContainer#1-1] INFO  com.eleicao.core.component.VotoListener - Voto processado e lista atualizada: VotoDTO{type='eleicao-gp2', object='49', valor=1, timestamp=2025-05-19T14:14:26.314978500}
2025-05-19 14:14:26.363 [org.springframework.amqp.rabbit.RabbitListenerEndpointContainer#2-1] INFO  com.eleicao.core.component.WebSocketCandidatoListener - Recebido lista de candidatos via RabbitMQ, enviando via WebSocket: 7 candidatos
2025-05-19 14:14:26.363 [org.springframework.amqp.rabbit.RabbitListenerEndpointContainer#2-1] INFO  com.eleicao.core.component.WebSocketCandidatoListener - Lista de candidatos enviada via WebSocket com sucesso
2025-05-19 14:14:26.477 [org.springframework.amqp.rabbit.RabbitListenerEndpointContainer#1-1] INFO  com.eleicao.core.service.VotoService - Voto salvo: Voto{, type='eleicao-gp2', object='lionel messi', valor=1, timestamp=2025-05-19T14:14:26.469180200}
2025-05-19 14:14:26.525 [org.springframework.amqp.rabbit.RabbitListenerEndpointContainer#1-1] INFO  com.eleicao.core.component.VotoListener - Voto processado e lista atualizada: VotoDTO{type='eleicao-gp2', object='49', valor=1, timestamp=2025-05-19T14:14:26.469180200}
2025-05-19 14:14:26.525 [org.springframework.amqp.rabbit.RabbitListenerEndpointContainer#2-1] INFO  com.eleicao.core.component.WebSocketCandidatoListener - Recebido lista de candidatos via RabbitMQ, enviando via WebSocket: 7 candidatos
2025-05-19 14:14:26.528 [org.springframework.amqp.rabbit.RabbitListenerEndpointContainer#2-1] INFO  com.eleicao.core.component.WebSocketCandidatoListener - Lista de candidatos enviada via WebSocket com sucesso
2025-05-19 14:14:26.647 [org.springframework.amqp.rabbit.RabbitListenerEndpointContainer#1-1] INFO  com.eleicao.core.service.VotoService - Voto salvo: Voto{, type='eleicao-gp2', object='lionel messi', valor=1, timestamp=2025-05-19T14:14:26.640937400}
2025-05-19 14:14:26.691 [org.springframework.amqp.rabbit.RabbitListenerEndpointContainer#1-1] INFO  com.eleicao.core.component.VotoListener - Voto processado e lista atualizada: VotoDTO{type='eleicao-gp2', object='49', valor=1, timestamp=2025-05-19T14:14:26.640937400}
2025-05-19 14:14:26.691 [org.springframework.amqp.rabbit.RabbitListenerEndpointContainer#2-1] INFO  com.eleicao.core.component.WebSocketCandidatoListener - Recebido lista de candidatos via RabbitMQ, enviando via WebSocket: 7 candidatos
2025-05-19 14:14:26.695 [org.springframework.amqp.rabbit.RabbitListenerEndpointContainer#2-1] INFO  com.eleicao.core.component.WebSocketCandidatoListener - Lista de candidatos enviada via WebSocket com sucesso
2025-05-19 14:14:26.834 [org.springframework.amqp.rabbit.RabbitListenerEndpointContainer#1-1] INFO  com.eleicao.core.service.VotoService - Voto salvo: Voto{, type='eleicao-gp2', object='lionel messi', valor=1, timestamp=2025-05-19T14:14:26.827209400}
2025-05-19 14:14:26.880 [org.springframework.amqp.rabbit.RabbitListenerEndpointContainer#1-1] INFO  com.eleicao.core.component.VotoListener - Voto processado e lista atualizada: VotoDTO{type='eleicao-gp2', object='49', valor=1, timestamp=2025-05-19T14:14:26.827209400}
2025-05-19 14:14:26.882 [org.springframework.amqp.rabbit.RabbitListenerEndpointContainer#2-1] INFO  com.eleicao.core.component.WebSocketCandidatoListener - Recebido lista de candidatos via RabbitMQ, enviando via WebSocket: 7 candidatos
2025-05-19 14:14:26.882 [org.springframework.amqp.rabbit.RabbitListenerEndpointContainer#2-1] INFO  com.eleicao.core.component.WebSocketCandidatoListener - Lista de candidatos enviada via WebSocket com sucesso
2025-05-19 14:14:26.987 [org.springframework.amqp.rabbit.RabbitListenerEndpointContainer#1-1] INFO  com.eleicao.core.service.VotoService - Voto salvo: Voto{, type='eleicao-gp2', object='lionel messi', valor=1, timestamp=2025-05-19T14:14:26.979119800}
2025-05-19 14:14:27.033 [org.springframework.amqp.rabbit.RabbitListenerEndpointContainer#1-1] INFO  com.eleicao.core.component.VotoListener - Voto processado e lista atualizada: VotoDTO{type='eleicao-gp2', object='49', valor=1, timestamp=2025-05-19T14:14:26.979119800}
2025-05-19 14:14:27.035 [org.springframework.amqp.rabbit.RabbitListenerEndpointContainer#2-1] INFO  com.eleicao.core.component.WebSocketCandidatoListener - Recebido lista de candidatos via RabbitMQ, enviando via WebSocket: 7 candidatos
2025-05-19 14:14:27.035 [org.springframework.amqp.rabbit.RabbitListenerEndpointContainer#2-1] INFO  com.eleicao.core.component.WebSocketCandidatoListener - Lista de candidatos enviada via WebSocket com sucesso
2025-05-19 14:14:27.151 [org.springframework.amqp.rabbit.RabbitListenerEndpointContainer#1-1] INFO  com.eleicao.core.service.VotoService - Voto salvo: Voto{, type='eleicao-gp2', object='lionel messi', valor=1, timestamp=2025-05-19T14:14:27.149825400}
2025-05-19 14:14:27.199 [org.springframework.amqp.rabbit.RabbitListenerEndpointContainer#1-1] INFO  com.eleicao.core.component.VotoListener - Voto processado e lista atualizada: VotoDTO{type='eleicao-gp2', object='49', valor=1, timestamp=2025-05-19T14:14:27.149825400}
2025-05-19 14:14:27.203 [org.springframework.amqp.rabbit.RabbitListenerEndpointContainer#2-1] INFO  com.eleicao.core.component.WebSocketCandidatoListener - Recebido lista de candidatos via RabbitMQ, enviando via WebSocket: 7 candidatos
2025-05-19 14:14:27.203 [org.springframework.amqp.rabbit.RabbitListenerEndpointContainer#2-1] INFO  com.eleicao.core.component.WebSocketCandidatoListener - Lista de candidatos enviada via WebSocket com sucesso
2025-05-19 14:14:27.334 [org.springframework.amqp.rabbit.RabbitListenerEndpointContainer#1-1] INFO  com.eleicao.core.service.VotoService - Voto salvo: Voto{, type='eleicao-gp2', object='lionel messi', valor=1, timestamp=2025-05-19T14:14:27.328900}
2025-05-19 14:14:27.346 [org.springframework.amqp.rabbit.RabbitListenerEndpointContainer#1-1] INFO  com.eleicao.core.component.VotoListener - Voto processado e lista atualizada: VotoDTO{type='eleicao-gp2', object='49', valor=1, timestamp=2025-05-19T14:14:27.328900}
2025-05-19 14:14:27.353 [org.springframework.amqp.rabbit.RabbitListenerEndpointContainer#2-1] INFO  com.eleicao.core.component.WebSocketCandidatoListener - Recebido lista de candidatos via RabbitMQ, enviando via WebSocket: 7 candidatos
2025-05-19 14:14:27.353 [org.springframework.amqp.rabbit.RabbitListenerEndpointContainer#2-1] INFO  com.eleicao.core.component.WebSocketCandidatoListener - Lista de candidatos enviada via WebSocket com sucesso
2025-05-19 14:14:27.499 [org.springframework.amqp.rabbit.RabbitListenerEndpointContainer#1-1] INFO  com.eleicao.core.service.VotoService - Voto salvo: Voto{, type='eleicao-gp2', object='lionel messi', valor=1, timestamp=2025-05-19T14:14:27.491271900}
2025-05-19 14:14:27.546 [org.springframework.amqp.rabbit.RabbitListenerEndpointContainer#1-1] INFO  com.eleicao.core.component.VotoListener - Voto processado e lista atualizada: VotoDTO{type='eleicao-gp2', object='49', valor=1, timestamp=2025-05-19T14:14:27.491271900}
2025-05-19 14:14:27.547 [org.springframework.amqp.rabbit.RabbitListenerEndpointContainer#2-1] INFO  com.eleicao.core.component.WebSocketCandidatoListener - Recebido lista de candidatos via RabbitMQ, enviando via WebSocket: 7 candidatos
2025-05-19 14:14:27.547 [org.springframework.amqp.rabbit.RabbitListenerEndpointContainer#2-1] INFO  com.eleicao.core.component.WebSocketCandidatoListener - Lista de candidatos enviada via WebSocket com sucesso
2025-05-19 14:14:27.685 [org.springframework.amqp.rabbit.RabbitListenerEndpointContainer#1-1] INFO  com.eleicao.core.service.VotoService - Voto salvo: Voto{, type='eleicao-gp2', object='lionel messi', valor=1, timestamp=2025-05-19T14:14:27.677313}
2025-05-19 14:14:27.729 [org.springframework.amqp.rabbit.RabbitListenerEndpointContainer#1-1] INFO  com.eleicao.core.component.VotoListener - Voto processado e lista atualizada: VotoDTO{type='eleicao-gp2', object='49', valor=1, timestamp=2025-05-19T14:14:27.677313}
2025-05-19 14:14:27.732 [org.springframework.amqp.rabbit.RabbitListenerEndpointContainer#2-1] INFO  com.eleicao.core.component.WebSocketCandidatoListener - Recebido lista de candidatos via RabbitMQ, enviando via WebSocket: 7 candidatos
2025-05-19 14:14:27.732 [org.springframework.amqp.rabbit.RabbitListenerEndpointContainer#2-1] INFO  com.eleicao.core.component.WebSocketCandidatoListener - Lista de candidatos enviada via WebSocket com sucesso
2025-05-19 14:14:27.870 [org.springframework.amqp.rabbit.RabbitListenerEndpointContainer#1-1] INFO  com.eleicao.core.service.VotoService - Voto salvo: Voto{, type='eleicao-gp2', object='lionel messi', valor=1, timestamp=2025-05-19T14:14:27.860511600}
2025-05-19 14:14:27.912 [org.springframework.amqp.rabbit.RabbitListenerEndpointContainer#1-1] INFO  com.eleicao.core.component.VotoListener - Voto processado e lista atualizada: VotoDTO{type='eleicao-gp2', object='49', valor=1, timestamp=2025-05-19T14:14:27.860511600}
2025-05-19 14:14:27.914 [org.springframework.amqp.rabbit.RabbitListenerEndpointContainer#2-1] INFO  com.eleicao.core.component.WebSocketCandidatoListener - Recebido lista de candidatos via RabbitMQ, enviando via WebSocket: 7 candidatos
2025-05-19 14:14:27.916 [org.springframework.amqp.rabbit.RabbitListenerEndpointContainer#2-1] INFO  com.eleicao.core.component.WebSocketCandidatoListener - Lista de candidatos enviada via WebSocket com sucesso
2025-05-19 14:14:28.076 [org.springframework.amqp.rabbit.RabbitListenerEndpointContainer#1-1] INFO  com.eleicao.core.service.VotoService - Voto salvo: Voto{, type='eleicao-gp2', object='lionel messi', valor=1, timestamp=2025-05-19T14:14:28.073698100}
2025-05-19 14:14:28.117 [org.springframework.amqp.rabbit.RabbitListenerEndpointContainer#1-1] INFO  com.eleicao.core.component.VotoListener - Voto processado e lista atualizada: VotoDTO{type='eleicao-gp2', object='49', valor=1, timestamp=2025-05-19T14:14:28.073698100}
2025-05-19 14:14:28.117 [org.springframework.amqp.rabbit.RabbitListenerEndpointContainer#2-1] INFO  com.eleicao.core.component.WebSocketCandidatoListener - Recebido lista de candidatos via RabbitMQ, enviando via WebSocket: 7 candidatos
2025-05-19 14:14:28.117 [org.springframework.amqp.rabbit.RabbitListenerEndpointContainer#2-1] INFO  com.eleicao.core.component.WebSocketCandidatoListener - Lista de candidatos enviada via WebSocket com sucesso
2025-05-19 14:14:49.539 [org.springframework.amqp.rabbit.RabbitListenerEndpointContainer#1-1] INFO  com.eleicao.core.service.VotoService - Voto salvo: Voto{, type='eleicao-gp2', object='lionel messi', valor=1, timestamp=2025-05-19T14:14:49.534849700}
2025-05-19 14:14:49.589 [org.springframework.amqp.rabbit.RabbitListenerEndpointContainer#1-1] INFO  com.eleicao.core.component.VotoListener - Voto processado e lista atualizada: VotoDTO{type='eleicao-gp2', object='49', valor=1, timestamp=2025-05-19T14:14:49.534849700}
2025-05-19 14:14:49.589 [org.springframework.amqp.rabbit.RabbitListenerEndpointContainer#2-1] INFO  com.eleicao.core.component.WebSocketCandidatoListener - Recebido lista de candidatos via RabbitMQ, enviando via WebSocket: 7 candidatos
2025-05-19 14:14:49.589 [org.springframework.amqp.rabbit.RabbitListenerEndpointContainer#2-1] INFO  com.eleicao.core.component.WebSocketCandidatoListener - Lista de candidatos enviada via WebSocket com sucesso
2025-05-19 14:14:49.634 [org.springframework.amqp.rabbit.RabbitListenerEndpointContainer#1-1] INFO  com.eleicao.core.service.VotoService - Voto salvo: Voto{, type='eleicao-gp2', object='lionel messi', valor=1, timestamp=2025-05-19T14:14:49.622466900}
2025-05-19 14:14:49.649 [org.springframework.amqp.rabbit.RabbitListenerEndpointContainer#1-1] INFO  com.eleicao.core.component.VotoListener - Voto processado e lista atualizada: VotoDTO{type='eleicao-gp2', object='49', valor=1, timestamp=2025-05-19T14:14:49.622466900}
2025-05-19 14:14:49.649 [org.springframework.amqp.rabbit.RabbitListenerEndpointContainer#2-1] INFO  com.eleicao.core.component.WebSocketCandidatoListener - Recebido lista de candidatos via RabbitMQ, enviando via WebSocket: 7 candidatos
2025-05-19 14:14:49.649 [org.springframework.amqp.rabbit.RabbitListenerEndpointContainer#2-1] INFO  com.eleicao.core.component.WebSocketCandidatoListener - Lista de candidatos enviada via WebSocket com sucesso
2025-05-19 14:14:49.739 [org.springframework.amqp.rabbit.RabbitListenerEndpointContainer#1-1] INFO  com.eleicao.core.service.VotoService - Voto salvo: Voto{, type='eleicao-gp2', object='lionel messi', valor=1, timestamp=2025-05-19T14:14:49.728061800}
2025-05-19 14:14:49.770 [org.springframework.amqp.rabbit.RabbitListenerEndpointContainer#1-1] INFO  com.eleicao.core.component.VotoListener - Voto processado e lista atualizada: VotoDTO{type='eleicao-gp2', object='49', valor=1, timestamp=2025-05-19T14:14:49.728061800}
2025-05-19 14:14:49.773 [org.springframework.amqp.rabbit.RabbitListenerEndpointContainer#2-1] INFO  com.eleicao.core.component.WebSocketCandidatoListener - Recebido lista de candidatos via RabbitMQ, enviando via WebSocket: 7 candidatos
2025-05-19 14:14:49.775 [org.springframework.amqp.rabbit.RabbitListenerEndpointContainer#2-1] INFO  com.eleicao.core.component.WebSocketCandidatoListener - Lista de candidatos enviada via WebSocket com sucesso
2025-05-19 14:14:49.830 [org.springframework.amqp.rabbit.RabbitListenerEndpointContainer#1-1] INFO  com.eleicao.core.service.VotoService - Voto salvo: Voto{, type='eleicao-gp2', object='lionel messi', valor=1, timestamp=2025-05-19T14:14:49.822753}
2025-05-19 14:14:49.839 [org.springframework.amqp.rabbit.RabbitListenerEndpointContainer#1-1] INFO  com.eleicao.core.component.VotoListener - Voto processado e lista atualizada: VotoDTO{type='eleicao-gp2', object='49', valor=1, timestamp=2025-05-19T14:14:49.822753}
2025-05-19 14:14:49.839 [org.springframework.amqp.rabbit.RabbitListenerEndpointContainer#2-1] INFO  com.eleicao.core.component.WebSocketCandidatoListener - Recebido lista de candidatos via RabbitMQ, enviando via WebSocket: 7 candidatos
2025-05-19 14:14:49.852 [org.springframework.amqp.rabbit.RabbitListenerEndpointContainer#2-1] INFO  com.eleicao.core.component.WebSocketCandidatoListener - Lista de candidatos enviada via WebSocket com sucesso
2025-05-19 14:14:49.929 [org.springframework.amqp.rabbit.RabbitListenerEndpointContainer#1-1] INFO  com.eleicao.core.service.VotoService - Voto salvo: Voto{, type='eleicao-gp2', object='lionel messi', valor=1, timestamp=2025-05-19T14:14:49.926582200}
2025-05-19 14:14:49.942 [org.springframework.amqp.rabbit.RabbitListenerEndpointContainer#1-1] INFO  com.eleicao.core.component.VotoListener - Voto processado e lista atualizada: VotoDTO{type='eleicao-gp2', object='49', valor=1, timestamp=2025-05-19T14:14:49.926582200}
2025-05-19 14:14:49.942 [org.springframework.amqp.rabbit.RabbitListenerEndpointContainer#2-1] INFO  com.eleicao.core.component.WebSocketCandidatoListener - Recebido lista de candidatos via RabbitMQ, enviando via WebSocket: 7 candidatos
2025-05-19 14:14:49.942 [org.springframework.amqp.rabbit.RabbitListenerEndpointContainer#2-1] INFO  com.eleicao.core.component.WebSocketCandidatoListener - Lista de candidatos enviada via WebSocket com sucesso
2025-05-19 14:14:50.029 [org.springframework.amqp.rabbit.RabbitListenerEndpointContainer#1-1] INFO  com.eleicao.core.service.VotoService - Voto salvo: Voto{, type='eleicao-gp2', object='lionel messi', valor=1, timestamp=2025-05-19T14:14:50.022160}
2025-05-19 14:14:50.038 [org.springframework.amqp.rabbit.RabbitListenerEndpointContainer#1-1] INFO  com.eleicao.core.component.VotoListener - Voto processado e lista atualizada: VotoDTO{type='eleicao-gp2', object='49', valor=1, timestamp=2025-05-19T14:14:50.022160}
2025-05-19 14:14:50.047 [org.springframework.amqp.rabbit.RabbitListenerEndpointContainer#2-1] INFO  com.eleicao.core.component.WebSocketCandidatoListener - Recebido lista de candidatos via RabbitMQ, enviando via WebSocket: 7 candidatos
2025-05-19 14:14:50.047 [org.springframework.amqp.rabbit.RabbitListenerEndpointContainer#2-1] INFO  com.eleicao.core.component.WebSocketCandidatoListener - Lista de candidatos enviada via WebSocket com sucesso
2025-05-19 14:14:50.128 [org.springframework.amqp.rabbit.RabbitListenerEndpointContainer#1-1] INFO  com.eleicao.core.service.VotoService - Voto salvo: Voto{, type='eleicao-gp2', object='lionel messi', valor=1, timestamp=2025-05-19T14:14:50.125023}
2025-05-19 14:14:50.139 [org.springframework.amqp.rabbit.RabbitListenerEndpointContainer#1-1] INFO  com.eleicao.core.component.VotoListener - Voto processado e lista atualizada: VotoDTO{type='eleicao-gp2', object='49', valor=1, timestamp=2025-05-19T14:14:50.125023}
2025-05-19 14:14:50.145 [org.springframework.amqp.rabbit.RabbitListenerEndpointContainer#2-1] INFO  com.eleicao.core.component.WebSocketCandidatoListener - Recebido lista de candidatos via RabbitMQ, enviando via WebSocket: 7 candidatos
2025-05-19 14:14:50.145 [org.springframework.amqp.rabbit.RabbitListenerEndpointContainer#2-1] INFO  com.eleicao.core.component.WebSocketCandidatoListener - Lista de candidatos enviada via WebSocket com sucesso
2025-05-19 14:14:50.236 [org.springframework.amqp.rabbit.RabbitListenerEndpointContainer#1-1] INFO  com.eleicao.core.service.VotoService - Voto salvo: Voto{, type='eleicao-gp2', object='lionel messi', valor=1, timestamp=2025-05-19T14:14:50.222545600}
2025-05-19 14:14:50.254 [org.springframework.amqp.rabbit.RabbitListenerEndpointContainer#1-1] INFO  com.eleicao.core.component.VotoListener - Voto processado e lista atualizada: VotoDTO{type='eleicao-gp2', object='49', valor=1, timestamp=2025-05-19T14:14:50.222545600}
2025-05-19 14:14:50.254 [org.springframework.amqp.rabbit.RabbitListenerEndpointContainer#2-1] INFO  com.eleicao.core.component.WebSocketCandidatoListener - Recebido lista de candidatos via RabbitMQ, enviando via WebSocket: 7 candidatos
2025-05-19 14:14:50.254 [org.springframework.amqp.rabbit.RabbitListenerEndpointContainer#2-1] INFO  com.eleicao.core.component.WebSocketCandidatoListener - Lista de candidatos enviada via WebSocket com sucesso
2025-05-19 14:14:50.328 [org.springframework.amqp.rabbit.RabbitListenerEndpointContainer#1-1] INFO  com.eleicao.core.service.VotoService - Voto salvo: Voto{, type='eleicao-gp2', object='lionel messi', valor=1, timestamp=2025-05-19T14:14:50.322494200}
2025-05-19 14:14:50.347 [org.springframework.amqp.rabbit.RabbitListenerEndpointContainer#1-1] INFO  com.eleicao.core.component.VotoListener - Voto processado e lista atualizada: VotoDTO{type='eleicao-gp2', object='49', valor=1, timestamp=2025-05-19T14:14:50.322494200}
2025-05-19 14:14:50.347 [org.springframework.amqp.rabbit.RabbitListenerEndpointContainer#2-1] INFO  com.eleicao.core.component.WebSocketCandidatoListener - Recebido lista de candidatos via RabbitMQ, enviando via WebSocket: 7 candidatos
2025-05-19 14:14:50.353 [org.springframework.amqp.rabbit.RabbitListenerEndpointContainer#2-1] INFO  com.eleicao.core.component.WebSocketCandidatoListener - Lista de candidatos enviada via WebSocket com sucesso
2025-05-19 14:14:50.429 [org.springframework.amqp.rabbit.RabbitListenerEndpointContainer#1-1] INFO  com.eleicao.core.service.VotoService - Voto salvo: Voto{, type='eleicao-gp2', object='lionel messi', valor=1, timestamp=2025-05-19T14:14:50.422289900}
2025-05-19 14:14:50.444 [org.springframework.amqp.rabbit.RabbitListenerEndpointContainer#1-1] INFO  com.eleicao.core.component.VotoListener - Voto processado e lista atualizada: VotoDTO{type='eleicao-gp2', object='49', valor=1, timestamp=2025-05-19T14:14:50.422289900}
2025-05-19 14:14:50.444 [org.springframework.amqp.rabbit.RabbitListenerEndpointContainer#2-1] INFO  com.eleicao.core.component.WebSocketCandidatoListener - Recebido lista de candidatos via RabbitMQ, enviando via WebSocket: 7 candidatos
2025-05-19 14:14:50.444 [org.springframework.amqp.rabbit.RabbitListenerEndpointContainer#2-1] INFO  com.eleicao.core.component.WebSocketCandidatoListener - Lista de candidatos enviada via WebSocket com sucesso
2025-05-19 14:14:50.529 [org.springframework.amqp.rabbit.RabbitListenerEndpointContainer#1-1] INFO  com.eleicao.core.service.VotoService - Voto salvo: Voto{, type='eleicao-gp2', object='lionel messi', valor=1, timestamp=2025-05-19T14:14:50.521793900}
2025-05-19 14:14:50.544 [org.springframework.amqp.rabbit.RabbitListenerEndpointContainer#1-1] INFO  com.eleicao.core.component.VotoListener - Voto processado e lista atualizada: VotoDTO{type='eleicao-gp2', object='49', valor=1, timestamp=2025-05-19T14:14:50.521793900}
2025-05-19 14:14:50.544 [org.springframework.amqp.rabbit.RabbitListenerEndpointContainer#2-1] INFO  com.eleicao.core.component.WebSocketCandidatoListener - Recebido lista de candidatos via RabbitMQ, enviando via WebSocket: 7 candidatos
2025-05-19 14:14:50.546 [org.springframework.amqp.rabbit.RabbitListenerEndpointContainer#2-1] INFO  com.eleicao.core.component.WebSocketCandidatoListener - Lista de candidatos enviada via WebSocket com sucesso
2025-05-19 14:14:50.627 [org.springframework.amqp.rabbit.RabbitListenerEndpointContainer#1-1] INFO  com.eleicao.core.service.VotoService - Voto salvo: Voto{, type='eleicao-gp2', object='lionel messi', valor=1, timestamp=2025-05-19T14:14:50.622549300}
2025-05-19 14:14:50.643 [org.springframework.amqp.rabbit.RabbitListenerEndpointContainer#1-1] INFO  com.eleicao.core.component.VotoListener - Voto processado e lista atualizada: VotoDTO{type='eleicao-gp2', object='49', valor=1, timestamp=2025-05-19T14:14:50.622549300}
2025-05-19 14:14:50.643 [org.springframework.amqp.rabbit.RabbitListenerEndpointContainer#2-1] INFO  com.eleicao.core.component.WebSocketCandidatoListener - Recebido lista de candidatos via RabbitMQ, enviando via WebSocket: 7 candidatos
2025-05-19 14:14:50.643 [org.springframework.amqp.rabbit.RabbitListenerEndpointContainer#2-1] INFO  com.eleicao.core.component.WebSocketCandidatoListener - Lista de candidatos enviada via WebSocket com sucesso
2025-05-19 14:14:50.725 [org.springframework.amqp.rabbit.RabbitListenerEndpointContainer#1-1] INFO  com.eleicao.core.service.VotoService - Voto salvo: Voto{, type='eleicao-gp2', object='lionel messi', valor=1, timestamp=2025-05-19T14:14:50.721410800}
2025-05-19 14:14:50.741 [org.springframework.amqp.rabbit.RabbitListenerEndpointContainer#1-1] INFO  com.eleicao.core.component.VotoListener - Voto processado e lista atualizada: VotoDTO{type='eleicao-gp2', object='49', valor=1, timestamp=2025-05-19T14:14:50.721410800}
2025-05-19 14:14:50.743 [org.springframework.amqp.rabbit.RabbitListenerEndpointContainer#2-1] INFO  com.eleicao.core.component.WebSocketCandidatoListener - Recebido lista de candidatos via RabbitMQ, enviando via WebSocket: 7 candidatos
2025-05-19 14:14:50.743 [org.springframework.amqp.rabbit.RabbitListenerEndpointContainer#2-1] INFO  com.eleicao.core.component.WebSocketCandidatoListener - Lista de candidatos enviada via WebSocket com sucesso
2025-05-19 14:14:50.828 [org.springframework.amqp.rabbit.RabbitListenerEndpointContainer#1-1] INFO  com.eleicao.core.service.VotoService - Voto salvo: Voto{, type='eleicao-gp2', object='lionel messi', valor=1, timestamp=2025-05-19T14:14:50.821706800}
2025-05-19 14:14:50.837 [org.springframework.amqp.rabbit.RabbitListenerEndpointContainer#1-1] INFO  com.eleicao.core.component.VotoListener - Voto processado e lista atualizada: VotoDTO{type='eleicao-gp2', object='49', valor=1, timestamp=2025-05-19T14:14:50.821706800}
2025-05-19 14:14:50.837 [org.springframework.amqp.rabbit.RabbitListenerEndpointContainer#2-1] INFO  com.eleicao.core.component.WebSocketCandidatoListener - Recebido lista de candidatos via RabbitMQ, enviando via WebSocket: 7 candidatos
2025-05-19 14:14:50.837 [org.springframework.amqp.rabbit.RabbitListenerEndpointContainer#2-1] INFO  com.eleicao.core.component.WebSocketCandidatoListener - Lista de candidatos enviada via WebSocket com sucesso
2025-05-19 14:14:50.929 [org.springframework.amqp.rabbit.RabbitListenerEndpointContainer#1-1] INFO  com.eleicao.core.service.VotoService - Voto salvo: Voto{, type='eleicao-gp2', object='lionel messi', valor=1, timestamp=2025-05-19T14:14:50.924071100}
2025-05-19 14:14:50.937 [org.springframework.amqp.rabbit.RabbitListenerEndpointContainer#1-1] INFO  com.eleicao.core.component.VotoListener - Voto processado e lista atualizada: VotoDTO{type='eleicao-gp2', object='49', valor=1, timestamp=2025-05-19T14:14:50.924071100}
2025-05-19 14:14:50.937 [org.springframework.amqp.rabbit.RabbitListenerEndpointContainer#2-1] INFO  com.eleicao.core.component.WebSocketCandidatoListener - Recebido lista de candidatos via RabbitMQ, enviando via WebSocket: 7 candidatos
2025-05-19 14:14:50.937 [org.springframework.amqp.rabbit.RabbitListenerEndpointContainer#2-1] INFO  com.eleicao.core.component.WebSocketCandidatoListener - Lista de candidatos enviada via WebSocket com sucesso
2025-05-19 14:14:51.025 [org.springframework.amqp.rabbit.RabbitListenerEndpointContainer#1-1] INFO  com.eleicao.core.service.VotoService - Voto salvo: Voto{, type='eleicao-gp2', object='lionel messi', valor=1, timestamp=2025-05-19T14:14:51.021962900}
2025-05-19 14:14:51.042 [org.springframework.amqp.rabbit.RabbitListenerEndpointContainer#1-1] INFO  com.eleicao.core.component.VotoListener - Voto processado e lista atualizada: VotoDTO{type='eleicao-gp2', object='49', valor=1, timestamp=2025-05-19T14:14:51.021962900}
2025-05-19 14:14:51.042 [org.springframework.amqp.rabbit.RabbitListenerEndpointContainer#2-1] INFO  com.eleicao.core.component.WebSocketCandidatoListener - Recebido lista de candidatos via RabbitMQ, enviando via WebSocket: 7 candidatos
2025-05-19 14:14:51.042 [org.springframework.amqp.rabbit.RabbitListenerEndpointContainer#2-1] INFO  com.eleicao.core.component.WebSocketCandidatoListener - Lista de candidatos enviada via WebSocket com sucesso
2025-05-19 14:14:51.126 [org.springframework.amqp.rabbit.RabbitListenerEndpointContainer#1-1] INFO  com.eleicao.core.service.VotoService - Voto salvo: Voto{, type='eleicao-gp2', object='lionel messi', valor=1, timestamp=2025-05-19T14:14:51.121256100}
2025-05-19 14:14:51.137 [org.springframework.amqp.rabbit.RabbitListenerEndpointContainer#1-1] INFO  com.eleicao.core.component.VotoListener - Voto processado e lista atualizada: VotoDTO{type='eleicao-gp2', object='49', valor=1, timestamp=2025-05-19T14:14:51.121256100}
2025-05-19 14:14:51.137 [org.springframework.amqp.rabbit.RabbitListenerEndpointContainer#2-1] INFO  com.eleicao.core.component.WebSocketCandidatoListener - Recebido lista de candidatos via RabbitMQ, enviando via WebSocket: 7 candidatos
2025-05-19 14:14:51.137 [org.springframework.amqp.rabbit.RabbitListenerEndpointContainer#2-1] INFO  com.eleicao.core.component.WebSocketCandidatoListener - Lista de candidatos enviada via WebSocket com sucesso
2025-05-19 14:14:51.226 [org.springframework.amqp.rabbit.RabbitListenerEndpointContainer#1-1] INFO  com.eleicao.core.service.VotoService - Voto salvo: Voto{, type='eleicao-gp2', object='lionel messi', valor=1, timestamp=2025-05-19T14:14:51.223302400}
2025-05-19 14:14:51.258 [org.springframework.amqp.rabbit.RabbitListenerEndpointContainer#1-1] INFO  com.eleicao.core.component.VotoListener - Voto processado e lista atualizada: VotoDTO{type='eleicao-gp2', object='49', valor=1, timestamp=2025-05-19T14:14:51.223302400}
2025-05-19 14:14:51.260 [org.springframework.amqp.rabbit.RabbitListenerEndpointContainer#2-1] INFO  com.eleicao.core.component.WebSocketCandidatoListener - Recebido lista de candidatos via RabbitMQ, enviando via WebSocket: 7 candidatos
2025-05-19 14:14:51.260 [org.springframework.amqp.rabbit.RabbitListenerEndpointContainer#2-1] INFO  com.eleicao.core.component.WebSocketCandidatoListener - Lista de candidatos enviada via WebSocket com sucesso
2025-05-19 14:14:51.328 [org.springframework.amqp.rabbit.RabbitListenerEndpointContainer#1-1] INFO  com.eleicao.core.service.VotoService - Voto salvo: Voto{, type='eleicao-gp2', object='lionel messi', valor=1, timestamp=2025-05-19T14:14:51.321294100}
2025-05-19 14:14:51.337 [org.springframework.amqp.rabbit.RabbitListenerEndpointContainer#1-1] INFO  com.eleicao.core.component.VotoListener - Voto processado e lista atualizada: VotoDTO{type='eleicao-gp2', object='49', valor=1, timestamp=2025-05-19T14:14:51.321294100}
2025-05-19 14:14:51.337 [org.springframework.amqp.rabbit.RabbitListenerEndpointContainer#2-1] INFO  com.eleicao.core.component.WebSocketCandidatoListener - Recebido lista de candidatos via RabbitMQ, enviando via WebSocket: 7 candidatos
2025-05-19 14:14:51.337 [org.springframework.amqp.rabbit.RabbitListenerEndpointContainer#2-1] INFO  com.eleicao.core.component.WebSocketCandidatoListener - Lista de candidatos enviada via WebSocket com sucesso
2025-05-19 14:14:51.426 [org.springframework.amqp.rabbit.RabbitListenerEndpointContainer#1-1] INFO  com.eleicao.core.service.VotoService - Voto salvo: Voto{, type='eleicao-gp2', object='lionel messi', valor=1, timestamp=2025-05-19T14:14:51.421652100}
2025-05-19 14:14:51.437 [org.springframework.amqp.rabbit.RabbitListenerEndpointContainer#1-1] INFO  com.eleicao.core.component.VotoListener - Voto processado e lista atualizada: VotoDTO{type='eleicao-gp2', object='49', valor=1, timestamp=2025-05-19T14:14:51.421652100}
2025-05-19 14:14:51.442 [org.springframework.amqp.rabbit.RabbitListenerEndpointContainer#2-1] INFO  com.eleicao.core.component.WebSocketCandidatoListener - Recebido lista de candidatos via RabbitMQ, enviando via WebSocket: 7 candidatos
2025-05-19 14:14:51.442 [org.springframework.amqp.rabbit.RabbitListenerEndpointContainer#2-1] INFO  com.eleicao.core.component.WebSocketCandidatoListener - Lista de candidatos enviada via WebSocket com sucesso
2025-05-19 14:14:51.529 [org.springframework.amqp.rabbit.RabbitListenerEndpointContainer#1-1] INFO  com.eleicao.core.service.VotoService - Voto salvo: Voto{, type='eleicao-gp2', object='lionel messi', valor=1, timestamp=2025-05-19T14:14:51.523131300}
2025-05-19 14:14:51.544 [org.springframework.amqp.rabbit.RabbitListenerEndpointContainer#1-1] INFO  com.eleicao.core.component.VotoListener - Voto processado e lista atualizada: VotoDTO{type='eleicao-gp2', object='49', valor=1, timestamp=2025-05-19T14:14:51.523131300}
2025-05-19 14:14:51.550 [org.springframework.amqp.rabbit.RabbitListenerEndpointContainer#2-1] INFO  com.eleicao.core.component.WebSocketCandidatoListener - Recebido lista de candidatos via RabbitMQ, enviando via WebSocket: 7 candidatos
2025-05-19 14:14:51.550 [org.springframework.amqp.rabbit.RabbitListenerEndpointContainer#2-1] INFO  com.eleicao.core.component.WebSocketCandidatoListener - Lista de candidatos enviada via WebSocket com sucesso
2025-05-19 14:14:51.630 [org.springframework.amqp.rabbit.RabbitListenerEndpointContainer#1-1] INFO  com.eleicao.core.service.VotoService - Voto salvo: Voto{, type='eleicao-gp2', object='lionel messi', valor=1, timestamp=2025-05-19T14:14:51.624186300}
2025-05-19 14:14:51.650 [org.springframework.amqp.rabbit.RabbitListenerEndpointContainer#1-1] INFO  com.eleicao.core.component.VotoListener - Voto processado e lista atualizada: VotoDTO{type='eleicao-gp2', object='49', valor=1, timestamp=2025-05-19T14:14:51.624186300}
2025-05-19 14:14:51.652 [org.springframework.amqp.rabbit.RabbitListenerEndpointContainer#2-1] INFO  com.eleicao.core.component.WebSocketCandidatoListener - Recebido lista de candidatos via RabbitMQ, enviando via WebSocket: 7 candidatos
2025-05-19 14:14:51.654 [org.springframework.amqp.rabbit.RabbitListenerEndpointContainer#2-1] INFO  com.eleicao.core.component.WebSocketCandidatoListener - Lista de candidatos enviada via WebSocket com sucesso
2025-05-19 14:14:51.731 [org.springframework.amqp.rabbit.RabbitListenerEndpointContainer#1-1] INFO  com.eleicao.core.service.VotoService - Voto salvo: Voto{, type='eleicao-gp2', object='lionel messi', valor=1, timestamp=2025-05-19T14:14:51.721999800}
2025-05-19 14:14:51.745 [org.springframework.amqp.rabbit.RabbitListenerEndpointContainer#1-1] INFO  com.eleicao.core.component.VotoListener - Voto processado e lista atualizada: VotoDTO{type='eleicao-gp2', object='49', valor=1, timestamp=2025-05-19T14:14:51.721999800}
2025-05-19 14:14:51.749 [org.springframework.amqp.rabbit.RabbitListenerEndpointContainer#2-1] INFO  com.eleicao.core.component.WebSocketCandidatoListener - Recebido lista de candidatos via RabbitMQ, enviando via WebSocket: 7 candidatos
2025-05-19 14:14:51.751 [org.springframework.amqp.rabbit.RabbitListenerEndpointContainer#2-1] INFO  com.eleicao.core.component.WebSocketCandidatoListener - Lista de candidatos enviada via WebSocket com sucesso
2025-05-19 14:14:51.830 [org.springframework.amqp.rabbit.RabbitListenerEndpointContainer#1-1] INFO  com.eleicao.core.service.VotoService - Voto salvo: Voto{, type='eleicao-gp2', object='lionel messi', valor=1, timestamp=2025-05-19T14:14:51.821965}
2025-05-19 14:14:51.850 [org.springframework.amqp.rabbit.RabbitListenerEndpointContainer#1-1] INFO  com.eleicao.core.component.VotoListener - Voto processado e lista atualizada: VotoDTO{type='eleicao-gp2', object='49', valor=1, timestamp=2025-05-19T14:14:51.821965}
2025-05-19 14:14:51.854 [org.springframework.amqp.rabbit.RabbitListenerEndpointContainer#2-1] INFO  com.eleicao.core.component.WebSocketCandidatoListener - Recebido lista de candidatos via RabbitMQ, enviando via WebSocket: 7 candidatos
2025-05-19 14:14:51.854 [org.springframework.amqp.rabbit.RabbitListenerEndpointContainer#2-1] INFO  com.eleicao.core.component.WebSocketCandidatoListener - Lista de candidatos enviada via WebSocket com sucesso
2025-05-19 14:14:51.928 [org.springframework.amqp.rabbit.RabbitListenerEndpointContainer#1-1] INFO  com.eleicao.core.service.VotoService - Voto salvo: Voto{, type='eleicao-gp2', object='lionel messi', valor=1, timestamp=2025-05-19T14:14:51.923195500}
2025-05-19 14:14:51.948 [org.springframework.amqp.rabbit.RabbitListenerEndpointContainer#1-1] INFO  com.eleicao.core.component.VotoListener - Voto processado e lista atualizada: VotoDTO{type='eleicao-gp2', object='49', valor=1, timestamp=2025-05-19T14:14:51.923195500}
2025-05-19 14:14:51.950 [org.springframework.amqp.rabbit.RabbitListenerEndpointContainer#2-1] INFO  com.eleicao.core.component.WebSocketCandidatoListener - Recebido lista de candidatos via RabbitMQ, enviando via WebSocket: 7 candidatos
2025-05-19 14:14:51.952 [org.springframework.amqp.rabbit.RabbitListenerEndpointContainer#2-1] INFO  com.eleicao.core.component.WebSocketCandidatoListener - Lista de candidatos enviada via WebSocket com sucesso
2025-05-19 14:14:52.029 [org.springframework.amqp.rabbit.RabbitListenerEndpointContainer#1-1] INFO  com.eleicao.core.service.VotoService - Voto salvo: Voto{, type='eleicao-gp2', object='lionel messi', valor=1, timestamp=2025-05-19T14:14:52.021770700}
2025-05-19 14:14:52.044 [org.springframework.amqp.rabbit.RabbitListenerEndpointContainer#1-1] INFO  com.eleicao.core.component.VotoListener - Voto processado e lista atualizada: VotoDTO{type='eleicao-gp2', object='49', valor=1, timestamp=2025-05-19T14:14:52.021770700}
2025-05-19 14:14:52.044 [org.springframework.amqp.rabbit.RabbitListenerEndpointContainer#2-1] INFO  com.eleicao.core.component.WebSocketCandidatoListener - Recebido lista de candidatos via RabbitMQ, enviando via WebSocket: 7 candidatos
2025-05-19 14:14:52.052 [org.springframework.amqp.rabbit.RabbitListenerEndpointContainer#2-1] INFO  com.eleicao.core.component.WebSocketCandidatoListener - Lista de candidatos enviada via WebSocket com sucesso
2025-05-19 14:14:52.127 [org.springframework.amqp.rabbit.RabbitListenerEndpointContainer#1-1] INFO  com.eleicao.core.service.VotoService - Voto salvo: Voto{, type='eleicao-gp2', object='lionel messi', valor=1, timestamp=2025-05-19T14:14:52.122212}
2025-05-19 14:14:52.149 [org.springframework.amqp.rabbit.RabbitListenerEndpointContainer#1-1] INFO  com.eleicao.core.component.VotoListener - Voto processado e lista atualizada: VotoDTO{type='eleicao-gp2', object='49', valor=1, timestamp=2025-05-19T14:14:52.122212}
2025-05-19 14:14:52.153 [org.springframework.amqp.rabbit.RabbitListenerEndpointContainer#2-1] INFO  com.eleicao.core.component.WebSocketCandidatoListener - Recebido lista de candidatos via RabbitMQ, enviando via WebSocket: 7 candidatos
2025-05-19 14:14:52.153 [org.springframework.amqp.rabbit.RabbitListenerEndpointContainer#2-1] INFO  com.eleicao.core.component.WebSocketCandidatoListener - Lista de candidatos enviada via WebSocket com sucesso
2025-05-19 14:14:52.226 [org.springframework.amqp.rabbit.RabbitListenerEndpointContainer#1-1] INFO  com.eleicao.core.service.VotoService - Voto salvo: Voto{, type='eleicao-gp2', object='lionel messi', valor=1, timestamp=2025-05-19T14:14:52.220740300}
2025-05-19 14:14:52.237 [org.springframework.amqp.rabbit.RabbitListenerEndpointContainer#1-1] INFO  com.eleicao.core.component.VotoListener - Voto processado e lista atualizada: VotoDTO{type='eleicao-gp2', object='49', valor=1, timestamp=2025-05-19T14:14:52.220740300}
2025-05-19 14:14:52.245 [org.springframework.amqp.rabbit.RabbitListenerEndpointContainer#2-1] INFO  com.eleicao.core.component.WebSocketCandidatoListener - Recebido lista de candidatos via RabbitMQ, enviando via WebSocket: 7 candidatos
2025-05-19 14:14:52.245 [org.springframework.amqp.rabbit.RabbitListenerEndpointContainer#2-1] INFO  com.eleicao.core.component.WebSocketCandidatoListener - Lista de candidatos enviada via WebSocket com sucesso
2025-05-19 14:14:52.325 [org.springframework.amqp.rabbit.RabbitListenerEndpointContainer#1-1] INFO  com.eleicao.core.service.VotoService - Voto salvo: Voto{, type='eleicao-gp2', object='lionel messi', valor=1, timestamp=2025-05-19T14:14:52.320889900}
2025-05-19 14:14:52.344 [org.springframework.amqp.rabbit.RabbitListenerEndpointContainer#1-1] INFO  com.eleicao.core.component.VotoListener - Voto processado e lista atualizada: VotoDTO{type='eleicao-gp2', object='49', valor=1, timestamp=2025-05-19T14:14:52.320889900}
2025-05-19 14:14:52.348 [org.springframework.amqp.rabbit.RabbitListenerEndpointContainer#2-1] INFO  com.eleicao.core.component.WebSocketCandidatoListener - Recebido lista de candidatos via RabbitMQ, enviando via WebSocket: 7 candidatos
2025-05-19 14:14:52.349 [org.springframework.amqp.rabbit.RabbitListenerEndpointContainer#2-1] INFO  com.eleicao.core.component.WebSocketCandidatoListener - Lista de candidatos enviada via WebSocket com sucesso
2025-05-19 14:14:52.429 [org.springframework.amqp.rabbit.RabbitListenerEndpointContainer#1-1] INFO  com.eleicao.core.service.VotoService - Voto salvo: Voto{, type='eleicao-gp2', object='lionel messi', valor=1, timestamp=2025-05-19T14:14:52.421754900}
2025-05-19 14:14:52.450 [org.springframework.amqp.rabbit.RabbitListenerEndpointContainer#1-1] INFO  com.eleicao.core.component.VotoListener - Voto processado e lista atualizada: VotoDTO{type='eleicao-gp2', object='49', valor=1, timestamp=2025-05-19T14:14:52.421754900}
2025-05-19 14:14:52.455 [org.springframework.amqp.rabbit.RabbitListenerEndpointContainer#2-1] INFO  com.eleicao.core.component.WebSocketCandidatoListener - Recebido lista de candidatos via RabbitMQ, enviando via WebSocket: 7 candidatos
2025-05-19 14:14:52.455 [org.springframework.amqp.rabbit.RabbitListenerEndpointContainer#2-1] INFO  com.eleicao.core.component.WebSocketCandidatoListener - Lista de candidatos enviada via WebSocket com sucesso
2025-05-19 14:14:52.528 [org.springframework.amqp.rabbit.RabbitListenerEndpointContainer#1-1] INFO  com.eleicao.core.service.VotoService - Voto salvo: Voto{, type='eleicao-gp2', object='lionel messi', valor=1, timestamp=2025-05-19T14:14:52.521045500}
2025-05-19 14:14:52.544 [org.springframework.amqp.rabbit.RabbitListenerEndpointContainer#1-1] INFO  com.eleicao.core.component.VotoListener - Voto processado e lista atualizada: VotoDTO{type='eleicao-gp2', object='49', valor=1, timestamp=2025-05-19T14:14:52.521045500}
2025-05-19 14:14:52.544 [org.springframework.amqp.rabbit.RabbitListenerEndpointContainer#2-1] INFO  com.eleicao.core.component.WebSocketCandidatoListener - Recebido lista de candidatos via RabbitMQ, enviando via WebSocket: 7 candidatos
2025-05-19 14:14:52.544 [org.springframework.amqp.rabbit.RabbitListenerEndpointContainer#2-1] INFO  com.eleicao.core.component.WebSocketCandidatoListener - Lista de candidatos enviada via WebSocket com sucesso
2025-05-19 14:14:52.627 [org.springframework.amqp.rabbit.RabbitListenerEndpointContainer#1-1] INFO  com.eleicao.core.service.VotoService - Voto salvo: Voto{, type='eleicao-gp2', object='lionel messi', valor=1, timestamp=2025-05-19T14:14:52.620548700}
2025-05-19 14:14:52.641 [org.springframework.amqp.rabbit.RabbitListenerEndpointContainer#1-1] INFO  com.eleicao.core.component.VotoListener - Voto processado e lista atualizada: VotoDTO{type='eleicao-gp2', object='49', valor=1, timestamp=2025-05-19T14:14:52.620548700}
2025-05-19 14:14:52.641 [org.springframework.amqp.rabbit.RabbitListenerEndpointContainer#2-1] INFO  com.eleicao.core.component.WebSocketCandidatoListener - Recebido lista de candidatos via RabbitMQ, enviando via WebSocket: 7 candidatos
2025-05-19 14:14:52.648 [org.springframework.amqp.rabbit.RabbitListenerEndpointContainer#2-1] INFO  com.eleicao.core.component.WebSocketCandidatoListener - Lista de candidatos enviada via WebSocket com sucesso
2025-05-19 14:14:52.733 [org.springframework.amqp.rabbit.RabbitListenerEndpointContainer#1-1] INFO  com.eleicao.core.service.VotoService - Voto salvo: Voto{, type='eleicao-gp2', object='lionel messi', valor=1, timestamp=2025-05-19T14:14:52.725321100}
2025-05-19 14:14:52.760 [org.springframework.amqp.rabbit.RabbitListenerEndpointContainer#1-1] INFO  com.eleicao.core.component.VotoListener - Voto processado e lista atualizada: VotoDTO{type='eleicao-gp2', object='49', valor=1, timestamp=2025-05-19T14:14:52.725321100}
2025-05-19 14:14:52.762 [org.springframework.amqp.rabbit.RabbitListenerEndpointContainer#2-1] INFO  com.eleicao.core.component.WebSocketCandidatoListener - Recebido lista de candidatos via RabbitMQ, enviando via WebSocket: 7 candidatos
2025-05-19 14:14:52.762 [org.springframework.amqp.rabbit.RabbitListenerEndpointContainer#2-1] INFO  com.eleicao.core.component.WebSocketCandidatoListener - Lista de candidatos enviada via WebSocket com sucesso
2025-05-19 14:14:52.828 [org.springframework.amqp.rabbit.RabbitListenerEndpointContainer#1-1] INFO  com.eleicao.core.service.VotoService - Voto salvo: Voto{, type='eleicao-gp2', object='lionel messi', valor=1, timestamp=2025-05-19T14:14:52.824544600}
2025-05-19 14:14:52.851 [org.springframework.amqp.rabbit.RabbitListenerEndpointContainer#1-1] INFO  com.eleicao.core.component.VotoListener - Voto processado e lista atualizada: VotoDTO{type='eleicao-gp2', object='49', valor=1, timestamp=2025-05-19T14:14:52.824544600}
2025-05-19 14:14:52.853 [org.springframework.amqp.rabbit.RabbitListenerEndpointContainer#2-1] INFO  com.eleicao.core.component.WebSocketCandidatoListener - Recebido lista de candidatos via RabbitMQ, enviando via WebSocket: 7 candidatos
2025-05-19 14:14:52.855 [org.springframework.amqp.rabbit.RabbitListenerEndpointContainer#2-1] INFO  com.eleicao.core.component.WebSocketCandidatoListener - Lista de candidatos enviada via WebSocket com sucesso
2025-05-19 14:14:52.929 [org.springframework.amqp.rabbit.RabbitListenerEndpointContainer#1-1] INFO  com.eleicao.core.service.VotoService - Voto salvo: Voto{, type='eleicao-gp2', object='lionel messi', valor=1, timestamp=2025-05-19T14:14:52.922034200}
2025-05-19 14:14:52.945 [org.springframework.amqp.rabbit.RabbitListenerEndpointContainer#1-1] INFO  com.eleicao.core.component.VotoListener - Voto processado e lista atualizada: VotoDTO{type='eleicao-gp2', object='49', valor=1, timestamp=2025-05-19T14:14:52.922034200}
2025-05-19 14:14:52.945 [org.springframework.amqp.rabbit.RabbitListenerEndpointContainer#2-1] INFO  com.eleicao.core.component.WebSocketCandidatoListener - Recebido lista de candidatos via RabbitMQ, enviando via WebSocket: 7 candidatos
2025-05-19 14:14:52.945 [org.springframework.amqp.rabbit.RabbitListenerEndpointContainer#2-1] INFO  com.eleicao.core.component.WebSocketCandidatoListener - Lista de candidatos enviada via WebSocket com sucesso
2025-05-19 14:14:53.034 [org.springframework.amqp.rabbit.RabbitListenerEndpointContainer#1-1] INFO  com.eleicao.core.service.VotoService - Voto salvo: Voto{, type='eleicao-gp2', object='lionel messi', valor=1, timestamp=2025-05-19T14:14:53.026857100}
2025-05-19 14:14:53.056 [org.springframework.amqp.rabbit.RabbitListenerEndpointContainer#1-1] INFO  com.eleicao.core.component.VotoListener - Voto processado e lista atualizada: VotoDTO{type='eleicao-gp2', object='49', valor=1, timestamp=2025-05-19T14:14:53.026857100}
2025-05-19 14:14:53.058 [org.springframework.amqp.rabbit.RabbitListenerEndpointContainer#2-1] INFO  com.eleicao.core.component.WebSocketCandidatoListener - Recebido lista de candidatos via RabbitMQ, enviando via WebSocket: 7 candidatos
2025-05-19 14:14:53.058 [org.springframework.amqp.rabbit.RabbitListenerEndpointContainer#2-1] INFO  com.eleicao.core.component.WebSocketCandidatoListener - Lista de candidatos enviada via WebSocket com sucesso
2025-05-19 14:14:53.123 [org.springframework.amqp.rabbit.RabbitListenerEndpointContainer#1-1] INFO  com.eleicao.core.service.VotoService - Voto salvo: Voto{, type='eleicao-gp2', object='lionel messi', valor=1, timestamp=2025-05-19T14:14:53.123470700}
2025-05-19 14:14:53.147 [org.springframework.amqp.rabbit.RabbitListenerEndpointContainer#1-1] INFO  com.eleicao.core.component.VotoListener - Voto processado e lista atualizada: VotoDTO{type='eleicao-gp2', object='49', valor=1, timestamp=2025-05-19T14:14:53.123470700}
2025-05-19 14:14:53.147 [org.springframework.amqp.rabbit.RabbitListenerEndpointContainer#2-1] INFO  com.eleicao.core.component.WebSocketCandidatoListener - Recebido lista de candidatos via RabbitMQ, enviando via WebSocket: 7 candidatos
2025-05-19 14:14:53.147 [org.springframework.amqp.rabbit.RabbitListenerEndpointContainer#2-1] INFO  com.eleicao.core.component.WebSocketCandidatoListener - Lista de candidatos enviada via WebSocket com sucesso
2025-05-19 14:14:53.230 [org.springframework.amqp.rabbit.RabbitListenerEndpointContainer#1-1] INFO  com.eleicao.core.service.VotoService - Voto salvo: Voto{, type='eleicao-gp2', object='lionel messi', valor=1, timestamp=2025-05-19T14:14:53.220606900}
2025-05-19 14:14:53.253 [org.springframework.amqp.rabbit.RabbitListenerEndpointContainer#1-1] INFO  com.eleicao.core.component.VotoListener - Voto processado e lista atualizada: VotoDTO{type='eleicao-gp2', object='49', valor=1, timestamp=2025-05-19T14:14:53.220606900}
2025-05-19 14:14:53.253 [org.springframework.amqp.rabbit.RabbitListenerEndpointContainer#2-1] INFO  com.eleicao.core.component.WebSocketCandidatoListener - Recebido lista de candidatos via RabbitMQ, enviando via WebSocket: 7 candidatos
2025-05-19 14:14:53.257 [org.springframework.amqp.rabbit.RabbitListenerEndpointContainer#2-1] INFO  com.eleicao.core.component.WebSocketCandidatoListener - Lista de candidatos enviada via WebSocket com sucesso
2025-05-19 14:14:53.327 [org.springframework.amqp.rabbit.RabbitListenerEndpointContainer#1-1] INFO  com.eleicao.core.service.VotoService - Voto salvo: Voto{, type='eleicao-gp2', object='lionel messi', valor=1, timestamp=2025-05-19T14:14:53.321881300}
2025-05-19 14:14:53.345 [org.springframework.amqp.rabbit.RabbitListenerEndpointContainer#1-1] INFO  com.eleicao.core.component.VotoListener - Voto processado e lista atualizada: VotoDTO{type='eleicao-gp2', object='49', valor=1, timestamp=2025-05-19T14:14:53.321881300}
2025-05-19 14:14:53.349 [org.springframework.amqp.rabbit.RabbitListenerEndpointContainer#2-1] INFO  com.eleicao.core.component.WebSocketCandidatoListener - Recebido lista de candidatos via RabbitMQ, enviando via WebSocket: 7 candidatos
2025-05-19 14:14:53.351 [org.springframework.amqp.rabbit.RabbitListenerEndpointContainer#2-1] INFO  com.eleicao.core.component.WebSocketCandidatoListener - Lista de candidatos enviada via WebSocket com sucesso
2025-05-19 14:14:53.431 [org.springframework.amqp.rabbit.RabbitListenerEndpointContainer#1-1] INFO  com.eleicao.core.service.VotoService - Voto salvo: Voto{, type='eleicao-gp2', object='lionel messi', valor=1, timestamp=2025-05-19T14:14:53.420319300}
2025-05-19 14:14:53.450 [org.springframework.amqp.rabbit.RabbitListenerEndpointContainer#1-1] INFO  com.eleicao.core.component.VotoListener - Voto processado e lista atualizada: VotoDTO{type='eleicao-gp2', object='49', valor=1, timestamp=2025-05-19T14:14:53.420319300}
2025-05-19 14:14:53.453 [org.springframework.amqp.rabbit.RabbitListenerEndpointContainer#2-1] INFO  com.eleicao.core.component.WebSocketCandidatoListener - Recebido lista de candidatos via RabbitMQ, enviando via WebSocket: 7 candidatos
2025-05-19 14:14:53.456 [org.springframework.amqp.rabbit.RabbitListenerEndpointContainer#2-1] INFO  com.eleicao.core.component.WebSocketCandidatoListener - Lista de candidatos enviada via WebSocket com sucesso
2025-05-19 14:14:53.529 [org.springframework.amqp.rabbit.RabbitListenerEndpointContainer#1-1] INFO  com.eleicao.core.service.VotoService - Voto salvo: Voto{, type='eleicao-gp2', object='lionel messi', valor=1, timestamp=2025-05-19T14:14:53.520113400}
2025-05-19 14:14:53.547 [org.springframework.amqp.rabbit.RabbitListenerEndpointContainer#1-1] INFO  com.eleicao.core.component.VotoListener - Voto processado e lista atualizada: VotoDTO{type='eleicao-gp2', object='49', valor=1, timestamp=2025-05-19T14:14:53.520113400}
2025-05-19 14:14:53.549 [org.springframework.amqp.rabbit.RabbitListenerEndpointContainer#2-1] INFO  com.eleicao.core.component.WebSocketCandidatoListener - Recebido lista de candidatos via RabbitMQ, enviando via WebSocket: 7 candidatos
2025-05-19 14:14:53.552 [org.springframework.amqp.rabbit.RabbitListenerEndpointContainer#2-1] INFO  com.eleicao.core.component.WebSocketCandidatoListener - Lista de candidatos enviada via WebSocket com sucesso
2025-05-19 14:14:53.627 [org.springframework.amqp.rabbit.RabbitListenerEndpointContainer#1-1] INFO  com.eleicao.core.service.VotoService - Voto salvo: Voto{, type='eleicao-gp2', object='lionel messi', valor=1, timestamp=2025-05-19T14:14:53.621395100}
2025-05-19 14:14:53.641 [org.springframework.amqp.rabbit.RabbitListenerEndpointContainer#1-1] INFO  com.eleicao.core.component.VotoListener - Voto processado e lista atualizada: VotoDTO{type='eleicao-gp2', object='49', valor=1, timestamp=2025-05-19T14:14:53.621395100}
2025-05-19 14:14:53.641 [org.springframework.amqp.rabbit.RabbitListenerEndpointContainer#2-1] INFO  com.eleicao.core.component.WebSocketCandidatoListener - Recebido lista de candidatos via RabbitMQ, enviando via WebSocket: 7 candidatos
2025-05-19 14:14:53.649 [org.springframework.amqp.rabbit.RabbitListenerEndpointContainer#2-1] INFO  com.eleicao.core.component.WebSocketCandidatoListener - Lista de candidatos enviada via WebSocket com sucesso
2025-05-19 14:14:53.728 [org.springframework.amqp.rabbit.RabbitListenerEndpointContainer#1-1] INFO  com.eleicao.core.service.VotoService - Voto salvo: Voto{, type='eleicao-gp2', object='lionel messi', valor=1, timestamp=2025-05-19T14:14:53.719618700}
2025-05-19 14:14:53.748 [org.springframework.amqp.rabbit.RabbitListenerEndpointContainer#1-1] INFO  com.eleicao.core.component.VotoListener - Voto processado e lista atualizada: VotoDTO{type='eleicao-gp2', object='49', valor=1, timestamp=2025-05-19T14:14:53.719618700}
2025-05-19 14:14:53.750 [org.springframework.amqp.rabbit.RabbitListenerEndpointContainer#2-1] INFO  com.eleicao.core.component.WebSocketCandidatoListener - Recebido lista de candidatos via RabbitMQ, enviando via WebSocket: 7 candidatos
2025-05-19 14:14:53.752 [org.springframework.amqp.rabbit.RabbitListenerEndpointContainer#2-1] INFO  com.eleicao.core.component.WebSocketCandidatoListener - Lista de candidatos enviada via WebSocket com sucesso
2025-05-19 14:14:53.826 [org.springframework.amqp.rabbit.RabbitListenerEndpointContainer#1-1] INFO  com.eleicao.core.service.VotoService - Voto salvo: Voto{, type='eleicao-gp2', object='lionel messi', valor=1, timestamp=2025-05-19T14:14:53.820128200}
2025-05-19 14:14:53.847 [org.springframework.amqp.rabbit.RabbitListenerEndpointContainer#1-1] INFO  com.eleicao.core.component.VotoListener - Voto processado e lista atualizada: VotoDTO{type='eleicao-gp2', object='49', valor=1, timestamp=2025-05-19T14:14:53.820128200}
2025-05-19 14:14:53.849 [org.springframework.amqp.rabbit.RabbitListenerEndpointContainer#2-1] INFO  com.eleicao.core.component.WebSocketCandidatoListener - Recebido lista de candidatos via RabbitMQ, enviando via WebSocket: 7 candidatos
2025-05-19 14:14:53.849 [org.springframework.amqp.rabbit.RabbitListenerEndpointContainer#2-1] INFO  com.eleicao.core.component.WebSocketCandidatoListener - Lista de candidatos enviada via WebSocket com sucesso
2025-05-19 14:14:53.924 [org.springframework.amqp.rabbit.RabbitListenerEndpointContainer#1-1] INFO  com.eleicao.core.service.VotoService - Voto salvo: Voto{, type='eleicao-gp2', object='lionel messi', valor=1, timestamp=2025-05-19T14:14:53.919645900}
2025-05-19 14:14:53.942 [org.springframework.amqp.rabbit.RabbitListenerEndpointContainer#1-1] INFO  com.eleicao.core.component.VotoListener - Voto processado e lista atualizada: VotoDTO{type='eleicao-gp2', object='49', valor=1, timestamp=2025-05-19T14:14:53.919645900}
2025-05-19 14:14:53.942 [org.springframework.amqp.rabbit.RabbitListenerEndpointContainer#2-1] INFO  com.eleicao.core.component.WebSocketCandidatoListener - Recebido lista de candidatos via RabbitMQ, enviando via WebSocket: 7 candidatos
2025-05-19 14:14:53.942 [org.springframework.amqp.rabbit.RabbitListenerEndpointContainer#2-1] INFO  com.eleicao.core.component.WebSocketCandidatoListener - Lista de candidatos enviada via WebSocket com sucesso
2025-05-19 14:14:54.027 [org.springframework.amqp.rabbit.RabbitListenerEndpointContainer#1-1] INFO  com.eleicao.core.service.VotoService - Voto salvo: Voto{, type='eleicao-gp2', object='lionel messi', valor=1, timestamp=2025-05-19T14:14:54.019949300}
2025-05-19 14:14:54.051 [org.springframework.amqp.rabbit.RabbitListenerEndpointContainer#1-1] INFO  com.eleicao.core.component.VotoListener - Voto processado e lista atualizada: VotoDTO{type='eleicao-gp2', object='49', valor=1, timestamp=2025-05-19T14:14:54.019949300}
2025-05-19 14:14:54.052 [org.springframework.amqp.rabbit.RabbitListenerEndpointContainer#2-1] INFO  com.eleicao.core.component.WebSocketCandidatoListener - Recebido lista de candidatos via RabbitMQ, enviando via WebSocket: 7 candidatos
2025-05-19 14:14:54.054 [org.springframework.amqp.rabbit.RabbitListenerEndpointContainer#2-1] INFO  com.eleicao.core.component.WebSocketCandidatoListener - Lista de candidatos enviada via WebSocket com sucesso
2025-05-19 14:14:54.124 [org.springframework.amqp.rabbit.RabbitListenerEndpointContainer#1-1] INFO  com.eleicao.core.service.VotoService - Voto salvo: Voto{, type='eleicao-gp2', object='lionel messi', valor=1, timestamp=2025-05-19T14:14:54.118707700}
2025-05-19 14:14:54.135 [org.springframework.amqp.rabbit.RabbitListenerEndpointContainer#1-1] INFO  com.eleicao.core.component.VotoListener - Voto processado e lista atualizada: VotoDTO{type='eleicao-gp2', object='49', valor=1, timestamp=2025-05-19T14:14:54.118707700}
2025-05-19 14:14:54.143 [org.springframework.amqp.rabbit.RabbitListenerEndpointContainer#2-1] INFO  com.eleicao.core.component.WebSocketCandidatoListener - Recebido lista de candidatos via RabbitMQ, enviando via WebSocket: 7 candidatos
2025-05-19 14:14:54.145 [org.springframework.amqp.rabbit.RabbitListenerEndpointContainer#2-1] INFO  com.eleicao.core.component.WebSocketCandidatoListener - Lista de candidatos enviada via WebSocket com sucesso
2025-05-19 14:14:54.226 [org.springframework.amqp.rabbit.RabbitListenerEndpointContainer#1-1] INFO  com.eleicao.core.service.VotoService - Voto salvo: Voto{, type='eleicao-gp2', object='lionel messi', valor=1, timestamp=2025-05-19T14:14:54.219806400}
2025-05-19 14:14:54.252 [org.springframework.amqp.rabbit.RabbitListenerEndpointContainer#1-1] INFO  com.eleicao.core.component.VotoListener - Voto processado e lista atualizada: VotoDTO{type='eleicao-gp2', object='49', valor=1, timestamp=2025-05-19T14:14:54.219806400}
2025-05-19 14:14:54.252 [org.springframework.amqp.rabbit.RabbitListenerEndpointContainer#2-1] INFO  com.eleicao.core.component.WebSocketCandidatoListener - Recebido lista de candidatos via RabbitMQ, enviando via WebSocket: 7 candidatos
2025-05-19 14:14:54.252 [org.springframework.amqp.rabbit.RabbitListenerEndpointContainer#2-1] INFO  com.eleicao.core.component.WebSocketCandidatoListener - Lista de candidatos enviada via WebSocket com sucesso
2025-05-19 14:14:54.329 [org.springframework.amqp.rabbit.RabbitListenerEndpointContainer#1-1] INFO  com.eleicao.core.service.VotoService - Voto salvo: Voto{, type='eleicao-gp2', object='lionel messi', valor=1, timestamp=2025-05-19T14:14:54.321909900}
2025-05-19 14:14:54.345 [org.springframework.amqp.rabbit.RabbitListenerEndpointContainer#1-1] INFO  com.eleicao.core.component.VotoListener - Voto processado e lista atualizada: VotoDTO{type='eleicao-gp2', object='49', valor=1, timestamp=2025-05-19T14:14:54.321909900}
2025-05-19 14:14:54.349 [org.springframework.amqp.rabbit.RabbitListenerEndpointContainer#2-1] INFO  com.eleicao.core.component.WebSocketCandidatoListener - Recebido lista de candidatos via RabbitMQ, enviando via WebSocket: 7 candidatos
2025-05-19 14:14:54.349 [org.springframework.amqp.rabbit.RabbitListenerEndpointContainer#2-1] INFO  com.eleicao.core.component.WebSocketCandidatoListener - Lista de candidatos enviada via WebSocket com sucesso
2025-05-19 14:14:54.425 [org.springframework.amqp.rabbit.RabbitListenerEndpointContainer#1-1] INFO  com.eleicao.core.service.VotoService - Voto salvo: Voto{, type='eleicao-gp2', object='lionel messi', valor=1, timestamp=2025-05-19T14:14:54.419749900}
2025-05-19 14:14:54.435 [org.springframework.amqp.rabbit.RabbitListenerEndpointContainer#1-1] INFO  com.eleicao.core.component.VotoListener - Voto processado e lista atualizada: VotoDTO{type='eleicao-gp2', object='49', valor=1, timestamp=2025-05-19T14:14:54.419749900}
2025-05-19 14:14:54.449 [org.springframework.amqp.rabbit.RabbitListenerEndpointContainer#2-1] INFO  com.eleicao.core.component.WebSocketCandidatoListener - Recebido lista de candidatos via RabbitMQ, enviando via WebSocket: 7 candidatos
2025-05-19 14:14:54.450 [org.springframework.amqp.rabbit.RabbitListenerEndpointContainer#2-1] INFO  com.eleicao.core.component.WebSocketCandidatoListener - Lista de candidatos enviada via WebSocket com sucesso
2025-05-19 14:14:54.526 [org.springframework.amqp.rabbit.RabbitListenerEndpointContainer#1-1] INFO  com.eleicao.core.service.VotoService - Voto salvo: Voto{, type='eleicao-gp2', object='lionel messi', valor=1, timestamp=2025-05-19T14:14:54.518945200}
2025-05-19 14:14:54.538 [org.springframework.amqp.rabbit.RabbitListenerEndpointContainer#1-1] INFO  com.eleicao.core.component.VotoListener - Voto processado e lista atualizada: VotoDTO{type='eleicao-gp2', object='49', valor=1, timestamp=2025-05-19T14:14:54.518945200}
2025-05-19 14:14:54.538 [org.springframework.amqp.rabbit.RabbitListenerEndpointContainer#2-1] INFO  com.eleicao.core.component.WebSocketCandidatoListener - Recebido lista de candidatos via RabbitMQ, enviando via WebSocket: 7 candidatos
2025-05-19 14:14:54.538 [org.springframework.amqp.rabbit.RabbitListenerEndpointContainer#2-1] INFO  com.eleicao.core.component.WebSocketCandidatoListener - Lista de candidatos enviada via WebSocket com sucesso
2025-05-19 14:14:54.625 [org.springframework.amqp.rabbit.RabbitListenerEndpointContainer#1-1] INFO  com.eleicao.core.service.VotoService - Voto salvo: Voto{, type='eleicao-gp2', object='lionel messi', valor=1, timestamp=2025-05-19T14:14:54.618845200}
2025-05-19 14:14:54.646 [org.springframework.amqp.rabbit.RabbitListenerEndpointContainer#1-1] INFO  com.eleicao.core.component.VotoListener - Voto processado e lista atualizada: VotoDTO{type='eleicao-gp2', object='49', valor=1, timestamp=2025-05-19T14:14:54.618845200}
2025-05-19 14:14:54.646 [org.springframework.amqp.rabbit.RabbitListenerEndpointContainer#2-1] INFO  com.eleicao.core.component.WebSocketCandidatoListener - Recebido lista de candidatos via RabbitMQ, enviando via WebSocket: 7 candidatos
2025-05-19 14:14:54.646 [org.springframework.amqp.rabbit.RabbitListenerEndpointContainer#2-1] INFO  com.eleicao.core.component.WebSocketCandidatoListener - Lista de candidatos enviada via WebSocket com sucesso
2025-05-19 14:14:54.725 [org.springframework.amqp.rabbit.RabbitListenerEndpointContainer#1-1] INFO  com.eleicao.core.service.VotoService - Voto salvo: Voto{, type='eleicao-gp2', object='lionel messi', valor=1, timestamp=2025-05-19T14:14:54.718495400}
2025-05-19 14:14:54.745 [org.springframework.amqp.rabbit.RabbitListenerEndpointContainer#1-1] INFO  com.eleicao.core.component.VotoListener - Voto processado e lista atualizada: VotoDTO{type='eleicao-gp2', object='49', valor=1, timestamp=2025-05-19T14:14:54.718495400}
2025-05-19 14:14:54.745 [org.springframework.amqp.rabbit.RabbitListenerEndpointContainer#2-1] INFO  com.eleicao.core.component.WebSocketCandidatoListener - Recebido lista de candidatos via RabbitMQ, enviando via WebSocket: 7 candidatos
2025-05-19 14:14:54.749 [org.springframework.amqp.rabbit.RabbitListenerEndpointContainer#2-1] INFO  com.eleicao.core.component.WebSocketCandidatoListener - Lista de candidatos enviada via WebSocket com sucesso
2025-05-19 14:14:54.824 [org.springframework.amqp.rabbit.RabbitListenerEndpointContainer#1-1] INFO  com.eleicao.core.service.VotoService - Voto salvo: Voto{, type='eleicao-gp2', object='lionel messi', valor=1, timestamp=2025-05-19T14:14:54.818823900}
2025-05-19 14:14:54.840 [org.springframework.amqp.rabbit.RabbitListenerEndpointContainer#1-1] INFO  com.eleicao.core.component.VotoListener - Voto processado e lista atualizada: VotoDTO{type='eleicao-gp2', object='49', valor=1, timestamp=2025-05-19T14:14:54.818823900}
2025-05-19 14:14:54.840 [org.springframework.amqp.rabbit.RabbitListenerEndpointContainer#2-1] INFO  com.eleicao.core.component.WebSocketCandidatoListener - Recebido lista de candidatos via RabbitMQ, enviando via WebSocket: 7 candidatos
2025-05-19 14:14:54.840 [org.springframework.amqp.rabbit.RabbitListenerEndpointContainer#2-1] INFO  com.eleicao.core.component.WebSocketCandidatoListener - Lista de candidatos enviada via WebSocket com sucesso
2025-05-19 14:14:54.927 [org.springframework.amqp.rabbit.RabbitListenerEndpointContainer#1-1] INFO  com.eleicao.core.service.VotoService - Voto salvo: Voto{, type='eleicao-gp2', object='lionel messi', valor=1, timestamp=2025-05-19T14:14:54.919415700}
2025-05-19 14:14:54.953 [org.springframework.amqp.rabbit.RabbitListenerEndpointContainer#1-1] INFO  com.eleicao.core.component.VotoListener - Voto processado e lista atualizada: VotoDTO{type='eleicao-gp2', object='49', valor=1, timestamp=2025-05-19T14:14:54.919415700}
2025-05-19 14:14:54.956 [org.springframework.amqp.rabbit.RabbitListenerEndpointContainer#2-1] INFO  com.eleicao.core.component.WebSocketCandidatoListener - Recebido lista de candidatos via RabbitMQ, enviando via WebSocket: 7 candidatos
2025-05-19 14:14:54.957 [org.springframework.amqp.rabbit.RabbitListenerEndpointContainer#2-1] INFO  com.eleicao.core.component.WebSocketCandidatoListener - Lista de candidatos enviada via WebSocket com sucesso
2025-05-19 14:14:55.023 [org.springframework.amqp.rabbit.RabbitListenerEndpointContainer#1-1] INFO  com.eleicao.core.service.VotoService - Voto salvo: Voto{, type='eleicao-gp2', object='lionel messi', valor=1, timestamp=2025-05-19T14:14:55.018781600}
2025-05-19 14:14:55.041 [org.springframework.amqp.rabbit.RabbitListenerEndpointContainer#1-1] INFO  com.eleicao.core.component.VotoListener - Voto processado e lista atualizada: VotoDTO{type='eleicao-gp2', object='49', valor=1, timestamp=2025-05-19T14:14:55.018781600}
2025-05-19 14:14:55.043 [org.springframework.amqp.rabbit.RabbitListenerEndpointContainer#2-1] INFO  com.eleicao.core.component.WebSocketCandidatoListener - Recebido lista de candidatos via RabbitMQ, enviando via WebSocket: 7 candidatos
2025-05-19 14:14:55.045 [org.springframework.amqp.rabbit.RabbitListenerEndpointContainer#2-1] INFO  com.eleicao.core.component.WebSocketCandidatoListener - Lista de candidatos enviada via WebSocket com sucesso
2025-05-19 14:14:55.127 [org.springframework.amqp.rabbit.RabbitListenerEndpointContainer#1-1] INFO  com.eleicao.core.service.VotoService - Voto salvo: Voto{, type='eleicao-gp2', object='lionel messi', valor=1, timestamp=2025-05-19T14:14:55.119253}
2025-05-19 14:14:55.145 [org.springframework.amqp.rabbit.RabbitListenerEndpointContainer#1-1] INFO  com.eleicao.core.component.VotoListener - Voto processado e lista atualizada: VotoDTO{type='eleicao-gp2', object='49', valor=1, timestamp=2025-05-19T14:14:55.119253}
2025-05-19 14:14:55.150 [org.springframework.amqp.rabbit.RabbitListenerEndpointContainer#2-1] INFO  com.eleicao.core.component.WebSocketCandidatoListener - Recebido lista de candidatos via RabbitMQ, enviando via WebSocket: 7 candidatos
2025-05-19 14:14:55.150 [org.springframework.amqp.rabbit.RabbitListenerEndpointContainer#2-1] INFO  com.eleicao.core.component.WebSocketCandidatoListener - Lista de candidatos enviada via WebSocket com sucesso
2025-05-19 14:14:55.225 [org.springframework.amqp.rabbit.RabbitListenerEndpointContainer#1-1] INFO  com.eleicao.core.service.VotoService - Voto salvo: Voto{, type='eleicao-gp2', object='lionel messi', valor=1, timestamp=2025-05-19T14:14:55.218524800}
2025-05-19 14:14:55.244 [org.springframework.amqp.rabbit.RabbitListenerEndpointContainer#1-1] INFO  com.eleicao.core.component.VotoListener - Voto processado e lista atualizada: VotoDTO{type='eleicao-gp2', object='49', valor=1, timestamp=2025-05-19T14:14:55.218524800}
2025-05-19 14:14:55.244 [org.springframework.amqp.rabbit.RabbitListenerEndpointContainer#2-1] INFO  com.eleicao.core.component.WebSocketCandidatoListener - Recebido lista de candidatos via RabbitMQ, enviando via WebSocket: 7 candidatos
2025-05-19 14:14:55.244 [org.springframework.amqp.rabbit.RabbitListenerEndpointContainer#2-1] INFO  com.eleicao.core.component.WebSocketCandidatoListener - Lista de candidatos enviada via WebSocket com sucesso
2025-05-19 14:14:55.323 [org.springframework.amqp.rabbit.RabbitListenerEndpointContainer#1-1] INFO  com.eleicao.core.service.VotoService - Voto salvo: Voto{, type='eleicao-gp2', object='lionel messi', valor=1, timestamp=2025-05-19T14:14:55.318425600}
2025-05-19 14:14:55.348 [org.springframework.amqp.rabbit.RabbitListenerEndpointContainer#1-1] INFO  com.eleicao.core.component.VotoListener - Voto processado e lista atualizada: VotoDTO{type='eleicao-gp2', object='49', valor=1, timestamp=2025-05-19T14:14:55.318425600}
2025-05-19 14:14:55.351 [org.springframework.amqp.rabbit.RabbitListenerEndpointContainer#2-1] INFO  com.eleicao.core.component.WebSocketCandidatoListener - Recebido lista de candidatos via RabbitMQ, enviando via WebSocket: 7 candidatos
2025-05-19 14:14:55.351 [org.springframework.amqp.rabbit.RabbitListenerEndpointContainer#2-1] INFO  com.eleicao.core.component.WebSocketCandidatoListener - Lista de candidatos enviada via WebSocket com sucesso
2025-05-19 14:14:55.425 [org.springframework.amqp.rabbit.RabbitListenerEndpointContainer#1-1] INFO  com.eleicao.core.service.VotoService - Voto salvo: Voto{, type='eleicao-gp2', object='lionel messi', valor=1, timestamp=2025-05-19T14:14:55.416404200}
2025-05-19 14:14:55.444 [org.springframework.amqp.rabbit.RabbitListenerEndpointContainer#1-1] INFO  com.eleicao.core.component.VotoListener - Voto processado e lista atualizada: VotoDTO{type='eleicao-gp2', object='49', valor=1, timestamp=2025-05-19T14:14:55.416404200}
2025-05-19 14:14:55.448 [org.springframework.amqp.rabbit.RabbitListenerEndpointContainer#2-1] INFO  com.eleicao.core.component.WebSocketCandidatoListener - Recebido lista de candidatos via RabbitMQ, enviando via WebSocket: 7 candidatos
2025-05-19 14:14:55.448 [org.springframework.amqp.rabbit.RabbitListenerEndpointContainer#2-1] INFO  com.eleicao.core.component.WebSocketCandidatoListener - Lista de candidatos enviada via WebSocket com sucesso
2025-05-19 14:14:55.523 [org.springframework.amqp.rabbit.RabbitListenerEndpointContainer#1-1] INFO  com.eleicao.core.service.VotoService - Voto salvo: Voto{, type='eleicao-gp2', object='lionel messi', valor=1, timestamp=2025-05-19T14:14:55.517880400}
2025-05-19 14:14:55.540 [org.springframework.amqp.rabbit.RabbitListenerEndpointContainer#1-1] INFO  com.eleicao.core.component.VotoListener - Voto processado e lista atualizada: VotoDTO{type='eleicao-gp2', object='49', valor=1, timestamp=2025-05-19T14:14:55.517880400}
2025-05-19 14:14:55.540 [org.springframework.amqp.rabbit.RabbitListenerEndpointContainer#2-1] INFO  com.eleicao.core.component.WebSocketCandidatoListener - Recebido lista de candidatos via RabbitMQ, enviando via WebSocket: 7 candidatos
2025-05-19 14:14:55.548 [org.springframework.amqp.rabbit.RabbitListenerEndpointContainer#2-1] INFO  com.eleicao.core.component.WebSocketCandidatoListener - Lista de candidatos enviada via WebSocket com sucesso
2025-05-19 14:14:55.622 [org.springframework.amqp.rabbit.RabbitListenerEndpointContainer#1-1] INFO  com.eleicao.core.service.VotoService - Voto salvo: Voto{, type='eleicao-gp2', object='lionel messi', valor=1, timestamp=2025-05-19T14:14:55.622537400}
2025-05-19 14:14:55.656 [org.springframework.amqp.rabbit.RabbitListenerEndpointContainer#1-1] INFO  com.eleicao.core.component.VotoListener - Voto processado e lista atualizada: VotoDTO{type='eleicao-gp2', object='49', valor=1, timestamp=2025-05-19T14:14:55.622537400}
2025-05-19 14:14:55.657 [org.springframework.amqp.rabbit.RabbitListenerEndpointContainer#2-1] INFO  com.eleicao.core.component.WebSocketCandidatoListener - Recebido lista de candidatos via RabbitMQ, enviando via WebSocket: 7 candidatos
2025-05-19 14:14:55.657 [org.springframework.amqp.rabbit.RabbitListenerEndpointContainer#2-1] INFO  com.eleicao.core.component.WebSocketCandidatoListener - Lista de candidatos enviada via WebSocket com sucesso
2025-05-19 14:14:55.724 [org.springframework.amqp.rabbit.RabbitListenerEndpointContainer#1-1] INFO  com.eleicao.core.service.VotoService - Voto salvo: Voto{, type='eleicao-gp2', object='lionel messi', valor=1, timestamp=2025-05-19T14:14:55.713158100}
2025-05-19 14:14:55.734 [org.springframework.amqp.rabbit.RabbitListenerEndpointContainer#1-1] INFO  com.eleicao.core.component.VotoListener - Voto processado e lista atualizada: VotoDTO{type='eleicao-gp2', object='49', valor=1, timestamp=2025-05-19T14:14:55.713158100}
2025-05-19 14:14:55.745 [org.springframework.amqp.rabbit.RabbitListenerEndpointContainer#2-1] INFO  com.eleicao.core.component.WebSocketCandidatoListener - Recebido lista de candidatos via RabbitMQ, enviando via WebSocket: 7 candidatos
2025-05-19 14:14:55.745 [org.springframework.amqp.rabbit.RabbitListenerEndpointContainer#2-1] INFO  com.eleicao.core.component.WebSocketCandidatoListener - Lista de candidatos enviada via WebSocket com sucesso
2025-05-19 14:14:55.821 [org.springframework.amqp.rabbit.RabbitListenerEndpointContainer#1-1] INFO  com.eleicao.core.service.VotoService - Voto salvo: Voto{, type='eleicao-gp2', object='lionel messi', valor=1, timestamp=2025-05-19T14:14:55.819763500}
2025-05-19 14:14:55.846 [org.springframework.amqp.rabbit.RabbitListenerEndpointContainer#1-1] INFO  com.eleicao.core.component.VotoListener - Voto processado e lista atualizada: VotoDTO{type='eleicao-gp2', object='49', valor=1, timestamp=2025-05-19T14:14:55.819763500}
2025-05-19 14:14:55.850 [org.springframework.amqp.rabbit.RabbitListenerEndpointContainer#2-1] INFO  com.eleicao.core.component.WebSocketCandidatoListener - Recebido lista de candidatos via RabbitMQ, enviando via WebSocket: 7 candidatos
2025-05-19 14:14:55.850 [org.springframework.amqp.rabbit.RabbitListenerEndpointContainer#2-1] INFO  com.eleicao.core.component.WebSocketCandidatoListener - Lista de candidatos enviada via WebSocket com sucesso
2025-05-19 14:14:55.924 [org.springframework.amqp.rabbit.RabbitListenerEndpointContainer#1-1] INFO  com.eleicao.core.service.VotoService - Voto salvo: Voto{, type='eleicao-gp2', object='lionel messi', valor=1, timestamp=2025-05-19T14:14:55.917779500}
2025-05-19 14:14:55.944 [org.springframework.amqp.rabbit.RabbitListenerEndpointContainer#1-1] INFO  com.eleicao.core.component.VotoListener - Voto processado e lista atualizada: VotoDTO{type='eleicao-gp2', object='49', valor=1, timestamp=2025-05-19T14:14:55.917779500}
2025-05-19 14:14:55.944 [org.springframework.amqp.rabbit.RabbitListenerEndpointContainer#2-1] INFO  com.eleicao.core.component.WebSocketCandidatoListener - Recebido lista de candidatos via RabbitMQ, enviando via WebSocket: 7 candidatos
2025-05-19 14:14:55.948 [org.springframework.amqp.rabbit.RabbitListenerEndpointContainer#2-1] INFO  com.eleicao.core.component.WebSocketCandidatoListener - Lista de candidatos enviada via WebSocket com sucesso
2025-05-19 14:14:56.020 [org.springframework.amqp.rabbit.RabbitListenerEndpointContainer#1-1] INFO  com.eleicao.core.service.VotoService - Voto salvo: Voto{, type='eleicao-gp2', object='lionel messi', valor=1, timestamp=2025-05-19T14:14:56.012385700}
2025-05-19 14:14:56.033 [org.springframework.amqp.rabbit.RabbitListenerEndpointContainer#1-1] INFO  com.eleicao.core.component.VotoListener - Voto processado e lista atualizada: VotoDTO{type='eleicao-gp2', object='49', valor=1, timestamp=2025-05-19T14:14:56.012385700}
2025-05-19 14:14:56.033 [org.springframework.amqp.rabbit.RabbitListenerEndpointContainer#2-1] INFO  com.eleicao.core.component.WebSocketCandidatoListener - Recebido lista de candidatos via RabbitMQ, enviando via WebSocket: 7 candidatos
2025-05-19 14:14:56.042 [org.springframework.amqp.rabbit.RabbitListenerEndpointContainer#2-1] INFO  com.eleicao.core.component.WebSocketCandidatoListener - Lista de candidatos enviada via WebSocket com sucesso
2025-05-19 14:14:56.117 [org.springframework.amqp.rabbit.RabbitListenerEndpointContainer#1-1] INFO  com.eleicao.core.service.VotoService - Voto salvo: Voto{, type='eleicao-gp2', object='lionel messi', valor=1, timestamp=2025-05-19T14:14:56.109955800}
2025-05-19 14:14:56.133 [org.springframework.amqp.rabbit.RabbitListenerEndpointContainer#1-1] INFO  com.eleicao.core.component.VotoListener - Voto processado e lista atualizada: VotoDTO{type='eleicao-gp2', object='49', valor=1, timestamp=2025-05-19T14:14:56.109955800}
2025-05-19 14:14:56.141 [org.springframework.amqp.rabbit.RabbitListenerEndpointContainer#2-1] INFO  com.eleicao.core.component.WebSocketCandidatoListener - Recebido lista de candidatos via RabbitMQ, enviando via WebSocket: 7 candidatos
2025-05-19 14:14:56.141 [org.springframework.amqp.rabbit.RabbitListenerEndpointContainer#2-1] INFO  com.eleicao.core.component.WebSocketCandidatoListener - Lista de candidatos enviada via WebSocket com sucesso
2025-05-19 14:14:56.221 [org.springframework.amqp.rabbit.RabbitListenerEndpointContainer#1-1] INFO  com.eleicao.core.service.VotoService - Voto salvo: Voto{, type='eleicao-gp2', object='lionel messi', valor=1, timestamp=2025-05-19T14:14:56.211687100}
2025-05-19 14:14:56.247 [org.springframework.amqp.rabbit.RabbitListenerEndpointContainer#1-1] INFO  com.eleicao.core.component.VotoListener - Voto processado e lista atualizada: VotoDTO{type='eleicao-gp2', object='49', valor=1, timestamp=2025-05-19T14:14:56.211687100}
2025-05-19 14:14:56.247 [org.springframework.amqp.rabbit.RabbitListenerEndpointContainer#2-1] INFO  com.eleicao.core.component.WebSocketCandidatoListener - Recebido lista de candidatos via RabbitMQ, enviando via WebSocket: 7 candidatos
2025-05-19 14:14:56.247 [org.springframework.amqp.rabbit.RabbitListenerEndpointContainer#2-1] INFO  com.eleicao.core.component.WebSocketCandidatoListener - Lista de candidatos enviada via WebSocket com sucesso
2025-05-19 14:14:56.326 [org.springframework.amqp.rabbit.RabbitListenerEndpointContainer#1-1] INFO  com.eleicao.core.service.VotoService - Voto salvo: Voto{, type='eleicao-gp2', object='lionel messi', valor=1, timestamp=2025-05-19T14:14:56.317464700}
2025-05-19 14:14:56.344 [org.springframework.amqp.rabbit.RabbitListenerEndpointContainer#1-1] INFO  com.eleicao.core.component.VotoListener - Voto processado e lista atualizada: VotoDTO{type='eleicao-gp2', object='49', valor=1, timestamp=2025-05-19T14:14:56.317464700}
2025-05-19 14:14:56.350 [org.springframework.amqp.rabbit.RabbitListenerEndpointContainer#2-1] INFO  com.eleicao.core.component.WebSocketCandidatoListener - Recebido lista de candidatos via RabbitMQ, enviando via WebSocket: 7 candidatos
2025-05-19 14:14:56.351 [org.springframework.amqp.rabbit.RabbitListenerEndpointContainer#2-1] INFO  com.eleicao.core.component.WebSocketCandidatoListener - Lista de candidatos enviada via WebSocket com sucesso
2025-05-19 14:14:56.421 [org.springframework.amqp.rabbit.RabbitListenerEndpointContainer#1-1] INFO  com.eleicao.core.service.VotoService - Voto salvo: Voto{, type='eleicao-gp2', object='lionel messi', valor=1, timestamp=2025-05-19T14:14:56.415208700}
2025-05-19 14:14:56.441 [org.springframework.amqp.rabbit.RabbitListenerEndpointContainer#1-1] INFO  com.eleicao.core.component.VotoListener - Voto processado e lista atualizada: VotoDTO{type='eleicao-gp2', object='49', valor=1, timestamp=2025-05-19T14:14:56.415208700}
2025-05-19 14:14:56.441 [org.springframework.amqp.rabbit.RabbitListenerEndpointContainer#2-1] INFO  com.eleicao.core.component.WebSocketCandidatoListener - Recebido lista de candidatos via RabbitMQ, enviando via WebSocket: 7 candidatos
2025-05-19 14:14:56.444 [org.springframework.amqp.rabbit.RabbitListenerEndpointContainer#2-1] INFO  com.eleicao.core.component.WebSocketCandidatoListener - Lista de candidatos enviada via WebSocket com sucesso
2025-05-19 14:14:56.519 [org.springframework.amqp.rabbit.RabbitListenerEndpointContainer#1-1] INFO  com.eleicao.core.service.VotoService - Voto salvo: Voto{, type='eleicao-gp2', object='lionel messi', valor=1, timestamp=2025-05-19T14:14:56.506819200}
2025-05-19 14:14:56.547 [org.springframework.amqp.rabbit.RabbitListenerEndpointContainer#1-1] INFO  com.eleicao.core.component.VotoListener - Voto processado e lista atualizada: VotoDTO{type='eleicao-gp2', object='49', valor=1, timestamp=2025-05-19T14:14:56.506819200}
2025-05-19 14:14:56.547 [org.springframework.amqp.rabbit.RabbitListenerEndpointContainer#2-1] INFO  com.eleicao.core.component.WebSocketCandidatoListener - Recebido lista de candidatos via RabbitMQ, enviando via WebSocket: 7 candidatos
2025-05-19 14:14:56.551 [org.springframework.amqp.rabbit.RabbitListenerEndpointContainer#2-1] INFO  com.eleicao.core.component.WebSocketCandidatoListener - Lista de candidatos enviada via WebSocket com sucesso
2025-05-19 14:14:56.621 [org.springframework.amqp.rabbit.RabbitListenerEndpointContainer#1-1] INFO  com.eleicao.core.service.VotoService - Voto salvo: Voto{, type='eleicao-gp2', object='lionel messi', valor=1, timestamp=2025-05-19T14:14:56.612180500}
2025-05-19 14:14:56.640 [org.springframework.amqp.rabbit.RabbitListenerEndpointContainer#1-1] INFO  com.eleicao.core.component.VotoListener - Voto processado e lista atualizada: VotoDTO{type='eleicao-gp2', object='49', valor=1, timestamp=2025-05-19T14:14:56.612180500}
2025-05-19 14:14:56.642 [org.springframework.amqp.rabbit.RabbitListenerEndpointContainer#2-1] INFO  com.eleicao.core.component.WebSocketCandidatoListener - Recebido lista de candidatos via RabbitMQ, enviando via WebSocket: 7 candidatos
2025-05-19 14:14:56.642 [org.springframework.amqp.rabbit.RabbitListenerEndpointContainer#2-1] INFO  com.eleicao.core.component.WebSocketCandidatoListener - Lista de candidatos enviada via WebSocket com sucesso
2025-05-19 14:14:56.720 [org.springframework.amqp.rabbit.RabbitListenerEndpointContainer#1-1] INFO  com.eleicao.core.service.VotoService - Voto salvo: Voto{, type='eleicao-gp2', object='lionel messi', valor=1, timestamp=2025-05-19T14:14:56.713691700}
2025-05-19 14:14:56.736 [org.springframework.amqp.rabbit.RabbitListenerEndpointContainer#1-1] INFO  com.eleicao.core.component.VotoListener - Voto processado e lista atualizada: VotoDTO{type='eleicao-gp2', object='49', valor=1, timestamp=2025-05-19T14:14:56.713691700}
2025-05-19 14:14:56.736 [org.springframework.amqp.rabbit.RabbitListenerEndpointContainer#2-1] INFO  com.eleicao.core.component.WebSocketCandidatoListener - Recebido lista de candidatos via RabbitMQ, enviando via WebSocket: 7 candidatos
2025-05-19 14:14:56.736 [org.springframework.amqp.rabbit.RabbitListenerEndpointContainer#2-1] INFO  com.eleicao.core.component.WebSocketCandidatoListener - Lista de candidatos enviada via WebSocket com sucesso
2025-05-19 14:14:56.820 [org.springframework.amqp.rabbit.RabbitListenerEndpointContainer#1-1] INFO  com.eleicao.core.service.VotoService - Voto salvo: Voto{, type='eleicao-gp2', object='lionel messi', valor=1, timestamp=2025-05-19T14:14:56.813538900}
2025-05-19 14:14:56.846 [org.springframework.amqp.rabbit.RabbitListenerEndpointContainer#1-1] INFO  com.eleicao.core.component.VotoListener - Voto processado e lista atualizada: VotoDTO{type='eleicao-gp2', object='49', valor=1, timestamp=2025-05-19T14:14:56.813538900}
2025-05-19 14:14:56.846 [org.springframework.amqp.rabbit.RabbitListenerEndpointContainer#2-1] INFO  com.eleicao.core.component.WebSocketCandidatoListener - Recebido lista de candidatos via RabbitMQ, enviando via WebSocket: 7 candidatos
2025-05-19 14:14:56.846 [org.springframework.amqp.rabbit.RabbitListenerEndpointContainer#2-1] INFO  com.eleicao.core.component.WebSocketCandidatoListener - Lista de candidatos enviada via WebSocket com sucesso
2025-05-19 14:14:56.919 [org.springframework.amqp.rabbit.RabbitListenerEndpointContainer#1-1] INFO  com.eleicao.core.service.VotoService - Voto salvo: Voto{, type='eleicao-gp2', object='lionel messi', valor=1, timestamp=2025-05-19T14:14:56.911189600}
2025-05-19 14:14:56.933 [org.springframework.amqp.rabbit.RabbitListenerEndpointContainer#1-1] INFO  com.eleicao.core.component.VotoListener - Voto processado e lista atualizada: VotoDTO{type='eleicao-gp2', object='49', valor=1, timestamp=2025-05-19T14:14:56.911189600}
2025-05-19 14:14:56.933 [org.springframework.amqp.rabbit.RabbitListenerEndpointContainer#2-1] INFO  com.eleicao.core.component.WebSocketCandidatoListener - Recebido lista de candidatos via RabbitMQ, enviando via WebSocket: 7 candidatos
2025-05-19 14:14:56.933 [org.springframework.amqp.rabbit.RabbitListenerEndpointContainer#2-1] INFO  com.eleicao.core.component.WebSocketCandidatoListener - Lista de candidatos enviada via WebSocket com sucesso
2025-05-19 14:14:57.016 [org.springframework.amqp.rabbit.RabbitListenerEndpointContainer#1-1] INFO  com.eleicao.core.service.VotoService - Voto salvo: Voto{, type='eleicao-gp2', object='lionel messi', valor=1, timestamp=2025-05-19T14:14:57.009160700}
2025-05-19 14:14:57.033 [org.springframework.amqp.rabbit.RabbitListenerEndpointContainer#1-1] INFO  com.eleicao.core.component.VotoListener - Voto processado e lista atualizada: VotoDTO{type='eleicao-gp2', object='49', valor=1, timestamp=2025-05-19T14:14:57.009160700}
2025-05-19 14:14:57.033 [org.springframework.amqp.rabbit.RabbitListenerEndpointContainer#2-1] INFO  com.eleicao.core.component.WebSocketCandidatoListener - Recebido lista de candidatos via RabbitMQ, enviando via WebSocket: 7 candidatos
2025-05-19 14:14:57.042 [org.springframework.amqp.rabbit.RabbitListenerEndpointContainer#2-1] INFO  com.eleicao.core.component.WebSocketCandidatoListener - Lista de candidatos enviada via WebSocket com sucesso
2025-05-19 14:14:57.117 [org.springframework.amqp.rabbit.RabbitListenerEndpointContainer#1-1] INFO  com.eleicao.core.service.VotoService - Voto salvo: Voto{, type='eleicao-gp2', object='lionel messi', valor=1, timestamp=2025-05-19T14:14:57.112482800}
2025-05-19 14:14:57.138 [org.springframework.amqp.rabbit.RabbitListenerEndpointContainer#1-1] INFO  com.eleicao.core.component.VotoListener - Voto processado e lista atualizada: VotoDTO{type='eleicao-gp2', object='49', valor=1, timestamp=2025-05-19T14:14:57.112482800}
2025-05-19 14:14:57.138 [org.springframework.amqp.rabbit.RabbitListenerEndpointContainer#2-1] INFO  com.eleicao.core.component.WebSocketCandidatoListener - Recebido lista de candidatos via RabbitMQ, enviando via WebSocket: 7 candidatos
2025-05-19 14:14:57.138 [org.springframework.amqp.rabbit.RabbitListenerEndpointContainer#2-1] INFO  com.eleicao.core.component.WebSocketCandidatoListener - Lista de candidatos enviada via WebSocket com sucesso
2025-05-19 14:14:57.219 [org.springframework.amqp.rabbit.RabbitListenerEndpointContainer#1-1] INFO  com.eleicao.core.service.VotoService - Voto salvo: Voto{, type='eleicao-gp2', object='lionel messi', valor=1, timestamp=2025-05-19T14:14:57.213366500}
2025-05-19 14:14:57.243 [org.springframework.amqp.rabbit.RabbitListenerEndpointContainer#1-1] INFO  com.eleicao.core.component.VotoListener - Voto processado e lista atualizada: VotoDTO{type='eleicao-gp2', object='49', valor=1, timestamp=2025-05-19T14:14:57.213366500}
2025-05-19 14:14:57.245 [org.springframework.amqp.rabbit.RabbitListenerEndpointContainer#2-1] INFO  com.eleicao.core.component.WebSocketCandidatoListener - Recebido lista de candidatos via RabbitMQ, enviando via WebSocket: 7 candidatos
2025-05-19 14:14:57.245 [org.springframework.amqp.rabbit.RabbitListenerEndpointContainer#2-1] INFO  com.eleicao.core.component.WebSocketCandidatoListener - Lista de candidatos enviada via WebSocket com sucesso
2025-05-19 14:14:57.316 [org.springframework.amqp.rabbit.RabbitListenerEndpointContainer#1-1] INFO  com.eleicao.core.service.VotoService - Voto salvo: Voto{, type='eleicao-gp2', object='lionel messi', valor=1, timestamp=2025-05-19T14:14:57.307908300}
2025-05-19 14:14:57.332 [org.springframework.amqp.rabbit.RabbitListenerEndpointContainer#1-1] INFO  com.eleicao.core.component.VotoListener - Voto processado e lista atualizada: VotoDTO{type='eleicao-gp2', object='49', valor=1, timestamp=2025-05-19T14:14:57.307908300}
2025-05-19 14:14:57.332 [org.springframework.amqp.rabbit.RabbitListenerEndpointContainer#2-1] INFO  com.eleicao.core.component.WebSocketCandidatoListener - Recebido lista de candidatos via RabbitMQ, enviando via WebSocket: 7 candidatos
2025-05-19 14:14:57.332 [org.springframework.amqp.rabbit.RabbitListenerEndpointContainer#2-1] INFO  com.eleicao.core.component.WebSocketCandidatoListener - Lista de candidatos enviada via WebSocket com sucesso
2025-05-19 14:14:57.420 [org.springframework.amqp.rabbit.RabbitListenerEndpointContainer#1-1] INFO  com.eleicao.core.service.VotoService - Voto salvo: Voto{, type='eleicao-gp2', object='lionel messi', valor=1, timestamp=2025-05-19T14:14:57.412886500}
2025-05-19 14:14:57.432 [org.springframework.amqp.rabbit.RabbitListenerEndpointContainer#1-1] INFO  com.eleicao.core.component.VotoListener - Voto processado e lista atualizada: VotoDTO{type='eleicao-gp2', object='49', valor=1, timestamp=2025-05-19T14:14:57.412886500}
2025-05-19 14:14:57.432 [org.springframework.amqp.rabbit.RabbitListenerEndpointContainer#2-1] INFO  com.eleicao.core.component.WebSocketCandidatoListener - Recebido lista de candidatos via RabbitMQ, enviando via WebSocket: 7 candidatos
2025-05-19 14:14:57.444 [org.springframework.amqp.rabbit.RabbitListenerEndpointContainer#2-1] INFO  com.eleicao.core.component.WebSocketCandidatoListener - Lista de candidatos enviada via WebSocket com sucesso
2025-05-19 14:14:57.518 [org.springframework.amqp.rabbit.RabbitListenerEndpointContainer#1-1] INFO  com.eleicao.core.service.VotoService - Voto salvo: Voto{, type='eleicao-gp2', object='lionel messi', valor=1, timestamp=2025-05-19T14:14:57.510103400}
2025-05-19 14:14:57.534 [org.springframework.amqp.rabbit.RabbitListenerEndpointContainer#1-1] INFO  com.eleicao.core.component.VotoListener - Voto processado e lista atualizada: VotoDTO{type='eleicao-gp2', object='49', valor=1, timestamp=2025-05-19T14:14:57.510103400}
2025-05-19 14:14:57.539 [org.springframework.amqp.rabbit.RabbitListenerEndpointContainer#2-1] INFO  com.eleicao.core.component.WebSocketCandidatoListener - Recebido lista de candidatos via RabbitMQ, enviando via WebSocket: 7 candidatos
2025-05-19 14:14:57.542 [org.springframework.amqp.rabbit.RabbitListenerEndpointContainer#2-1] INFO  com.eleicao.core.component.WebSocketCandidatoListener - Lista de candidatos enviada via WebSocket com sucesso
2025-05-19 14:14:57.619 [org.springframework.amqp.rabbit.RabbitListenerEndpointContainer#1-1] INFO  com.eleicao.core.service.VotoService - Voto salvo: Voto{, type='eleicao-gp2', object='lionel messi', valor=1, timestamp=2025-05-19T14:14:57.607272}
2025-05-19 14:14:57.636 [org.springframework.amqp.rabbit.RabbitListenerEndpointContainer#1-1] INFO  com.eleicao.core.component.VotoListener - Voto processado e lista atualizada: VotoDTO{type='eleicao-gp2', object='49', valor=1, timestamp=2025-05-19T14:14:57.607272}
2025-05-19 14:14:57.642 [org.springframework.amqp.rabbit.RabbitListenerEndpointContainer#2-1] INFO  com.eleicao.core.component.WebSocketCandidatoListener - Recebido lista de candidatos via RabbitMQ, enviando via WebSocket: 7 candidatos
2025-05-19 14:14:57.642 [org.springframework.amqp.rabbit.RabbitListenerEndpointContainer#2-1] INFO  com.eleicao.core.component.WebSocketCandidatoListener - Lista de candidatos enviada via WebSocket com sucesso
2025-05-19 14:14:57.718 [org.springframework.amqp.rabbit.RabbitListenerEndpointContainer#1-1] INFO  com.eleicao.core.service.VotoService - Voto salvo: Voto{, type='eleicao-gp2', object='lionel messi', valor=1, timestamp=2025-05-19T14:14:57.710818}
2025-05-19 14:14:57.740 [org.springframework.amqp.rabbit.RabbitListenerEndpointContainer#1-1] INFO  com.eleicao.core.component.VotoListener - Voto processado e lista atualizada: VotoDTO{type='eleicao-gp2', object='49', valor=1, timestamp=2025-05-19T14:14:57.710818}
2025-05-19 14:14:57.742 [org.springframework.amqp.rabbit.RabbitListenerEndpointContainer#2-1] INFO  com.eleicao.core.component.WebSocketCandidatoListener - Recebido lista de candidatos via RabbitMQ, enviando via WebSocket: 7 candidatos
2025-05-19 14:14:57.746 [org.springframework.amqp.rabbit.RabbitListenerEndpointContainer#2-1] INFO  com.eleicao.core.component.WebSocketCandidatoListener - Lista de candidatos enviada via WebSocket com sucesso
2025-05-19 14:14:57.817 [org.springframework.amqp.rabbit.RabbitListenerEndpointContainer#1-1] INFO  com.eleicao.core.service.VotoService - Voto salvo: Voto{, type='eleicao-gp2', object='lionel messi', valor=1, timestamp=2025-05-19T14:14:57.811068300}
2025-05-19 14:14:57.835 [org.springframework.amqp.rabbit.RabbitListenerEndpointContainer#1-1] INFO  com.eleicao.core.component.VotoListener - Voto processado e lista atualizada: VotoDTO{type='eleicao-gp2', object='49', valor=1, timestamp=2025-05-19T14:14:57.811068300}
2025-05-19 14:14:57.837 [org.springframework.amqp.rabbit.RabbitListenerEndpointContainer#2-1] INFO  com.eleicao.core.component.WebSocketCandidatoListener - Recebido lista de candidatos via RabbitMQ, enviando via WebSocket: 7 candidatos
2025-05-19 14:14:57.837 [org.springframework.amqp.rabbit.RabbitListenerEndpointContainer#2-1] INFO  com.eleicao.core.component.WebSocketCandidatoListener - Lista de candidatos enviada via WebSocket com sucesso
2025-05-19 14:14:57.918 [org.springframework.amqp.rabbit.RabbitListenerEndpointContainer#1-1] INFO  com.eleicao.core.service.VotoService - Voto salvo: Voto{, type='eleicao-gp2', object='lionel messi', valor=1, timestamp=2025-05-19T14:14:57.907444900}
2025-05-19 14:14:57.934 [org.springframework.amqp.rabbit.RabbitListenerEndpointContainer#1-1] INFO  com.eleicao.core.component.VotoListener - Voto processado e lista atualizada: VotoDTO{type='eleicao-gp2', object='49', valor=1, timestamp=2025-05-19T14:14:57.907444900}
2025-05-19 14:14:57.934 [org.springframework.amqp.rabbit.RabbitListenerEndpointContainer#2-1] INFO  com.eleicao.core.component.WebSocketCandidatoListener - Recebido lista de candidatos via RabbitMQ, enviando via WebSocket: 7 candidatos
2025-05-19 14:14:57.934 [org.springframework.amqp.rabbit.RabbitListenerEndpointContainer#2-1] INFO  com.eleicao.core.component.WebSocketCandidatoListener - Lista de candidatos enviada via WebSocket com sucesso
2025-05-19 14:14:58.020 [org.springframework.amqp.rabbit.RabbitListenerEndpointContainer#1-1] INFO  com.eleicao.core.service.VotoService - Voto salvo: Voto{, type='eleicao-gp2', object='lionel messi', valor=1, timestamp=2025-05-19T14:14:58.012440800}
2025-05-19 14:14:58.041 [org.springframework.amqp.rabbit.RabbitListenerEndpointContainer#1-1] INFO  com.eleicao.core.component.VotoListener - Voto processado e lista atualizada: VotoDTO{type='eleicao-gp2', object='49', valor=1, timestamp=2025-05-19T14:14:58.012440800}
2025-05-19 14:14:58.044 [org.springframework.amqp.rabbit.RabbitListenerEndpointContainer#2-1] INFO  com.eleicao.core.component.WebSocketCandidatoListener - Recebido lista de candidatos via RabbitMQ, enviando via WebSocket: 7 candidatos
2025-05-19 14:14:58.046 [org.springframework.amqp.rabbit.RabbitListenerEndpointContainer#2-1] INFO  com.eleicao.core.component.WebSocketCandidatoListener - Lista de candidatos enviada via WebSocket com sucesso
2025-05-19 14:14:58.119 [org.springframework.amqp.rabbit.RabbitListenerEndpointContainer#1-1] INFO  com.eleicao.core.service.VotoService - Voto salvo: Voto{, type='eleicao-gp2', object='lionel messi', valor=1, timestamp=2025-05-19T14:14:58.112179800}
2025-05-19 14:14:58.126 [org.springframework.amqp.rabbit.RabbitListenerEndpointContainer#1-1] INFO  com.eleicao.core.component.VotoListener - Voto processado e lista atualizada: VotoDTO{type='eleicao-gp2', object='49', valor=1, timestamp=2025-05-19T14:14:58.112179800}
2025-05-19 14:14:58.141 [org.springframework.amqp.rabbit.RabbitListenerEndpointContainer#2-1] INFO  com.eleicao.core.component.WebSocketCandidatoListener - Recebido lista de candidatos via RabbitMQ, enviando via WebSocket: 7 candidatos
2025-05-19 14:14:58.142 [org.springframework.amqp.rabbit.RabbitListenerEndpointContainer#2-1] INFO  com.eleicao.core.component.WebSocketCandidatoListener - Lista de candidatos enviada via WebSocket com sucesso
2025-05-19 14:14:58.215 [org.springframework.amqp.rabbit.RabbitListenerEndpointContainer#1-1] INFO  com.eleicao.core.service.VotoService - Voto salvo: Voto{, type='eleicao-gp2', object='lionel messi', valor=1, timestamp=2025-05-19T14:14:58.206729300}
2025-05-19 14:14:58.232 [org.springframework.amqp.rabbit.RabbitListenerEndpointContainer#1-1] INFO  com.eleicao.core.component.VotoListener - Voto processado e lista atualizada: VotoDTO{type='eleicao-gp2', object='49', valor=1, timestamp=2025-05-19T14:14:58.206729300}
2025-05-19 14:14:58.232 [org.springframework.amqp.rabbit.RabbitListenerEndpointContainer#2-1] INFO  com.eleicao.core.component.WebSocketCandidatoListener - Recebido lista de candidatos via RabbitMQ, enviando via WebSocket: 7 candidatos
2025-05-19 14:14:58.232 [org.springframework.amqp.rabbit.RabbitListenerEndpointContainer#2-1] INFO  com.eleicao.core.component.WebSocketCandidatoListener - Lista de candidatos enviada via WebSocket com sucesso
2025-05-19 14:14:58.318 [org.springframework.amqp.rabbit.RabbitListenerEndpointContainer#1-1] INFO  com.eleicao.core.service.VotoService - Voto salvo: Voto{, type='eleicao-gp2', object='lionel messi', valor=1, timestamp=2025-05-19T14:14:58.311888500}
2025-05-19 14:14:58.332 [org.springframework.amqp.rabbit.RabbitListenerEndpointContainer#1-1] INFO  com.eleicao.core.component.VotoListener - Voto processado e lista atualizada: VotoDTO{type='eleicao-gp2', object='49', valor=1, timestamp=2025-05-19T14:14:58.311888500}
2025-05-19 14:14:58.338 [org.springframework.amqp.rabbit.RabbitListenerEndpointContainer#2-1] INFO  com.eleicao.core.component.WebSocketCandidatoListener - Recebido lista de candidatos via RabbitMQ, enviando via WebSocket: 7 candidatos
2025-05-19 14:14:58.338 [org.springframework.amqp.rabbit.RabbitListenerEndpointContainer#2-1] INFO  com.eleicao.core.component.WebSocketCandidatoListener - Lista de candidatos enviada via WebSocket com sucesso
2025-05-19 14:14:58.415 [org.springframework.amqp.rabbit.RabbitListenerEndpointContainer#1-1] INFO  com.eleicao.core.service.VotoService - Voto salvo: Voto{, type='eleicao-gp2', object='lionel messi', valor=1, timestamp=2025-05-19T14:14:58.409741600}
2025-05-19 14:14:58.432 [org.springframework.amqp.rabbit.RabbitListenerEndpointContainer#1-1] INFO  com.eleicao.core.component.VotoListener - Voto processado e lista atualizada: VotoDTO{type='eleicao-gp2', object='49', valor=1, timestamp=2025-05-19T14:14:58.409741600}
2025-05-19 14:14:58.432 [org.springframework.amqp.rabbit.RabbitListenerEndpointContainer#2-1] INFO  com.eleicao.core.component.WebSocketCandidatoListener - Recebido lista de candidatos via RabbitMQ, enviando via WebSocket: 7 candidatos
2025-05-19 14:14:58.432 [org.springframework.amqp.rabbit.RabbitListenerEndpointContainer#2-1] INFO  com.eleicao.core.component.WebSocketCandidatoListener - Lista de candidatos enviada via WebSocket com sucesso
2025-05-19 14:14:58.515 [org.springframework.amqp.rabbit.RabbitListenerEndpointContainer#1-1] INFO  com.eleicao.core.service.VotoService - Voto salvo: Voto{, type='eleicao-gp2', object='lionel messi', valor=1, timestamp=2025-05-19T14:14:58.508353400}
2025-05-19 14:14:58.534 [org.springframework.amqp.rabbit.RabbitListenerEndpointContainer#1-1] INFO  com.eleicao.core.component.VotoListener - Voto processado e lista atualizada: VotoDTO{type='eleicao-gp2', object='49', valor=1, timestamp=2025-05-19T14:14:58.508353400}
2025-05-19 14:14:58.536 [org.springframework.amqp.rabbit.RabbitListenerEndpointContainer#2-1] INFO  com.eleicao.core.component.WebSocketCandidatoListener - Recebido lista de candidatos via RabbitMQ, enviando via WebSocket: 7 candidatos
2025-05-19 14:14:58.539 [org.springframework.amqp.rabbit.RabbitListenerEndpointContainer#2-1] INFO  com.eleicao.core.component.WebSocketCandidatoListener - Lista de candidatos enviada via WebSocket com sucesso
2025-05-19 14:14:58.616 [org.springframework.amqp.rabbit.RabbitListenerEndpointContainer#1-1] INFO  com.eleicao.core.service.VotoService - Voto salvo: Voto{, type='eleicao-gp2', object='lionel messi', valor=1, timestamp=2025-05-19T14:14:58.605530100}
2025-05-19 14:14:58.633 [org.springframework.amqp.rabbit.RabbitListenerEndpointContainer#1-1] INFO  com.eleicao.core.component.VotoListener - Voto processado e lista atualizada: VotoDTO{type='eleicao-gp2', object='49', valor=1, timestamp=2025-05-19T14:14:58.605530100}
2025-05-19 14:14:58.637 [org.springframework.amqp.rabbit.RabbitListenerEndpointContainer#2-1] INFO  com.eleicao.core.component.WebSocketCandidatoListener - Recebido lista de candidatos via RabbitMQ, enviando via WebSocket: 7 candidatos
2025-05-19 14:14:58.639 [org.springframework.amqp.rabbit.RabbitListenerEndpointContainer#2-1] INFO  com.eleicao.core.component.WebSocketCandidatoListener - Lista de candidatos enviada via WebSocket com sucesso
2025-05-19 14:14:58.716 [org.springframework.amqp.rabbit.RabbitListenerEndpointContainer#1-1] INFO  com.eleicao.core.service.VotoService - Voto salvo: Voto{, type='eleicao-gp2', object='lionel messi', valor=1, timestamp=2025-05-19T14:14:58.710262700}
2025-05-19 14:14:58.736 [org.springframework.amqp.rabbit.RabbitListenerEndpointContainer#1-1] INFO  com.eleicao.core.component.VotoListener - Voto processado e lista atualizada: VotoDTO{type='eleicao-gp2', object='49', valor=1, timestamp=2025-05-19T14:14:58.710262700}
2025-05-19 14:14:58.740 [org.springframework.amqp.rabbit.RabbitListenerEndpointContainer#2-1] INFO  com.eleicao.core.component.WebSocketCandidatoListener - Recebido lista de candidatos via RabbitMQ, enviando via WebSocket: 7 candidatos
2025-05-19 14:14:58.740 [org.springframework.amqp.rabbit.RabbitListenerEndpointContainer#2-1] INFO  com.eleicao.core.component.WebSocketCandidatoListener - Lista de candidatos enviada via WebSocket com sucesso
2025-05-19 14:14:58.815 [org.springframework.amqp.rabbit.RabbitListenerEndpointContainer#1-1] INFO  com.eleicao.core.service.VotoService - Voto salvo: Voto{, type='eleicao-gp2', object='lionel messi', valor=1, timestamp=2025-05-19T14:14:58.809205400}
2025-05-19 14:14:58.831 [org.springframework.amqp.rabbit.RabbitListenerEndpointContainer#1-1] INFO  com.eleicao.core.component.VotoListener - Voto processado e lista atualizada: VotoDTO{type='eleicao-gp2', object='49', valor=1, timestamp=2025-05-19T14:14:58.809205400}
2025-05-19 14:14:58.833 [org.springframework.amqp.rabbit.RabbitListenerEndpointContainer#2-1] INFO  com.eleicao.core.component.WebSocketCandidatoListener - Recebido lista de candidatos via RabbitMQ, enviando via WebSocket: 7 candidatos
2025-05-19 14:14:58.833 [org.springframework.amqp.rabbit.RabbitListenerEndpointContainer#2-1] INFO  com.eleicao.core.component.WebSocketCandidatoListener - Lista de candidatos enviada via WebSocket com sucesso
2025-05-19 14:14:58.915 [org.springframework.amqp.rabbit.RabbitListenerEndpointContainer#1-1] INFO  com.eleicao.core.service.VotoService - Voto salvo: Voto{, type='eleicao-gp2', object='lionel messi', valor=1, timestamp=2025-05-19T14:14:58.905574800}
2025-05-19 14:14:58.931 [org.springframework.amqp.rabbit.RabbitListenerEndpointContainer#1-1] INFO  com.eleicao.core.component.VotoListener - Voto processado e lista atualizada: VotoDTO{type='eleicao-gp2', object='49', valor=1, timestamp=2025-05-19T14:14:58.905574800}
2025-05-19 14:14:58.934 [org.springframework.amqp.rabbit.RabbitListenerEndpointContainer#2-1] INFO  com.eleicao.core.component.WebSocketCandidatoListener - Recebido lista de candidatos via RabbitMQ, enviando via WebSocket: 7 candidatos
2025-05-19 14:14:58.936 [org.springframework.amqp.rabbit.RabbitListenerEndpointContainer#2-1] INFO  com.eleicao.core.component.WebSocketCandidatoListener - Lista de candidatos enviada via WebSocket com sucesso
2025-05-19 14:14:59.017 [org.springframework.amqp.rabbit.RabbitListenerEndpointContainer#1-1] INFO  com.eleicao.core.service.VotoService - Voto salvo: Voto{, type='eleicao-gp2', object='lionel messi', valor=1, timestamp=2025-05-19T14:14:59.011723900}
2025-05-19 14:14:59.042 [org.springframework.amqp.rabbit.RabbitListenerEndpointContainer#1-1] INFO  com.eleicao.core.component.VotoListener - Voto processado e lista atualizada: VotoDTO{type='eleicao-gp2', object='49', valor=1, timestamp=2025-05-19T14:14:59.011723900}
2025-05-19 14:14:59.044 [org.springframework.amqp.rabbit.RabbitListenerEndpointContainer#2-1] INFO  com.eleicao.core.component.WebSocketCandidatoListener - Recebido lista de candidatos via RabbitMQ, enviando via WebSocket: 7 candidatos
2025-05-19 14:14:59.047 [org.springframework.amqp.rabbit.RabbitListenerEndpointContainer#2-1] INFO  com.eleicao.core.component.WebSocketCandidatoListener - Lista de candidatos enviada via WebSocket com sucesso
2025-05-19 14:14:59.115 [org.springframework.amqp.rabbit.RabbitListenerEndpointContainer#1-1] INFO  com.eleicao.core.service.VotoService - Voto salvo: Voto{, type='eleicao-gp2', object='lionel messi', valor=1, timestamp=2025-05-19T14:14:59.105241600}
2025-05-19 14:14:59.129 [org.springframework.amqp.rabbit.RabbitListenerEndpointContainer#1-1] INFO  com.eleicao.core.component.VotoListener - Voto processado e lista atualizada: VotoDTO{type='eleicao-gp2', object='49', valor=1, timestamp=2025-05-19T14:14:59.105241600}
2025-05-19 14:14:59.129 [org.springframework.amqp.rabbit.RabbitListenerEndpointContainer#2-1] INFO  com.eleicao.core.component.WebSocketCandidatoListener - Recebido lista de candidatos via RabbitMQ, enviando via WebSocket: 7 candidatos
2025-05-19 14:14:59.129 [org.springframework.amqp.rabbit.RabbitListenerEndpointContainer#2-1] INFO  com.eleicao.core.component.WebSocketCandidatoListener - Lista de candidatos enviada via WebSocket com sucesso
2025-05-19 14:14:59.215 [org.springframework.amqp.rabbit.RabbitListenerEndpointContainer#1-1] INFO  com.eleicao.core.service.VotoService - Voto salvo: Voto{, type='eleicao-gp2', object='lionel messi', valor=1, timestamp=2025-05-19T14:14:59.209099400}
2025-05-19 14:14:59.228 [org.springframework.amqp.rabbit.RabbitListenerEndpointContainer#1-1] INFO  com.eleicao.core.component.VotoListener - Voto processado e lista atualizada: VotoDTO{type='eleicao-gp2', object='49', valor=1, timestamp=2025-05-19T14:14:59.209099400}
2025-05-19 14:14:59.233 [org.springframework.amqp.rabbit.RabbitListenerEndpointContainer#2-1] INFO  com.eleicao.core.component.WebSocketCandidatoListener - Recebido lista de candidatos via RabbitMQ, enviando via WebSocket: 7 candidatos
2025-05-19 14:14:59.233 [org.springframework.amqp.rabbit.RabbitListenerEndpointContainer#2-1] INFO  com.eleicao.core.component.WebSocketCandidatoListener - Lista de candidatos enviada via WebSocket com sucesso
2025-05-19 14:14:59.315 [org.springframework.amqp.rabbit.RabbitListenerEndpointContainer#1-1] INFO  com.eleicao.core.service.VotoService - Voto salvo: Voto{, type='eleicao-gp2', object='lionel messi', valor=1, timestamp=2025-05-19T14:14:59.309871100}
2025-05-19 14:14:59.331 [org.springframework.amqp.rabbit.RabbitListenerEndpointContainer#1-1] INFO  com.eleicao.core.component.VotoListener - Voto processado e lista atualizada: VotoDTO{type='eleicao-gp2', object='49', valor=1, timestamp=2025-05-19T14:14:59.309871100}
2025-05-19 14:14:59.333 [org.springframework.amqp.rabbit.RabbitListenerEndpointContainer#2-1] INFO  com.eleicao.core.component.WebSocketCandidatoListener - Recebido lista de candidatos via RabbitMQ, enviando via WebSocket: 7 candidatos
2025-05-19 14:14:59.333 [org.springframework.amqp.rabbit.RabbitListenerEndpointContainer#2-1] INFO  com.eleicao.core.component.WebSocketCandidatoListener - Lista de candidatos enviada via WebSocket com sucesso
2025-05-19 14:14:59.414 [org.springframework.amqp.rabbit.RabbitListenerEndpointContainer#1-1] INFO  com.eleicao.core.service.VotoService - Voto salvo: Voto{, type='eleicao-gp2', object='lionel messi', valor=1, timestamp=2025-05-19T14:14:59.399515900}
2025-05-19 14:14:59.431 [org.springframework.amqp.rabbit.RabbitListenerEndpointContainer#1-1] INFO  com.eleicao.core.component.VotoListener - Voto processado e lista atualizada: VotoDTO{type='eleicao-gp2', object='49', valor=1, timestamp=2025-05-19T14:14:59.399515900}
2025-05-19 14:14:59.431 [org.springframework.amqp.rabbit.RabbitListenerEndpointContainer#2-1] INFO  com.eleicao.core.component.WebSocketCandidatoListener - Recebido lista de candidatos via RabbitMQ, enviando via WebSocket: 7 candidatos
2025-05-19 14:14:59.431 [org.springframework.amqp.rabbit.RabbitListenerEndpointContainer#2-1] INFO  com.eleicao.core.component.WebSocketCandidatoListener - Lista de candidatos enviada via WebSocket com sucesso
2025-05-19 14:14:59.515 [org.springframework.amqp.rabbit.RabbitListenerEndpointContainer#1-1] INFO  com.eleicao.core.service.VotoService - Voto salvo: Voto{, type='eleicao-gp2', object='lionel messi', valor=1, timestamp=2025-05-19T14:14:59.506953700}
2025-05-19 14:14:59.534 [org.springframework.amqp.rabbit.RabbitListenerEndpointContainer#1-1] INFO  com.eleicao.core.component.VotoListener - Voto processado e lista atualizada: VotoDTO{type='eleicao-gp2', object='49', valor=1, timestamp=2025-05-19T14:14:59.506953700}
2025-05-19 14:14:59.537 [org.springframework.amqp.rabbit.RabbitListenerEndpointContainer#2-1] INFO  com.eleicao.core.component.WebSocketCandidatoListener - Recebido lista de candidatos via RabbitMQ, enviando via WebSocket: 7 candidatos
2025-05-19 14:14:59.539 [org.springframework.amqp.rabbit.RabbitListenerEndpointContainer#2-1] INFO  com.eleicao.core.component.WebSocketCandidatoListener - Lista de candidatos enviada via WebSocket com sucesso
2025-05-19 14:14:59.619 [org.springframework.amqp.rabbit.RabbitListenerEndpointContainer#1-1] INFO  com.eleicao.core.service.VotoService - Voto salvo: Voto{, type='eleicao-gp2', object='lionel messi', valor=1, timestamp=2025-05-19T14:14:59.608512900}
2025-05-19 14:14:59.630 [org.springframework.amqp.rabbit.RabbitListenerEndpointContainer#1-1] INFO  com.eleicao.core.component.VotoListener - Voto processado e lista atualizada: VotoDTO{type='eleicao-gp2', object='49', valor=1, timestamp=2025-05-19T14:14:59.608512900}
2025-05-19 14:14:59.630 [org.springframework.amqp.rabbit.RabbitListenerEndpointContainer#2-1] INFO  com.eleicao.core.component.WebSocketCandidatoListener - Recebido lista de candidatos via RabbitMQ, enviando via WebSocket: 7 candidatos
2025-05-19 14:14:59.640 [org.springframework.amqp.rabbit.RabbitListenerEndpointContainer#2-1] INFO  com.eleicao.core.component.WebSocketCandidatoListener - Lista de candidatos enviada via WebSocket com sucesso
2025-05-19 14:14:59.716 [org.springframework.amqp.rabbit.RabbitListenerEndpointContainer#1-1] INFO  com.eleicao.core.service.VotoService - Voto salvo: Voto{, type='eleicao-gp2', object='lionel messi', valor=1, timestamp=2025-05-19T14:14:59.709689700}
2025-05-19 14:14:59.728 [org.springframework.amqp.rabbit.RabbitListenerEndpointContainer#1-1] INFO  com.eleicao.core.component.VotoListener - Voto processado e lista atualizada: VotoDTO{type='eleicao-gp2', object='49', valor=1, timestamp=2025-05-19T14:14:59.709689700}
2025-05-19 14:14:59.728 [org.springframework.amqp.rabbit.RabbitListenerEndpointContainer#2-1] INFO  com.eleicao.core.component.WebSocketCandidatoListener - Recebido lista de candidatos via RabbitMQ, enviando via WebSocket: 7 candidatos
2025-05-19 14:14:59.728 [org.springframework.amqp.rabbit.RabbitListenerEndpointContainer#2-1] INFO  com.eleicao.core.component.WebSocketCandidatoListener - Lista de candidatos enviada via WebSocket com sucesso
2025-05-19 14:14:59.815 [org.springframework.amqp.rabbit.RabbitListenerEndpointContainer#1-1] INFO  com.eleicao.core.service.VotoService - Voto salvo: Voto{, type='eleicao-gp2', object='lionel messi', valor=1, timestamp=2025-05-19T14:14:59.808260300}
2025-05-19 14:14:59.833 [org.springframework.amqp.rabbit.RabbitListenerEndpointContainer#1-1] INFO  com.eleicao.core.component.VotoListener - Voto processado e lista atualizada: VotoDTO{type='eleicao-gp2', object='49', valor=1, timestamp=2025-05-19T14:14:59.808260300}
2025-05-19 14:14:59.836 [org.springframework.amqp.rabbit.RabbitListenerEndpointContainer#2-1] INFO  com.eleicao.core.component.WebSocketCandidatoListener - Recebido lista de candidatos via RabbitMQ, enviando via WebSocket: 7 candidatos
2025-05-19 14:14:59.836 [org.springframework.amqp.rabbit.RabbitListenerEndpointContainer#2-1] INFO  com.eleicao.core.component.WebSocketCandidatoListener - Lista de candidatos enviada via WebSocket com sucesso
2025-05-19 14:14:59.916 [org.springframework.amqp.rabbit.RabbitListenerEndpointContainer#1-1] INFO  com.eleicao.core.service.VotoService - Voto salvo: Voto{, type='eleicao-gp2', object='lionel messi', valor=1, timestamp=2025-05-19T14:14:59.904479300}
2025-05-19 14:14:59.934 [org.springframework.amqp.rabbit.RabbitListenerEndpointContainer#1-1] INFO  com.eleicao.core.component.VotoListener - Voto processado e lista atualizada: VotoDTO{type='eleicao-gp2', object='49', valor=1, timestamp=2025-05-19T14:14:59.904479300}
2025-05-19 14:14:59.934 [org.springframework.amqp.rabbit.RabbitListenerEndpointContainer#2-1] INFO  com.eleicao.core.component.WebSocketCandidatoListener - Recebido lista de candidatos via RabbitMQ, enviando via WebSocket: 7 candidatos
2025-05-19 14:14:59.944 [org.springframework.amqp.rabbit.RabbitListenerEndpointContainer#2-1] INFO  com.eleicao.core.component.WebSocketCandidatoListener - Lista de candidatos enviada via WebSocket com sucesso
2025-05-19 14:15:00.016 [org.springframework.amqp.rabbit.RabbitListenerEndpointContainer#1-1] INFO  com.eleicao.core.service.VotoService - Voto salvo: Voto{, type='eleicao-gp2', object='lionel messi', valor=1, timestamp=2025-05-19T14:15:00.009810100}
2025-05-19 14:15:00.035 [org.springframework.amqp.rabbit.RabbitListenerEndpointContainer#1-1] INFO  com.eleicao.core.component.VotoListener - Voto processado e lista atualizada: VotoDTO{type='eleicao-gp2', object='49', valor=1, timestamp=2025-05-19T14:15:00.009810100}
2025-05-19 14:15:00.039 [org.springframework.amqp.rabbit.RabbitListenerEndpointContainer#2-1] INFO  com.eleicao.core.component.WebSocketCandidatoListener - Recebido lista de candidatos via RabbitMQ, enviando via WebSocket: 7 candidatos
2025-05-19 14:15:00.039 [org.springframework.amqp.rabbit.RabbitListenerEndpointContainer#2-1] INFO  com.eleicao.core.component.WebSocketCandidatoListener - Lista de candidatos enviada via WebSocket com sucesso
2025-05-19 14:15:00.111 [org.springframework.amqp.rabbit.RabbitListenerEndpointContainer#1-1] INFO  com.eleicao.core.service.VotoService - Voto salvo: Voto{, type='eleicao-gp2', object='lionel messi', valor=1, timestamp=2025-05-19T14:15:00.107226600}
2025-05-19 14:15:00.130 [org.springframework.amqp.rabbit.RabbitListenerEndpointContainer#1-1] INFO  com.eleicao.core.component.VotoListener - Voto processado e lista atualizada: VotoDTO{type='eleicao-gp2', object='49', valor=1, timestamp=2025-05-19T14:15:00.107226600}
2025-05-19 14:15:00.130 [org.springframework.amqp.rabbit.RabbitListenerEndpointContainer#2-1] INFO  com.eleicao.core.component.WebSocketCandidatoListener - Recebido lista de candidatos via RabbitMQ, enviando via WebSocket: 7 candidatos
2025-05-19 14:15:00.135 [org.springframework.amqp.rabbit.RabbitListenerEndpointContainer#2-1] INFO  com.eleicao.core.component.WebSocketCandidatoListener - Lista de candidatos enviada via WebSocket com sucesso
2025-05-19 14:15:00.214 [org.springframework.amqp.rabbit.RabbitListenerEndpointContainer#1-1] INFO  com.eleicao.core.service.VotoService - Voto salvo: Voto{, type='eleicao-gp2', object='lionel messi', valor=1, timestamp=2025-05-19T14:15:00.204542300}
2025-05-19 14:15:00.230 [org.springframework.amqp.rabbit.RabbitListenerEndpointContainer#1-1] INFO  com.eleicao.core.component.VotoListener - Voto processado e lista atualizada: VotoDTO{type='eleicao-gp2', object='49', valor=1, timestamp=2025-05-19T14:15:00.204542300}
2025-05-19 14:15:00.230 [org.springframework.amqp.rabbit.RabbitListenerEndpointContainer#2-1] INFO  com.eleicao.core.component.WebSocketCandidatoListener - Recebido lista de candidatos via RabbitMQ, enviando via WebSocket: 7 candidatos
2025-05-19 14:15:00.230 [org.springframework.amqp.rabbit.RabbitListenerEndpointContainer#2-1] INFO  com.eleicao.core.component.WebSocketCandidatoListener - Lista de candidatos enviada via WebSocket com sucesso
2025-05-19 14:15:00.314 [org.springframework.amqp.rabbit.RabbitListenerEndpointContainer#1-1] INFO  com.eleicao.core.service.VotoService - Voto salvo: Voto{, type='eleicao-gp2', object='lionel messi', valor=1, timestamp=2025-05-19T14:15:00.302611800}
2025-05-19 14:15:00.330 [org.springframework.amqp.rabbit.RabbitListenerEndpointContainer#1-1] INFO  com.eleicao.core.component.VotoListener - Voto processado e lista atualizada: VotoDTO{type='eleicao-gp2', object='49', valor=1, timestamp=2025-05-19T14:15:00.302611800}
2025-05-19 14:15:00.330 [org.springframework.amqp.rabbit.RabbitListenerEndpointContainer#2-1] INFO  com.eleicao.core.component.WebSocketCandidatoListener - Recebido lista de candidatos via RabbitMQ, enviando via WebSocket: 7 candidatos
2025-05-19 14:15:00.330 [org.springframework.amqp.rabbit.RabbitListenerEndpointContainer#2-1] INFO  com.eleicao.core.component.WebSocketCandidatoListener - Lista de candidatos enviada via WebSocket com sucesso
2025-05-19 14:15:00.413 [org.springframework.amqp.rabbit.RabbitListenerEndpointContainer#1-1] INFO  com.eleicao.core.service.VotoService - Voto salvo: Voto{, type='eleicao-gp2', object='lionel messi', valor=1, timestamp=2025-05-19T14:15:00.400427200}
2025-05-19 14:15:00.433 [org.springframework.amqp.rabbit.RabbitListenerEndpointContainer#1-1] INFO  com.eleicao.core.component.VotoListener - Voto processado e lista atualizada: VotoDTO{type='eleicao-gp2', object='49', valor=1, timestamp=2025-05-19T14:15:00.400427200}
2025-05-19 14:15:00.435 [org.springframework.amqp.rabbit.RabbitListenerEndpointContainer#2-1] INFO  com.eleicao.core.component.WebSocketCandidatoListener - Recebido lista de candidatos via RabbitMQ, enviando via WebSocket: 7 candidatos
2025-05-19 14:15:00.437 [org.springframework.amqp.rabbit.RabbitListenerEndpointContainer#2-1] INFO  com.eleicao.core.component.WebSocketCandidatoListener - Lista de candidatos enviada via WebSocket com sucesso
2025-05-19 14:15:00.513 [org.springframework.amqp.rabbit.RabbitListenerEndpointContainer#1-1] INFO  com.eleicao.core.service.VotoService - Voto salvo: Voto{, type='eleicao-gp2', object='lionel messi', valor=1, timestamp=2025-05-19T14:15:00.505048}
2025-05-19 14:15:00.530 [org.springframework.amqp.rabbit.RabbitListenerEndpointContainer#1-1] INFO  com.eleicao.core.component.VotoListener - Voto processado e lista atualizada: VotoDTO{type='eleicao-gp2', object='49', valor=1, timestamp=2025-05-19T14:15:00.505048}
2025-05-19 14:15:00.530 [org.springframework.amqp.rabbit.RabbitListenerEndpointContainer#2-1] INFO  com.eleicao.core.component.WebSocketCandidatoListener - Recebido lista de candidatos via RabbitMQ, enviando via WebSocket: 7 candidatos
2025-05-19 14:15:00.530 [org.springframework.amqp.rabbit.RabbitListenerEndpointContainer#2-1] INFO  com.eleicao.core.component.WebSocketCandidatoListener - Lista de candidatos enviada via WebSocket com sucesso
2025-05-19 14:15:00.611 [org.springframework.amqp.rabbit.RabbitListenerEndpointContainer#1-1] INFO  com.eleicao.core.service.VotoService - Voto salvo: Voto{, type='eleicao-gp2', object='lionel messi', valor=1, timestamp=2025-05-19T14:15:00.602939400}
2025-05-19 14:15:00.627 [org.springframework.amqp.rabbit.RabbitListenerEndpointContainer#1-1] INFO  com.eleicao.core.component.VotoListener - Voto processado e lista atualizada: VotoDTO{type='eleicao-gp2', object='49', valor=1, timestamp=2025-05-19T14:15:00.602939400}
2025-05-19 14:15:00.627 [org.springframework.amqp.rabbit.RabbitListenerEndpointContainer#2-1] INFO  com.eleicao.core.component.WebSocketCandidatoListener - Recebido lista de candidatos via RabbitMQ, enviando via WebSocket: 7 candidatos
2025-05-19 14:15:00.627 [org.springframework.amqp.rabbit.RabbitListenerEndpointContainer#2-1] INFO  com.eleicao.core.component.WebSocketCandidatoListener - Lista de candidatos enviada via WebSocket com sucesso
2025-05-19 14:15:00.713 [org.springframework.amqp.rabbit.RabbitListenerEndpointContainer#1-1] INFO  com.eleicao.core.service.VotoService - Voto salvo: Voto{, type='eleicao-gp2', object='lionel messi', valor=1, timestamp=2025-05-19T14:15:00.704153}
2025-05-19 14:15:00.729 [org.springframework.amqp.rabbit.RabbitListenerEndpointContainer#1-1] INFO  com.eleicao.core.component.VotoListener - Voto processado e lista atualizada: VotoDTO{type='eleicao-gp2', object='49', valor=1, timestamp=2025-05-19T14:15:00.704153}
2025-05-19 14:15:00.734 [org.springframework.amqp.rabbit.RabbitListenerEndpointContainer#2-1] INFO  com.eleicao.core.component.WebSocketCandidatoListener - Recebido lista de candidatos via RabbitMQ, enviando via WebSocket: 7 candidatos
2025-05-19 14:15:00.734 [org.springframework.amqp.rabbit.RabbitListenerEndpointContainer#2-1] INFO  com.eleicao.core.component.WebSocketCandidatoListener - Lista de candidatos enviada via WebSocket com sucesso
2025-05-19 14:15:00.818 [org.springframework.amqp.rabbit.RabbitListenerEndpointContainer#1-1] INFO  com.eleicao.core.service.VotoService - Voto salvo: Voto{, type='eleicao-gp2', object='lionel messi', valor=1, timestamp=2025-05-19T14:15:00.801634700}
2025-05-19 14:15:00.865 [org.springframework.amqp.rabbit.RabbitListenerEndpointContainer#1-1] INFO  com.eleicao.core.component.VotoListener - Voto processado e lista atualizada: VotoDTO{type='eleicao-gp2', object='49', valor=1, timestamp=2025-05-19T14:15:00.801634700}
2025-05-19 14:15:00.865 [org.springframework.amqp.rabbit.RabbitListenerEndpointContainer#2-1] INFO  com.eleicao.core.component.WebSocketCandidatoListener - Recebido lista de candidatos via RabbitMQ, enviando via WebSocket: 7 candidatos
2025-05-19 14:15:00.865 [org.springframework.amqp.rabbit.RabbitListenerEndpointContainer#2-1] INFO  com.eleicao.core.component.WebSocketCandidatoListener - Lista de candidatos enviada via WebSocket com sucesso
2025-05-19 14:15:00.906 [org.springframework.amqp.rabbit.RabbitListenerEndpointContainer#1-1] INFO  com.eleicao.core.service.VotoService - Voto salvo: Voto{, type='eleicao-gp2', object='lionel messi', valor=1, timestamp=2025-05-19T14:15:00.898011200}
2025-05-19 14:15:00.925 [org.springframework.amqp.rabbit.RabbitListenerEndpointContainer#1-1] INFO  com.eleicao.core.component.VotoListener - Voto processado e lista atualizada: VotoDTO{type='eleicao-gp2', object='49', valor=1, timestamp=2025-05-19T14:15:00.898011200}
2025-05-19 14:15:00.931 [org.springframework.amqp.rabbit.RabbitListenerEndpointContainer#2-1] INFO  com.eleicao.core.component.WebSocketCandidatoListener - Recebido lista de candidatos via RabbitMQ, enviando via WebSocket: 7 candidatos
2025-05-19 14:15:00.934 [org.springframework.amqp.rabbit.RabbitListenerEndpointContainer#2-1] INFO  com.eleicao.core.component.WebSocketCandidatoListener - Lista de candidatos enviada via WebSocket com sucesso
2025-05-19 14:15:01.010 [org.springframework.amqp.rabbit.RabbitListenerEndpointContainer#1-1] INFO  com.eleicao.core.service.VotoService - Voto salvo: Voto{, type='eleicao-gp2', object='lionel messi', valor=1, timestamp=2025-05-19T14:15:01.003835500}
2025-05-19 14:15:01.024 [org.springframework.amqp.rabbit.RabbitListenerEndpointContainer#1-1] INFO  com.eleicao.core.component.VotoListener - Voto processado e lista atualizada: VotoDTO{type='eleicao-gp2', object='49', valor=1, timestamp=2025-05-19T14:15:01.003835500}
2025-05-19 14:15:01.030 [org.springframework.amqp.rabbit.RabbitListenerEndpointContainer#2-1] INFO  com.eleicao.core.component.WebSocketCandidatoListener - Recebido lista de candidatos via RabbitMQ, enviando via WebSocket: 7 candidatos
2025-05-19 14:15:01.030 [org.springframework.amqp.rabbit.RabbitListenerEndpointContainer#2-1] INFO  com.eleicao.core.component.WebSocketCandidatoListener - Lista de candidatos enviada via WebSocket com sucesso
2025-05-19 14:15:01.113 [org.springframework.amqp.rabbit.RabbitListenerEndpointContainer#1-1] INFO  com.eleicao.core.service.VotoService - Voto salvo: Voto{, type='eleicao-gp2', object='lionel messi', valor=1, timestamp=2025-05-19T14:15:01.105382900}
2025-05-19 14:15:01.130 [org.springframework.amqp.rabbit.RabbitListenerEndpointContainer#1-1] INFO  com.eleicao.core.component.VotoListener - Voto processado e lista atualizada: VotoDTO{type='eleicao-gp2', object='49', valor=1, timestamp=2025-05-19T14:15:01.105382900}
2025-05-19 14:15:01.130 [org.springframework.amqp.rabbit.RabbitListenerEndpointContainer#2-1] INFO  com.eleicao.core.component.WebSocketCandidatoListener - Recebido lista de candidatos via RabbitMQ, enviando via WebSocket: 7 candidatos
2025-05-19 14:15:01.130 [org.springframework.amqp.rabbit.RabbitListenerEndpointContainer#2-1] INFO  com.eleicao.core.component.WebSocketCandidatoListener - Lista de candidatos enviada via WebSocket com sucesso
2025-05-19 14:15:01.213 [org.springframework.amqp.rabbit.RabbitListenerEndpointContainer#1-1] INFO  com.eleicao.core.service.VotoService - Voto salvo: Voto{, type='eleicao-gp2', object='lionel messi', valor=1, timestamp=2025-05-19T14:15:01.202620900}
2025-05-19 14:15:01.229 [org.springframework.amqp.rabbit.RabbitListenerEndpointContainer#1-1] INFO  com.eleicao.core.component.VotoListener - Voto processado e lista atualizada: VotoDTO{type='eleicao-gp2', object='49', valor=1, timestamp=2025-05-19T14:15:01.202620900}
2025-05-19 14:15:01.232 [org.springframework.amqp.rabbit.RabbitListenerEndpointContainer#2-1] INFO  com.eleicao.core.component.WebSocketCandidatoListener - Recebido lista de candidatos via RabbitMQ, enviando via WebSocket: 7 candidatos
2025-05-19 14:15:01.232 [org.springframework.amqp.rabbit.RabbitListenerEndpointContainer#2-1] INFO  com.eleicao.core.component.WebSocketCandidatoListener - Lista de candidatos enviada via WebSocket com sucesso
2025-05-19 14:15:01.313 [org.springframework.amqp.rabbit.RabbitListenerEndpointContainer#1-1] INFO  com.eleicao.core.service.VotoService - Voto salvo: Voto{, type='eleicao-gp2', object='lionel messi', valor=1, timestamp=2025-05-19T14:15:01.304423}
2025-05-19 14:15:01.333 [org.springframework.amqp.rabbit.RabbitListenerEndpointContainer#1-1] INFO  com.eleicao.core.component.VotoListener - Voto processado e lista atualizada: VotoDTO{type='eleicao-gp2', object='49', valor=1, timestamp=2025-05-19T14:15:01.304423}
2025-05-19 14:15:01.335 [org.springframework.amqp.rabbit.RabbitListenerEndpointContainer#2-1] INFO  com.eleicao.core.component.WebSocketCandidatoListener - Recebido lista de candidatos via RabbitMQ, enviando via WebSocket: 7 candidatos
2025-05-19 14:15:01.337 [org.springframework.amqp.rabbit.RabbitListenerEndpointContainer#2-1] INFO  com.eleicao.core.component.WebSocketCandidatoListener - Lista de candidatos enviada via WebSocket com sucesso
2025-05-19 14:15:01.402 [org.springframework.amqp.rabbit.RabbitListenerEndpointContainer#1-1] INFO  com.eleicao.core.service.VotoService - Voto salvo: Voto{, type='eleicao-gp2', object='lionel messi', valor=1, timestamp=2025-05-19T14:15:01.402506700}
2025-05-19 14:15:01.427 [org.springframework.amqp.rabbit.RabbitListenerEndpointContainer#1-1] INFO  com.eleicao.core.component.VotoListener - Voto processado e lista atualizada: VotoDTO{type='eleicao-gp2', object='49', valor=1, timestamp=2025-05-19T14:15:01.402506700}
2025-05-19 14:15:01.429 [org.springframework.amqp.rabbit.RabbitListenerEndpointContainer#2-1] INFO  com.eleicao.core.component.WebSocketCandidatoListener - Recebido lista de candidatos via RabbitMQ, enviando via WebSocket: 7 candidatos
2025-05-19 14:15:01.429 [org.springframework.amqp.rabbit.RabbitListenerEndpointContainer#2-1] INFO  com.eleicao.core.component.WebSocketCandidatoListener - Lista de candidatos enviada via WebSocket com sucesso
2025-05-19 14:15:01.508 [org.springframework.amqp.rabbit.RabbitListenerEndpointContainer#1-1] INFO  com.eleicao.core.service.VotoService - Voto salvo: Voto{, type='eleicao-gp2', object='lionel messi', valor=1, timestamp=2025-05-19T14:15:01.502708400}
2025-05-19 14:15:01.525 [org.springframework.amqp.rabbit.RabbitListenerEndpointContainer#1-1] INFO  com.eleicao.core.component.VotoListener - Voto processado e lista atualizada: VotoDTO{type='eleicao-gp2', object='49', valor=1, timestamp=2025-05-19T14:15:01.502708400}
2025-05-19 14:15:01.525 [org.springframework.amqp.rabbit.RabbitListenerEndpointContainer#2-1] INFO  com.eleicao.core.component.WebSocketCandidatoListener - Recebido lista de candidatos via RabbitMQ, enviando via WebSocket: 7 candidatos
2025-05-19 14:15:01.529 [org.springframework.amqp.rabbit.RabbitListenerEndpointContainer#2-1] INFO  com.eleicao.core.component.WebSocketCandidatoListener - Lista de candidatos enviada via WebSocket com sucesso
2025-05-19 14:15:01.609 [org.springframework.amqp.rabbit.RabbitListenerEndpointContainer#1-1] INFO  com.eleicao.core.service.VotoService - Voto salvo: Voto{, type='eleicao-gp2', object='lionel messi', valor=1, timestamp=2025-05-19T14:15:01.602683700}
2025-05-19 14:15:01.626 [org.springframework.amqp.rabbit.RabbitListenerEndpointContainer#1-1] INFO  com.eleicao.core.component.VotoListener - Voto processado e lista atualizada: VotoDTO{type='eleicao-gp2', object='49', valor=1, timestamp=2025-05-19T14:15:01.602683700}
2025-05-19 14:15:01.629 [org.springframework.amqp.rabbit.RabbitListenerEndpointContainer#2-1] INFO  com.eleicao.core.component.WebSocketCandidatoListener - Recebido lista de candidatos via RabbitMQ, enviando via WebSocket: 7 candidatos
2025-05-19 14:15:01.632 [org.springframework.amqp.rabbit.RabbitListenerEndpointContainer#2-1] INFO  com.eleicao.core.component.WebSocketCandidatoListener - Lista de candidatos enviada via WebSocket com sucesso
2025-05-19 14:15:01.709 [org.springframework.amqp.rabbit.RabbitListenerEndpointContainer#1-1] INFO  com.eleicao.core.service.VotoService - Voto salvo: Voto{, type='eleicao-gp2', object='lionel messi', valor=1, timestamp=2025-05-19T14:15:01.703249100}
2025-05-19 14:15:01.729 [org.springframework.amqp.rabbit.RabbitListenerEndpointContainer#1-1] INFO  com.eleicao.core.component.VotoListener - Voto processado e lista atualizada: VotoDTO{type='eleicao-gp2', object='49', valor=1, timestamp=2025-05-19T14:15:01.703249100}
2025-05-19 14:15:01.729 [org.springframework.amqp.rabbit.RabbitListenerEndpointContainer#2-1] INFO  com.eleicao.core.component.WebSocketCandidatoListener - Recebido lista de candidatos via RabbitMQ, enviando via WebSocket: 7 candidatos
2025-05-19 14:15:01.729 [org.springframework.amqp.rabbit.RabbitListenerEndpointContainer#2-1] INFO  com.eleicao.core.component.WebSocketCandidatoListener - Lista de candidatos enviada via WebSocket com sucesso
2025-05-19 14:15:01.809 [org.springframework.amqp.rabbit.RabbitListenerEndpointContainer#1-1] INFO  com.eleicao.core.service.VotoService - Voto salvo: Voto{, type='eleicao-gp2', object='lionel messi', valor=1, timestamp=2025-05-19T14:15:01.801000300}
2025-05-19 14:15:01.829 [org.springframework.amqp.rabbit.RabbitListenerEndpointContainer#1-1] INFO  com.eleicao.core.component.VotoListener - Voto processado e lista atualizada: VotoDTO{type='eleicao-gp2', object='49', valor=1, timestamp=2025-05-19T14:15:01.801000300}
2025-05-19 14:15:01.831 [org.springframework.amqp.rabbit.RabbitListenerEndpointContainer#2-1] INFO  com.eleicao.core.component.WebSocketCandidatoListener - Recebido lista de candidatos via RabbitMQ, enviando via WebSocket: 7 candidatos
2025-05-19 14:15:01.835 [org.springframework.amqp.rabbit.RabbitListenerEndpointContainer#2-1] INFO  com.eleicao.core.component.WebSocketCandidatoListener - Lista de candidatos enviada via WebSocket com sucesso
2025-05-19 14:15:01.909 [org.springframework.amqp.rabbit.RabbitListenerEndpointContainer#1-1] INFO  com.eleicao.core.service.VotoService - Voto salvo: Voto{, type='eleicao-gp2', object='lionel messi', valor=1, timestamp=2025-05-19T14:15:01.903130900}
2025-05-19 14:15:01.923 [org.springframework.amqp.rabbit.RabbitListenerEndpointContainer#1-1] INFO  com.eleicao.core.component.VotoListener - Voto processado e lista atualizada: VotoDTO{type='eleicao-gp2', object='49', valor=1, timestamp=2025-05-19T14:15:01.903130900}
2025-05-19 14:15:01.929 [org.springframework.amqp.rabbit.RabbitListenerEndpointContainer#2-1] INFO  com.eleicao.core.component.WebSocketCandidatoListener - Recebido lista de candidatos via RabbitMQ, enviando via WebSocket: 7 candidatos
2025-05-19 14:15:01.929 [org.springframework.amqp.rabbit.RabbitListenerEndpointContainer#2-1] INFO  com.eleicao.core.component.WebSocketCandidatoListener - Lista de candidatos enviada via WebSocket com sucesso
2025-05-19 14:15:02.005 [org.springframework.amqp.rabbit.RabbitListenerEndpointContainer#1-1] INFO  com.eleicao.core.service.VotoService - Voto salvo: Voto{, type='eleicao-gp2', object='lionel messi', valor=1, timestamp=2025-05-19T14:15:02.000680500}
2025-05-19 14:15:02.020 [org.springframework.amqp.rabbit.RabbitListenerEndpointContainer#1-1] INFO  com.eleicao.core.component.VotoListener - Voto processado e lista atualizada: VotoDTO{type='eleicao-gp2', object='49', valor=1, timestamp=2025-05-19T14:15:02.000680500}
2025-05-19 14:15:02.025 [org.springframework.amqp.rabbit.RabbitListenerEndpointContainer#2-1] INFO  com.eleicao.core.component.WebSocketCandidatoListener - Recebido lista de candidatos via RabbitMQ, enviando via WebSocket: 7 candidatos
2025-05-19 14:15:02.028 [org.springframework.amqp.rabbit.RabbitListenerEndpointContainer#2-1] INFO  com.eleicao.core.component.WebSocketCandidatoListener - Lista de candidatos enviada via WebSocket com sucesso
2025-05-19 14:15:02.103 [org.springframework.amqp.rabbit.RabbitListenerEndpointContainer#1-1] INFO  com.eleicao.core.service.VotoService - Voto salvo: Voto{, type='eleicao-gp2', object='lionel messi', valor=1, timestamp=2025-05-19T14:15:02.101951500}
2025-05-19 14:15:02.126 [org.springframework.amqp.rabbit.RabbitListenerEndpointContainer#1-1] INFO  com.eleicao.core.component.VotoListener - Voto processado e lista atualizada: VotoDTO{type='eleicao-gp2', object='49', valor=1, timestamp=2025-05-19T14:15:02.101951500}
2025-05-19 14:15:02.126 [org.springframework.amqp.rabbit.RabbitListenerEndpointContainer#2-1] INFO  com.eleicao.core.component.WebSocketCandidatoListener - Recebido lista de candidatos via RabbitMQ, enviando via WebSocket: 7 candidatos
2025-05-19 14:15:02.128 [org.springframework.amqp.rabbit.RabbitListenerEndpointContainer#2-1] INFO  com.eleicao.core.component.WebSocketCandidatoListener - Lista de candidatos enviada via WebSocket com sucesso
2025-05-19 14:15:02.198 [org.springframework.amqp.rabbit.RabbitListenerEndpointContainer#1-1] INFO  com.eleicao.core.service.VotoService - Voto salvo: Voto{, type='eleicao-gp2', object='lionel messi', valor=1, timestamp=2025-05-19T14:15:02.198664600}
2025-05-19 14:15:02.217 [org.springframework.amqp.rabbit.RabbitListenerEndpointContainer#1-1] INFO  com.eleicao.core.component.VotoListener - Voto processado e lista atualizada: VotoDTO{type='eleicao-gp2', object='49', valor=1, timestamp=2025-05-19T14:15:02.198664600}
2025-05-19 14:15:02.219 [org.springframework.amqp.rabbit.RabbitListenerEndpointContainer#2-1] INFO  com.eleicao.core.component.WebSocketCandidatoListener - Recebido lista de candidatos via RabbitMQ, enviando via WebSocket: 7 candidatos
2025-05-19 14:15:02.221 [org.springframework.amqp.rabbit.RabbitListenerEndpointContainer#2-1] INFO  com.eleicao.core.component.WebSocketCandidatoListener - Lista de candidatos enviada via WebSocket com sucesso
2025-05-19 14:15:02.304 [org.springframework.amqp.rabbit.RabbitListenerEndpointContainer#1-1] INFO  com.eleicao.core.service.VotoService - Voto salvo: Voto{, type='eleicao-gp2', object='lionel messi', valor=1, timestamp=2025-05-19T14:15:02.296312900}
2025-05-19 14:15:02.320 [org.springframework.amqp.rabbit.RabbitListenerEndpointContainer#1-1] INFO  com.eleicao.core.component.VotoListener - Voto processado e lista atualizada: VotoDTO{type='eleicao-gp2', object='49', valor=1, timestamp=2025-05-19T14:15:02.296312900}
2025-05-19 14:15:02.327 [org.springframework.amqp.rabbit.RabbitListenerEndpointContainer#2-1] INFO  com.eleicao.core.component.WebSocketCandidatoListener - Recebido lista de candidatos via RabbitMQ, enviando via WebSocket: 7 candidatos
2025-05-19 14:15:02.327 [org.springframework.amqp.rabbit.RabbitListenerEndpointContainer#2-1] INFO  com.eleicao.core.component.WebSocketCandidatoListener - Lista de candidatos enviada via WebSocket com sucesso
2025-05-19 14:15:02.402 [org.springframework.amqp.rabbit.RabbitListenerEndpointContainer#1-1] INFO  com.eleicao.core.service.VotoService - Voto salvo: Voto{, type='eleicao-gp2', object='lionel messi', valor=1, timestamp=2025-05-19T14:15:02.399153400}
2025-05-19 14:15:02.419 [org.springframework.amqp.rabbit.RabbitListenerEndpointContainer#1-1] INFO  com.eleicao.core.component.VotoListener - Voto processado e lista atualizada: VotoDTO{type='eleicao-gp2', object='49', valor=1, timestamp=2025-05-19T14:15:02.399153400}
2025-05-19 14:15:02.424 [org.springframework.amqp.rabbit.RabbitListenerEndpointContainer#2-1] INFO  com.eleicao.core.component.WebSocketCandidatoListener - Recebido lista de candidatos via RabbitMQ, enviando via WebSocket: 7 candidatos
2025-05-19 14:15:02.427 [org.springframework.amqp.rabbit.RabbitListenerEndpointContainer#2-1] INFO  com.eleicao.core.component.WebSocketCandidatoListener - Lista de candidatos enviada via WebSocket com sucesso
2025-05-19 14:15:02.504 [org.springframework.amqp.rabbit.RabbitListenerEndpointContainer#1-1] INFO  com.eleicao.core.service.VotoService - Voto salvo: Voto{, type='eleicao-gp2', object='lionel messi', valor=1, timestamp=2025-05-19T14:15:02.500517400}
2025-05-19 14:15:02.522 [org.springframework.amqp.rabbit.RabbitListenerEndpointContainer#1-1] INFO  com.eleicao.core.component.VotoListener - Voto processado e lista atualizada: VotoDTO{type='eleicao-gp2', object='49', valor=1, timestamp=2025-05-19T14:15:02.500517400}
2025-05-19 14:15:02.524 [org.springframework.amqp.rabbit.RabbitListenerEndpointContainer#2-1] INFO  com.eleicao.core.component.WebSocketCandidatoListener - Recebido lista de candidatos via RabbitMQ, enviando via WebSocket: 7 candidatos
2025-05-19 14:15:02.524 [org.springframework.amqp.rabbit.RabbitListenerEndpointContainer#2-1] INFO  com.eleicao.core.component.WebSocketCandidatoListener - Lista de candidatos enviada via WebSocket com sucesso
2025-05-19 14:15:02.605 [org.springframework.amqp.rabbit.RabbitListenerEndpointContainer#1-1] INFO  com.eleicao.core.service.VotoService - Voto salvo: Voto{, type='eleicao-gp2', object='lionel messi', valor=1, timestamp=2025-05-19T14:15:02.597385800}
2025-05-19 14:15:02.622 [org.springframework.amqp.rabbit.RabbitListenerEndpointContainer#1-1] INFO  com.eleicao.core.component.VotoListener - Voto processado e lista atualizada: VotoDTO{type='eleicao-gp2', object='49', valor=1, timestamp=2025-05-19T14:15:02.597385800}
2025-05-19 14:15:02.628 [org.springframework.amqp.rabbit.RabbitListenerEndpointContainer#2-1] INFO  com.eleicao.core.component.WebSocketCandidatoListener - Recebido lista de candidatos via RabbitMQ, enviando via WebSocket: 7 candidatos
2025-05-19 14:15:02.628 [org.springframework.amqp.rabbit.RabbitListenerEndpointContainer#2-1] INFO  com.eleicao.core.component.WebSocketCandidatoListener - Lista de candidatos enviada via WebSocket com sucesso
2025-05-19 14:15:02.712 [org.springframework.amqp.rabbit.RabbitListenerEndpointContainer#1-1] INFO  com.eleicao.core.service.VotoService - Voto salvo: Voto{, type='eleicao-gp2', object='lionel messi', valor=1, timestamp=2025-05-19T14:15:02.702905300}
2025-05-19 14:15:02.728 [org.springframework.amqp.rabbit.RabbitListenerEndpointContainer#1-1] INFO  com.eleicao.core.component.VotoListener - Voto processado e lista atualizada: VotoDTO{type='eleicao-gp2', object='49', valor=1, timestamp=2025-05-19T14:15:02.702905300}
2025-05-19 14:15:02.728 [org.springframework.amqp.rabbit.RabbitListenerEndpointContainer#2-1] INFO  com.eleicao.core.component.WebSocketCandidatoListener - Recebido lista de candidatos via RabbitMQ, enviando via WebSocket: 7 candidatos
2025-05-19 14:15:02.728 [org.springframework.amqp.rabbit.RabbitListenerEndpointContainer#2-1] INFO  com.eleicao.core.component.WebSocketCandidatoListener - Lista de candidatos enviada via WebSocket com sucesso
2025-05-19 14:15:02.809 [org.springframework.amqp.rabbit.RabbitListenerEndpointContainer#1-1] INFO  com.eleicao.core.service.VotoService - Voto salvo: Voto{, type='eleicao-gp2', object='lionel messi', valor=1, timestamp=2025-05-19T14:15:02.800831800}
2025-05-19 14:15:02.825 [org.springframework.amqp.rabbit.RabbitListenerEndpointContainer#1-1] INFO  com.eleicao.core.component.VotoListener - Voto processado e lista atualizada: VotoDTO{type='eleicao-gp2', object='49', valor=1, timestamp=2025-05-19T14:15:02.800831800}
2025-05-19 14:15:02.833 [org.springframework.amqp.rabbit.RabbitListenerEndpointContainer#2-1] INFO  com.eleicao.core.component.WebSocketCandidatoListener - Recebido lista de candidatos via RabbitMQ, enviando via WebSocket: 7 candidatos
2025-05-19 14:15:02.833 [org.springframework.amqp.rabbit.RabbitListenerEndpointContainer#2-1] INFO  com.eleicao.core.component.WebSocketCandidatoListener - Lista de candidatos enviada via WebSocket com sucesso
2025-05-19 14:15:02.910 [org.springframework.amqp.rabbit.RabbitListenerEndpointContainer#1-1] INFO  com.eleicao.core.service.VotoService - Voto salvo: Voto{, type='eleicao-gp2', object='lionel messi', valor=1, timestamp=2025-05-19T14:15:02.903689400}
2025-05-19 14:15:02.929 [org.springframework.amqp.rabbit.RabbitListenerEndpointContainer#1-1] INFO  com.eleicao.core.component.VotoListener - Voto processado e lista atualizada: VotoDTO{type='eleicao-gp2', object='49', valor=1, timestamp=2025-05-19T14:15:02.903689400}
2025-05-19 14:15:02.937 [org.springframework.amqp.rabbit.RabbitListenerEndpointContainer#2-1] INFO  com.eleicao.core.component.WebSocketCandidatoListener - Recebido lista de candidatos via RabbitMQ, enviando via WebSocket: 7 candidatos
2025-05-19 14:15:02.937 [org.springframework.amqp.rabbit.RabbitListenerEndpointContainer#2-1] INFO  com.eleicao.core.component.WebSocketCandidatoListener - Lista de candidatos enviada via WebSocket com sucesso
2025-05-19 14:15:03.000 [org.springframework.amqp.rabbit.RabbitListenerEndpointContainer#1-1] INFO  com.eleicao.core.service.VotoService - Voto salvo: Voto{, type='eleicao-gp2', object='lionel messi', valor=1, timestamp=2025-05-19T14:15:03.000550900}
2025-05-19 14:15:03.028 [org.springframework.amqp.rabbit.RabbitListenerEndpointContainer#1-1] INFO  com.eleicao.core.component.VotoListener - Voto processado e lista atualizada: VotoDTO{type='eleicao-gp2', object='49', valor=1, timestamp=2025-05-19T14:15:03.000550900}
2025-05-19 14:15:03.028 [org.springframework.amqp.rabbit.RabbitListenerEndpointContainer#2-1] INFO  com.eleicao.core.component.WebSocketCandidatoListener - Recebido lista de candidatos via RabbitMQ, enviando via WebSocket: 7 candidatos
2025-05-19 14:15:03.028 [org.springframework.amqp.rabbit.RabbitListenerEndpointContainer#2-1] INFO  com.eleicao.core.component.WebSocketCandidatoListener - Lista de candidatos enviada via WebSocket com sucesso
2025-05-19 14:15:03.105 [org.springframework.amqp.rabbit.RabbitListenerEndpointContainer#1-1] INFO  com.eleicao.core.service.VotoService - Voto salvo: Voto{, type='eleicao-gp2', object='lionel messi', valor=1, timestamp=2025-05-19T14:15:03.098718600}
2025-05-19 14:15:03.123 [org.springframework.amqp.rabbit.RabbitListenerEndpointContainer#1-1] INFO  com.eleicao.core.component.VotoListener - Voto processado e lista atualizada: VotoDTO{type='eleicao-gp2', object='49', valor=1, timestamp=2025-05-19T14:15:03.098718600}
2025-05-19 14:15:03.125 [org.springframework.amqp.rabbit.RabbitListenerEndpointContainer#2-1] INFO  com.eleicao.core.component.WebSocketCandidatoListener - Recebido lista de candidatos via RabbitMQ, enviando via WebSocket: 7 candidatos
2025-05-19 14:15:03.128 [org.springframework.amqp.rabbit.RabbitListenerEndpointContainer#2-1] INFO  com.eleicao.core.component.WebSocketCandidatoListener - Lista de candidatos enviada via WebSocket com sucesso
2025-05-19 14:15:03.202 [org.springframework.amqp.rabbit.RabbitListenerEndpointContainer#1-1] INFO  com.eleicao.core.service.VotoService - Voto salvo: Voto{, type='eleicao-gp2', object='lionel messi', valor=1, timestamp=2025-05-19T14:15:03.195982400}
2025-05-19 14:15:03.227 [org.springframework.amqp.rabbit.RabbitListenerEndpointContainer#1-1] INFO  com.eleicao.core.component.VotoListener - Voto processado e lista atualizada: VotoDTO{type='eleicao-gp2', object='49', valor=1, timestamp=2025-05-19T14:15:03.195982400}
2025-05-19 14:15:03.228 [org.springframework.amqp.rabbit.RabbitListenerEndpointContainer#2-1] INFO  com.eleicao.core.component.WebSocketCandidatoListener - Recebido lista de candidatos via RabbitMQ, enviando via WebSocket: 7 candidatos
2025-05-19 14:15:03.228 [org.springframework.amqp.rabbit.RabbitListenerEndpointContainer#2-1] INFO  com.eleicao.core.component.WebSocketCandidatoListener - Lista de candidatos enviada via WebSocket com sucesso
2025-05-19 14:15:03.307 [org.springframework.amqp.rabbit.RabbitListenerEndpointContainer#1-1] INFO  com.eleicao.core.service.VotoService - Voto salvo: Voto{, type='eleicao-gp2', object='lionel messi', valor=1, timestamp=2025-05-19T14:15:03.299464}
2025-05-19 14:15:03.328 [org.springframework.amqp.rabbit.RabbitListenerEndpointContainer#1-1] INFO  com.eleicao.core.component.VotoListener - Voto processado e lista atualizada: VotoDTO{type='eleicao-gp2', object='49', valor=1, timestamp=2025-05-19T14:15:03.299464}
2025-05-19 14:15:03.328 [org.springframework.amqp.rabbit.RabbitListenerEndpointContainer#2-1] INFO  com.eleicao.core.component.WebSocketCandidatoListener - Recebido lista de candidatos via RabbitMQ, enviando via WebSocket: 7 candidatos
2025-05-19 14:15:03.328 [org.springframework.amqp.rabbit.RabbitListenerEndpointContainer#2-1] INFO  com.eleicao.core.component.WebSocketCandidatoListener - Lista de candidatos enviada via WebSocket com sucesso
2025-05-19 14:15:03.405 [org.springframework.amqp.rabbit.RabbitListenerEndpointContainer#1-1] INFO  com.eleicao.core.service.VotoService - Voto salvo: Voto{, type='eleicao-gp2', object='lionel messi', valor=1, timestamp=2025-05-19T14:15:03.397258600}
2025-05-19 14:15:03.421 [org.springframework.amqp.rabbit.RabbitListenerEndpointContainer#1-1] INFO  com.eleicao.core.component.VotoListener - Voto processado e lista atualizada: VotoDTO{type='eleicao-gp2', object='49', valor=1, timestamp=2025-05-19T14:15:03.397258600}
2025-05-19 14:15:03.428 [org.springframework.amqp.rabbit.RabbitListenerEndpointContainer#2-1] INFO  com.eleicao.core.component.WebSocketCandidatoListener - Recebido lista de candidatos via RabbitMQ, enviando via WebSocket: 7 candidatos
2025-05-19 14:15:03.428 [org.springframework.amqp.rabbit.RabbitListenerEndpointContainer#2-1] INFO  com.eleicao.core.component.WebSocketCandidatoListener - Lista de candidatos enviada via WebSocket com sucesso
2025-05-19 14:15:03.503 [org.springframework.amqp.rabbit.RabbitListenerEndpointContainer#1-1] INFO  com.eleicao.core.service.VotoService - Voto salvo: Voto{, type='eleicao-gp2', object='lionel messi', valor=1, timestamp=2025-05-19T14:15:03.495300900}
2025-05-19 14:15:03.527 [org.springframework.amqp.rabbit.RabbitListenerEndpointContainer#1-1] INFO  com.eleicao.core.component.VotoListener - Voto processado e lista atualizada: VotoDTO{type='eleicao-gp2', object='49', valor=1, timestamp=2025-05-19T14:15:03.495300900}
2025-05-19 14:15:03.527 [org.springframework.amqp.rabbit.RabbitListenerEndpointContainer#2-1] INFO  com.eleicao.core.component.WebSocketCandidatoListener - Recebido lista de candidatos via RabbitMQ, enviando via WebSocket: 7 candidatos
2025-05-19 14:15:03.527 [org.springframework.amqp.rabbit.RabbitListenerEndpointContainer#2-1] INFO  com.eleicao.core.component.WebSocketCandidatoListener - Lista de candidatos enviada via WebSocket com sucesso
2025-05-19 14:15:03.601 [org.springframework.amqp.rabbit.RabbitListenerEndpointContainer#1-1] INFO  com.eleicao.core.service.VotoService - Voto salvo: Voto{, type='eleicao-gp2', object='lionel messi', valor=1, timestamp=2025-05-19T14:15:03.594973500}
2025-05-19 14:15:03.618 [org.springframework.amqp.rabbit.RabbitListenerEndpointContainer#1-1] INFO  com.eleicao.core.component.VotoListener - Voto processado e lista atualizada: VotoDTO{type='eleicao-gp2', object='49', valor=1, timestamp=2025-05-19T14:15:03.594973500}
2025-05-19 14:15:03.626 [org.springframework.amqp.rabbit.RabbitListenerEndpointContainer#2-1] INFO  com.eleicao.core.component.WebSocketCandidatoListener - Recebido lista de candidatos via RabbitMQ, enviando via WebSocket: 7 candidatos
2025-05-19 14:15:03.626 [org.springframework.amqp.rabbit.RabbitListenerEndpointContainer#2-1] INFO  com.eleicao.core.component.WebSocketCandidatoListener - Lista de candidatos enviada via WebSocket com sucesso
2025-05-19 14:15:03.698 [org.springframework.amqp.rabbit.RabbitListenerEndpointContainer#1-1] INFO  com.eleicao.core.service.VotoService - Voto salvo: Voto{, type='eleicao-gp2', object='lionel messi', valor=1, timestamp=2025-05-19T14:15:03.698942700}
2025-05-19 14:15:03.723 [org.springframework.amqp.rabbit.RabbitListenerEndpointContainer#1-1] INFO  com.eleicao.core.component.VotoListener - Voto processado e lista atualizada: VotoDTO{type='eleicao-gp2', object='49', valor=1, timestamp=2025-05-19T14:15:03.698942700}
2025-05-19 14:15:03.723 [org.springframework.amqp.rabbit.RabbitListenerEndpointContainer#2-1] INFO  com.eleicao.core.component.WebSocketCandidatoListener - Recebido lista de candidatos via RabbitMQ, enviando via WebSocket: 7 candidatos
2025-05-19 14:15:03.727 [org.springframework.amqp.rabbit.RabbitListenerEndpointContainer#2-1] INFO  com.eleicao.core.component.WebSocketCandidatoListener - Lista de candidatos enviada via WebSocket com sucesso
2025-05-19 14:15:03.803 [org.springframework.amqp.rabbit.RabbitListenerEndpointContainer#1-1] INFO  com.eleicao.core.service.VotoService - Voto salvo: Voto{, type='eleicao-gp2', object='lionel messi', valor=1, timestamp=2025-05-19T14:15:03.795056100}
2025-05-19 14:15:03.827 [org.springframework.amqp.rabbit.RabbitListenerEndpointContainer#1-1] INFO  com.eleicao.core.component.VotoListener - Voto processado e lista atualizada: VotoDTO{type='eleicao-gp2', object='49', valor=1, timestamp=2025-05-19T14:15:03.795056100}
2025-05-19 14:15:03.827 [org.springframework.amqp.rabbit.RabbitListenerEndpointContainer#2-1] INFO  com.eleicao.core.component.WebSocketCandidatoListener - Recebido lista de candidatos via RabbitMQ, enviando via WebSocket: 7 candidatos
2025-05-19 14:15:03.827 [org.springframework.amqp.rabbit.RabbitListenerEndpointContainer#2-1] INFO  com.eleicao.core.component.WebSocketCandidatoListener - Lista de candidatos enviada via WebSocket com sucesso
2025-05-19 14:15:03.899 [org.springframework.amqp.rabbit.RabbitListenerEndpointContainer#1-1] INFO  com.eleicao.core.service.VotoService - Voto salvo: Voto{, type='eleicao-gp2', object='lionel messi', valor=1, timestamp=2025-05-19T14:15:03.895091300}
2025-05-19 14:15:03.917 [org.springframework.amqp.rabbit.RabbitListenerEndpointContainer#1-1] INFO  com.eleicao.core.component.VotoListener - Voto processado e lista atualizada: VotoDTO{type='eleicao-gp2', object='49', valor=1, timestamp=2025-05-19T14:15:03.895091300}
2025-05-19 14:15:03.917 [org.springframework.amqp.rabbit.RabbitListenerEndpointContainer#2-1] INFO  com.eleicao.core.component.WebSocketCandidatoListener - Recebido lista de candidatos via RabbitMQ, enviando via WebSocket: 7 candidatos
2025-05-19 14:15:03.923 [org.springframework.amqp.rabbit.RabbitListenerEndpointContainer#2-1] INFO  com.eleicao.core.component.WebSocketCandidatoListener - Lista de candidatos enviada via WebSocket com sucesso
2025-05-19 14:15:04.004 [org.springframework.amqp.rabbit.RabbitListenerEndpointContainer#1-1] INFO  com.eleicao.core.service.VotoService - Voto salvo: Voto{, type='eleicao-gp2', object='lionel messi', valor=1, timestamp=2025-05-19T14:15:03.996643300}
2025-05-19 14:15:04.020 [org.springframework.amqp.rabbit.RabbitListenerEndpointContainer#1-1] INFO  com.eleicao.core.component.VotoListener - Voto processado e lista atualizada: VotoDTO{type='eleicao-gp2', object='49', valor=1, timestamp=2025-05-19T14:15:03.996643300}
2025-05-19 14:15:04.027 [org.springframework.amqp.rabbit.RabbitListenerEndpointContainer#2-1] INFO  com.eleicao.core.component.WebSocketCandidatoListener - Recebido lista de candidatos via RabbitMQ, enviando via WebSocket: 7 candidatos
2025-05-19 14:15:04.027 [org.springframework.amqp.rabbit.RabbitListenerEndpointContainer#2-1] INFO  com.eleicao.core.component.WebSocketCandidatoListener - Lista de candidatos enviada via WebSocket com sucesso
2025-05-19 14:15:04.109 [org.springframework.amqp.rabbit.RabbitListenerEndpointContainer#1-1] INFO  com.eleicao.core.service.VotoService - Voto salvo: Voto{, type='eleicao-gp2', object='lionel messi', valor=1, timestamp=2025-05-19T14:15:04.101198}
2025-05-19 14:15:04.128 [org.springframework.amqp.rabbit.RabbitListenerEndpointContainer#1-1] INFO  com.eleicao.core.component.VotoListener - Voto processado e lista atualizada: VotoDTO{type='eleicao-gp2', object='49', valor=1, timestamp=2025-05-19T14:15:04.101198}
2025-05-19 14:15:04.128 [org.springframework.amqp.rabbit.RabbitListenerEndpointContainer#2-1] INFO  com.eleicao.core.component.WebSocketCandidatoListener - Recebido lista de candidatos via RabbitMQ, enviando via WebSocket: 7 candidatos
2025-05-19 14:15:04.128 [org.springframework.amqp.rabbit.RabbitListenerEndpointContainer#2-1] INFO  com.eleicao.core.component.WebSocketCandidatoListener - Lista de candidatos enviada via WebSocket com sucesso
2025-05-19 14:15:04.197 [org.springframework.amqp.rabbit.RabbitListenerEndpointContainer#1-1] INFO  com.eleicao.core.service.VotoService - Voto salvo: Voto{, type='eleicao-gp2', object='lionel messi', valor=1, timestamp=2025-05-19T14:15:04.197775500}
2025-05-19 14:15:04.221 [org.springframework.amqp.rabbit.RabbitListenerEndpointContainer#1-1] INFO  com.eleicao.core.component.VotoListener - Voto processado e lista atualizada: VotoDTO{type='eleicao-gp2', object='49', valor=1, timestamp=2025-05-19T14:15:04.197775500}
2025-05-19 14:15:04.221 [org.springframework.amqp.rabbit.RabbitListenerEndpointContainer#2-1] INFO  com.eleicao.core.component.WebSocketCandidatoListener - Recebido lista de candidatos via RabbitMQ, enviando via WebSocket: 7 candidatos
2025-05-19 14:15:04.229 [org.springframework.amqp.rabbit.RabbitListenerEndpointContainer#2-1] INFO  com.eleicao.core.component.WebSocketCandidatoListener - Lista de candidatos enviada via WebSocket com sucesso
2025-05-19 14:15:04.305 [org.springframework.amqp.rabbit.RabbitListenerEndpointContainer#1-1] INFO  com.eleicao.core.service.VotoService - Voto salvo: Voto{, type='eleicao-gp2', object='lionel messi', valor=1, timestamp=2025-05-19T14:15:04.298564800}
2025-05-19 14:15:04.334 [org.springframework.amqp.rabbit.RabbitListenerEndpointContainer#1-1] INFO  com.eleicao.core.component.VotoListener - Voto processado e lista atualizada: VotoDTO{type='eleicao-gp2', object='49', valor=1, timestamp=2025-05-19T14:15:04.298564800}
2025-05-19 14:15:04.336 [org.springframework.amqp.rabbit.RabbitListenerEndpointContainer#2-1] INFO  com.eleicao.core.component.WebSocketCandidatoListener - Recebido lista de candidatos via RabbitMQ, enviando via WebSocket: 7 candidatos
2025-05-19 14:15:04.338 [org.springframework.amqp.rabbit.RabbitListenerEndpointContainer#2-1] INFO  com.eleicao.core.component.WebSocketCandidatoListener - Lista de candidatos enviada via WebSocket com sucesso
2025-05-19 14:15:04.399 [org.springframework.amqp.rabbit.RabbitListenerEndpointContainer#1-1] INFO  com.eleicao.core.service.VotoService - Voto salvo: Voto{, type='eleicao-gp2', object='lionel messi', valor=1, timestamp=2025-05-19T14:15:04.393900800}
2025-05-19 14:15:04.410 [org.springframework.amqp.rabbit.RabbitListenerEndpointContainer#1-1] INFO  com.eleicao.core.component.VotoListener - Voto processado e lista atualizada: VotoDTO{type='eleicao-gp2', object='49', valor=1, timestamp=2025-05-19T14:15:04.393900800}
2025-05-19 14:15:04.410 [org.springframework.amqp.rabbit.RabbitListenerEndpointContainer#2-1] INFO  com.eleicao.core.component.WebSocketCandidatoListener - Recebido lista de candidatos via RabbitMQ, enviando via WebSocket: 7 candidatos
2025-05-19 14:15:04.410 [org.springframework.amqp.rabbit.RabbitListenerEndpointContainer#2-1] INFO  com.eleicao.core.component.WebSocketCandidatoListener - Lista de candidatos enviada via WebSocket com sucesso
2025-05-19 14:15:04.500 [org.springframework.amqp.rabbit.RabbitListenerEndpointContainer#1-1] INFO  com.eleicao.core.service.VotoService - Voto salvo: Voto{, type='eleicao-gp2', object='lionel messi', valor=1, timestamp=2025-05-19T14:15:04.494245400}
2025-05-19 14:15:04.513 [org.springframework.amqp.rabbit.RabbitListenerEndpointContainer#1-1] INFO  com.eleicao.core.component.VotoListener - Voto processado e lista atualizada: VotoDTO{type='eleicao-gp2', object='49', valor=1, timestamp=2025-05-19T14:15:04.494245400}
2025-05-19 14:15:04.513 [org.springframework.amqp.rabbit.RabbitListenerEndpointContainer#2-1] INFO  com.eleicao.core.component.WebSocketCandidatoListener - Recebido lista de candidatos via RabbitMQ, enviando via WebSocket: 7 candidatos
2025-05-19 14:15:04.513 [org.springframework.amqp.rabbit.RabbitListenerEndpointContainer#2-1] INFO  com.eleicao.core.component.WebSocketCandidatoListener - Lista de candidatos enviada via WebSocket com sucesso
2025-05-19 14:15:04.603 [org.springframework.amqp.rabbit.RabbitListenerEndpointContainer#1-1] INFO  com.eleicao.core.service.VotoService - Voto salvo: Voto{, type='eleicao-gp2', object='lionel messi', valor=1, timestamp=2025-05-19T14:15:04.599862600}
2025-05-19 14:15:04.618 [org.springframework.amqp.rabbit.RabbitListenerEndpointContainer#1-1] INFO  com.eleicao.core.component.VotoListener - Voto processado e lista atualizada: VotoDTO{type='eleicao-gp2', object='49', valor=1, timestamp=2025-05-19T14:15:04.599862600}
2025-05-19 14:15:04.624 [org.springframework.amqp.rabbit.RabbitListenerEndpointContainer#2-1] INFO  com.eleicao.core.component.WebSocketCandidatoListener - Recebido lista de candidatos via RabbitMQ, enviando via WebSocket: 7 candidatos
2025-05-19 14:15:04.624 [org.springframework.amqp.rabbit.RabbitListenerEndpointContainer#2-1] INFO  com.eleicao.core.component.WebSocketCandidatoListener - Lista de candidatos enviada via WebSocket com sucesso
2025-05-19 14:15:04.697 [org.springframework.amqp.rabbit.RabbitListenerEndpointContainer#1-1] INFO  com.eleicao.core.service.VotoService - Voto salvo: Voto{, type='eleicao-gp2', object='lionel messi', valor=1, timestamp=2025-05-19T14:15:04.697584500}
2025-05-19 14:15:04.721 [org.springframework.amqp.rabbit.RabbitListenerEndpointContainer#1-1] INFO  com.eleicao.core.component.VotoListener - Voto processado e lista atualizada: VotoDTO{type='eleicao-gp2', object='49', valor=1, timestamp=2025-05-19T14:15:04.697584500}
2025-05-19 14:15:04.721 [org.springframework.amqp.rabbit.RabbitListenerEndpointContainer#2-1] INFO  com.eleicao.core.component.WebSocketCandidatoListener - Recebido lista de candidatos via RabbitMQ, enviando via WebSocket: 7 candidatos
2025-05-19 14:15:04.721 [org.springframework.amqp.rabbit.RabbitListenerEndpointContainer#2-1] INFO  com.eleicao.core.component.WebSocketCandidatoListener - Lista de candidatos enviada via WebSocket com sucesso
2025-05-19 14:15:04.803 [org.springframework.amqp.rabbit.RabbitListenerEndpointContainer#1-1] INFO  com.eleicao.core.service.VotoService - Voto salvo: Voto{, type='eleicao-gp2', object='lionel messi', valor=1, timestamp=2025-05-19T14:15:04.794981300}
2025-05-19 14:15:04.824 [org.springframework.amqp.rabbit.RabbitListenerEndpointContainer#1-1] INFO  com.eleicao.core.component.VotoListener - Voto processado e lista atualizada: VotoDTO{type='eleicao-gp2', object='49', valor=1, timestamp=2025-05-19T14:15:04.794981300}
2025-05-19 14:15:04.826 [org.springframework.amqp.rabbit.RabbitListenerEndpointContainer#2-1] INFO  com.eleicao.core.component.WebSocketCandidatoListener - Recebido lista de candidatos via RabbitMQ, enviando via WebSocket: 7 candidatos
2025-05-19 14:15:04.826 [org.springframework.amqp.rabbit.RabbitListenerEndpointContainer#2-1] INFO  com.eleicao.core.component.WebSocketCandidatoListener - Lista de candidatos enviada via WebSocket com sucesso
2025-05-19 14:15:04.901 [org.springframework.amqp.rabbit.RabbitListenerEndpointContainer#1-1] INFO  com.eleicao.core.service.VotoService - Voto salvo: Voto{, type='eleicao-gp2', object='lionel messi', valor=1, timestamp=2025-05-19T14:15:04.896078900}
2025-05-19 14:15:04.916 [org.springframework.amqp.rabbit.RabbitListenerEndpointContainer#1-1] INFO  com.eleicao.core.component.VotoListener - Voto processado e lista atualizada: VotoDTO{type='eleicao-gp2', object='49', valor=1, timestamp=2025-05-19T14:15:04.896078900}
2025-05-19 14:15:04.918 [org.springframework.amqp.rabbit.RabbitListenerEndpointContainer#2-1] INFO  com.eleicao.core.component.WebSocketCandidatoListener - Recebido lista de candidatos via RabbitMQ, enviando via WebSocket: 7 candidatos
2025-05-19 14:15:04.920 [org.springframework.amqp.rabbit.RabbitListenerEndpointContainer#2-1] INFO  com.eleicao.core.component.WebSocketCandidatoListener - Lista de candidatos enviada via WebSocket com sucesso
2025-05-19 14:15:05.001 [org.springframework.amqp.rabbit.RabbitListenerEndpointContainer#1-1] INFO  com.eleicao.core.service.VotoService - Voto salvo: Voto{, type='eleicao-gp2', object='lionel messi', valor=1, timestamp=2025-05-19T14:15:04.993849900}
2025-05-19 14:15:05.024 [org.springframework.amqp.rabbit.RabbitListenerEndpointContainer#1-1] INFO  com.eleicao.core.component.VotoListener - Voto processado e lista atualizada: VotoDTO{type='eleicao-gp2', object='49', valor=1, timestamp=2025-05-19T14:15:04.993849900}
2025-05-19 14:15:05.026 [org.springframework.amqp.rabbit.RabbitListenerEndpointContainer#2-1] INFO  com.eleicao.core.component.WebSocketCandidatoListener - Recebido lista de candidatos via RabbitMQ, enviando via WebSocket: 7 candidatos
2025-05-19 14:15:05.026 [org.springframework.amqp.rabbit.RabbitListenerEndpointContainer#2-1] INFO  com.eleicao.core.component.WebSocketCandidatoListener - Lista de candidatos enviada via WebSocket com sucesso
2025-05-19 14:15:05.101 [org.springframework.amqp.rabbit.RabbitListenerEndpointContainer#1-1] INFO  com.eleicao.core.service.VotoService - Voto salvo: Voto{, type='eleicao-gp2', object='lionel messi', valor=1, timestamp=2025-05-19T14:15:05.094228800}
2025-05-19 14:15:05.117 [org.springframework.amqp.rabbit.RabbitListenerEndpointContainer#1-1] INFO  com.eleicao.core.component.VotoListener - Voto processado e lista atualizada: VotoDTO{type='eleicao-gp2', object='49', valor=1, timestamp=2025-05-19T14:15:05.094228800}
2025-05-19 14:15:05.117 [org.springframework.amqp.rabbit.RabbitListenerEndpointContainer#2-1] INFO  com.eleicao.core.component.WebSocketCandidatoListener - Recebido lista de candidatos via RabbitMQ, enviando via WebSocket: 7 candidatos
2025-05-19 14:15:05.117 [org.springframework.amqp.rabbit.RabbitListenerEndpointContainer#2-1] INFO  com.eleicao.core.component.WebSocketCandidatoListener - Lista de candidatos enviada via WebSocket com sucesso
2025-05-19 14:15:05.201 [org.springframework.amqp.rabbit.RabbitListenerEndpointContainer#1-1] INFO  com.eleicao.core.service.VotoService - Voto salvo: Voto{, type='eleicao-gp2', object='lionel messi', valor=1, timestamp=2025-05-19T14:15:05.195847800}
2025-05-19 14:15:05.217 [org.springframework.amqp.rabbit.RabbitListenerEndpointContainer#1-1] INFO  com.eleicao.core.component.VotoListener - Voto processado e lista atualizada: VotoDTO{type='eleicao-gp2', object='49', valor=1, timestamp=2025-05-19T14:15:05.195847800}
2025-05-19 14:15:05.220 [org.springframework.amqp.rabbit.RabbitListenerEndpointContainer#2-1] INFO  com.eleicao.core.component.WebSocketCandidatoListener - Recebido lista de candidatos via RabbitMQ, enviando via WebSocket: 7 candidatos
2025-05-19 14:15:05.220 [org.springframework.amqp.rabbit.RabbitListenerEndpointContainer#2-1] INFO  com.eleicao.core.component.WebSocketCandidatoListener - Lista de candidatos enviada via WebSocket com sucesso
2025-05-19 14:15:05.301 [org.springframework.amqp.rabbit.RabbitListenerEndpointContainer#1-1] INFO  com.eleicao.core.service.VotoService - Voto salvo: Voto{, type='eleicao-gp2', object='lionel messi', valor=1, timestamp=2025-05-19T14:15:05.296686400}
2025-05-19 14:15:05.320 [org.springframework.amqp.rabbit.RabbitListenerEndpointContainer#1-1] INFO  com.eleicao.core.component.VotoListener - Voto processado e lista atualizada: VotoDTO{type='eleicao-gp2', object='49', valor=1, timestamp=2025-05-19T14:15:05.296686400}
2025-05-19 14:15:05.322 [org.springframework.amqp.rabbit.RabbitListenerEndpointContainer#2-1] INFO  com.eleicao.core.component.WebSocketCandidatoListener - Recebido lista de candidatos via RabbitMQ, enviando via WebSocket: 7 candidatos
2025-05-19 14:15:05.322 [org.springframework.amqp.rabbit.RabbitListenerEndpointContainer#2-1] INFO  com.eleicao.core.component.WebSocketCandidatoListener - Lista de candidatos enviada via WebSocket com sucesso
2025-05-19 14:15:05.398 [org.springframework.amqp.rabbit.RabbitListenerEndpointContainer#1-1] INFO  com.eleicao.core.service.VotoService - Voto salvo: Voto{, type='eleicao-gp2', object='lionel messi', valor=1, timestamp=2025-05-19T14:15:05.393584300}
2025-05-19 14:15:05.411 [org.springframework.amqp.rabbit.RabbitListenerEndpointContainer#1-1] INFO  com.eleicao.core.component.VotoListener - Voto processado e lista atualizada: VotoDTO{type='eleicao-gp2', object='49', valor=1, timestamp=2025-05-19T14:15:05.393584300}
2025-05-19 14:15:05.415 [org.springframework.amqp.rabbit.RabbitListenerEndpointContainer#2-1] INFO  com.eleicao.core.component.WebSocketCandidatoListener - Recebido lista de candidatos via RabbitMQ, enviando via WebSocket: 7 candidatos
2025-05-19 14:15:05.415 [org.springframework.amqp.rabbit.RabbitListenerEndpointContainer#2-1] INFO  com.eleicao.core.component.WebSocketCandidatoListener - Lista de candidatos enviada via WebSocket com sucesso
2025-05-19 14:15:05.506 [org.springframework.amqp.rabbit.RabbitListenerEndpointContainer#1-1] INFO  com.eleicao.core.service.VotoService - Voto salvo: Voto{, type='eleicao-gp2', object='lionel messi', valor=1, timestamp=2025-05-19T14:15:05.499659300}
2025-05-19 14:15:05.523 [org.springframework.amqp.rabbit.RabbitListenerEndpointContainer#1-1] INFO  com.eleicao.core.component.VotoListener - Voto processado e lista atualizada: VotoDTO{type='eleicao-gp2', object='49', valor=1, timestamp=2025-05-19T14:15:05.499659300}
2025-05-19 14:15:05.525 [org.springframework.amqp.rabbit.RabbitListenerEndpointContainer#2-1] INFO  com.eleicao.core.component.WebSocketCandidatoListener - Recebido lista de candidatos via RabbitMQ, enviando via WebSocket: 7 candidatos
2025-05-19 14:15:05.525 [org.springframework.amqp.rabbit.RabbitListenerEndpointContainer#2-1] INFO  com.eleicao.core.component.WebSocketCandidatoListener - Lista de candidatos enviada via WebSocket com sucesso
2025-05-19 14:15:05.599 [org.springframework.amqp.rabbit.RabbitListenerEndpointContainer#1-1] INFO  com.eleicao.core.service.VotoService - Voto salvo: Voto{, type='eleicao-gp2', object='lionel messi', valor=1, timestamp=2025-05-19T14:15:05.593867700}
2025-05-19 14:15:05.615 [org.springframework.amqp.rabbit.RabbitListenerEndpointContainer#1-1] INFO  com.eleicao.core.component.VotoListener - Voto processado e lista atualizada: VotoDTO{type='eleicao-gp2', object='49', valor=1, timestamp=2025-05-19T14:15:05.593867700}
2025-05-19 14:15:05.615 [org.springframework.amqp.rabbit.RabbitListenerEndpointContainer#2-1] INFO  com.eleicao.core.component.WebSocketCandidatoListener - Recebido lista de candidatos via RabbitMQ, enviando via WebSocket: 7 candidatos
2025-05-19 14:15:05.624 [org.springframework.amqp.rabbit.RabbitListenerEndpointContainer#2-1] INFO  com.eleicao.core.component.WebSocketCandidatoListener - Lista de candidatos enviada via WebSocket com sucesso
2025-05-19 14:15:05.701 [org.springframework.amqp.rabbit.RabbitListenerEndpointContainer#1-1] INFO  com.eleicao.core.service.VotoService - Voto salvo: Voto{, type='eleicao-gp2', object='lionel messi', valor=1, timestamp=2025-05-19T14:15:05.693586400}
2025-05-19 14:15:05.726 [org.springframework.amqp.rabbit.RabbitListenerEndpointContainer#1-1] INFO  com.eleicao.core.component.VotoListener - Voto processado e lista atualizada: VotoDTO{type='eleicao-gp2', object='49', valor=1, timestamp=2025-05-19T14:15:05.693586400}
2025-05-19 14:15:05.726 [org.springframework.amqp.rabbit.RabbitListenerEndpointContainer#2-1] INFO  com.eleicao.core.component.WebSocketCandidatoListener - Recebido lista de candidatos via RabbitMQ, enviando via WebSocket: 7 candidatos
2025-05-19 14:15:05.737 [org.springframework.amqp.rabbit.RabbitListenerEndpointContainer#2-1] INFO  com.eleicao.core.component.WebSocketCandidatoListener - Lista de candidatos enviada via WebSocket com sucesso
2025-05-19 14:15:05.802 [org.springframework.amqp.rabbit.RabbitListenerEndpointContainer#1-1] INFO  com.eleicao.core.service.VotoService - Voto salvo: Voto{, type='eleicao-gp2', object='lionel messi', valor=1, timestamp=2025-05-19T14:15:05.794786800}
2025-05-19 14:15:05.818 [org.springframework.amqp.rabbit.RabbitListenerEndpointContainer#1-1] INFO  com.eleicao.core.component.VotoListener - Voto processado e lista atualizada: VotoDTO{type='eleicao-gp2', object='49', valor=1, timestamp=2025-05-19T14:15:05.794786800}
2025-05-19 14:15:05.818 [org.springframework.amqp.rabbit.RabbitListenerEndpointContainer#2-1] INFO  com.eleicao.core.component.WebSocketCandidatoListener - Recebido lista de candidatos via RabbitMQ, enviando via WebSocket: 7 candidatos
2025-05-19 14:15:05.818 [org.springframework.amqp.rabbit.RabbitListenerEndpointContainer#2-1] INFO  com.eleicao.core.component.WebSocketCandidatoListener - Lista de candidatos enviada via WebSocket com sucesso
2025-05-19 14:15:05.900 [org.springframework.amqp.rabbit.RabbitListenerEndpointContainer#1-1] INFO  com.eleicao.core.service.VotoService - Voto salvo: Voto{, type='eleicao-gp2', object='lionel messi', valor=1, timestamp=2025-05-19T14:15:05.893388900}
2025-05-19 14:15:05.917 [org.springframework.amqp.rabbit.RabbitListenerEndpointContainer#1-1] INFO  com.eleicao.core.component.VotoListener - Voto processado e lista atualizada: VotoDTO{type='eleicao-gp2', object='49', valor=1, timestamp=2025-05-19T14:15:05.893388900}
2025-05-19 14:15:05.924 [org.springframework.amqp.rabbit.RabbitListenerEndpointContainer#2-1] INFO  com.eleicao.core.component.WebSocketCandidatoListener - Recebido lista de candidatos via RabbitMQ, enviando via WebSocket: 7 candidatos
2025-05-19 14:15:05.924 [org.springframework.amqp.rabbit.RabbitListenerEndpointContainer#2-1] INFO  com.eleicao.core.component.WebSocketCandidatoListener - Lista de candidatos enviada via WebSocket com sucesso
2025-05-19 14:15:06.006 [org.springframework.amqp.rabbit.RabbitListenerEndpointContainer#1-1] INFO  com.eleicao.core.service.VotoService - Voto salvo: Voto{, type='eleicao-gp2', object='lionel messi', valor=1, timestamp=2025-05-19T14:15:05.998551700}
2025-05-19 14:15:06.026 [org.springframework.amqp.rabbit.RabbitListenerEndpointContainer#1-1] INFO  com.eleicao.core.component.VotoListener - Voto processado e lista atualizada: VotoDTO{type='eleicao-gp2', object='49', valor=1, timestamp=2025-05-19T14:15:05.998551700}
2025-05-19 14:15:06.028 [org.springframework.amqp.rabbit.RabbitListenerEndpointContainer#2-1] INFO  com.eleicao.core.component.WebSocketCandidatoListener - Recebido lista de candidatos via RabbitMQ, enviando via WebSocket: 7 candidatos
2025-05-19 14:15:06.028 [org.springframework.amqp.rabbit.RabbitListenerEndpointContainer#2-1] INFO  com.eleicao.core.component.WebSocketCandidatoListener - Lista de candidatos enviada via WebSocket com sucesso
2025-05-19 14:15:06.092 [org.springframework.amqp.rabbit.RabbitListenerEndpointContainer#1-1] INFO  com.eleicao.core.service.VotoService - Voto salvo: Voto{, type='eleicao-gp2', object='lionel messi', valor=1, timestamp=2025-05-19T14:15:06.092269500}
2025-05-19 14:15:06.109 [org.springframework.amqp.rabbit.RabbitListenerEndpointContainer#1-1] INFO  com.eleicao.core.component.VotoListener - Voto processado e lista atualizada: VotoDTO{type='eleicao-gp2', object='49', valor=1, timestamp=2025-05-19T14:15:06.092269500}
2025-05-19 14:15:06.114 [org.springframework.amqp.rabbit.RabbitListenerEndpointContainer#2-1] INFO  com.eleicao.core.component.WebSocketCandidatoListener - Recebido lista de candidatos via RabbitMQ, enviando via WebSocket: 7 candidatos
2025-05-19 14:15:06.114 [org.springframework.amqp.rabbit.RabbitListenerEndpointContainer#2-1] INFO  com.eleicao.core.component.WebSocketCandidatoListener - Lista de candidatos enviada via WebSocket com sucesso
2025-05-19 14:15:06.201 [org.springframework.amqp.rabbit.RabbitListenerEndpointContainer#1-1] INFO  com.eleicao.core.service.VotoService - Voto salvo: Voto{, type='eleicao-gp2', object='lionel messi', valor=1, timestamp=2025-05-19T14:15:06.193005500}
2025-05-19 14:15:06.219 [org.springframework.amqp.rabbit.RabbitListenerEndpointContainer#1-1] INFO  com.eleicao.core.component.VotoListener - Voto processado e lista atualizada: VotoDTO{type='eleicao-gp2', object='49', valor=1, timestamp=2025-05-19T14:15:06.193005500}
2025-05-19 14:15:06.221 [org.springframework.amqp.rabbit.RabbitListenerEndpointContainer#2-1] INFO  com.eleicao.core.component.WebSocketCandidatoListener - Recebido lista de candidatos via RabbitMQ, enviando via WebSocket: 7 candidatos
2025-05-19 14:15:06.221 [org.springframework.amqp.rabbit.RabbitListenerEndpointContainer#2-1] INFO  com.eleicao.core.component.WebSocketCandidatoListener - Lista de candidatos enviada via WebSocket com sucesso
2025-05-19 14:15:06.300 [org.springframework.amqp.rabbit.RabbitListenerEndpointContainer#1-1] INFO  com.eleicao.core.service.VotoService - Voto salvo: Voto{, type='eleicao-gp2', object='lionel messi', valor=1, timestamp=2025-05-19T14:15:06.294123900}
2025-05-19 14:15:06.316 [org.springframework.amqp.rabbit.RabbitListenerEndpointContainer#1-1] INFO  com.eleicao.core.component.VotoListener - Voto processado e lista atualizada: VotoDTO{type='eleicao-gp2', object='49', valor=1, timestamp=2025-05-19T14:15:06.294123900}
2025-05-19 14:15:06.316 [org.springframework.amqp.rabbit.RabbitListenerEndpointContainer#2-1] INFO  com.eleicao.core.component.WebSocketCandidatoListener - Recebido lista de candidatos via RabbitMQ, enviando via WebSocket: 7 candidatos
2025-05-19 14:15:06.318 [org.springframework.amqp.rabbit.RabbitListenerEndpointContainer#2-1] INFO  com.eleicao.core.component.WebSocketCandidatoListener - Lista de candidatos enviada via WebSocket com sucesso
2025-05-19 14:15:06.399 [org.springframework.amqp.rabbit.RabbitListenerEndpointContainer#1-1] INFO  com.eleicao.core.service.VotoService - Voto salvo: Voto{, type='eleicao-gp2', object='lionel messi', valor=1, timestamp=2025-05-19T14:15:06.393439900}
2025-05-19 14:15:06.420 [org.springframework.amqp.rabbit.RabbitListenerEndpointContainer#1-1] INFO  com.eleicao.core.component.VotoListener - Voto processado e lista atualizada: VotoDTO{type='eleicao-gp2', object='49', valor=1, timestamp=2025-05-19T14:15:06.393439900}
2025-05-19 14:15:06.420 [org.springframework.amqp.rabbit.RabbitListenerEndpointContainer#2-1] INFO  com.eleicao.core.component.WebSocketCandidatoListener - Recebido lista de candidatos via RabbitMQ, enviando via WebSocket: 7 candidatos
2025-05-19 14:15:06.420 [org.springframework.amqp.rabbit.RabbitListenerEndpointContainer#2-1] INFO  com.eleicao.core.component.WebSocketCandidatoListener - Lista de candidatos enviada via WebSocket com sucesso
2025-05-19 14:15:06.500 [org.springframework.amqp.rabbit.RabbitListenerEndpointContainer#1-1] INFO  com.eleicao.core.service.VotoService - Voto salvo: Voto{, type='eleicao-gp2', object='lionel messi', valor=1, timestamp=2025-05-19T14:15:06.492811200}
2025-05-19 14:15:06.525 [org.springframework.amqp.rabbit.RabbitListenerEndpointContainer#1-1] INFO  com.eleicao.core.component.VotoListener - Voto processado e lista atualizada: VotoDTO{type='eleicao-gp2', object='49', valor=1, timestamp=2025-05-19T14:15:06.492811200}
2025-05-19 14:15:06.525 [org.springframework.amqp.rabbit.RabbitListenerEndpointContainer#2-1] INFO  com.eleicao.core.component.WebSocketCandidatoListener - Recebido lista de candidatos via RabbitMQ, enviando via WebSocket: 7 candidatos
2025-05-19 14:15:06.525 [org.springframework.amqp.rabbit.RabbitListenerEndpointContainer#2-1] INFO  com.eleicao.core.component.WebSocketCandidatoListener - Lista de candidatos enviada via WebSocket com sucesso
2025-05-19 14:15:06.595 [org.springframework.amqp.rabbit.RabbitListenerEndpointContainer#1-1] INFO  com.eleicao.core.service.VotoService - Voto salvo: Voto{, type='eleicao-gp2', object='lionel messi', valor=1, timestamp=2025-05-19T14:15:06.593048300}
2025-05-19 14:15:06.608 [org.springframework.amqp.rabbit.RabbitListenerEndpointContainer#1-1] INFO  com.eleicao.core.component.VotoListener - Voto processado e lista atualizada: VotoDTO{type='eleicao-gp2', object='49', valor=1, timestamp=2025-05-19T14:15:06.593048300}
2025-05-19 14:15:06.615 [org.springframework.amqp.rabbit.RabbitListenerEndpointContainer#2-1] INFO  com.eleicao.core.component.WebSocketCandidatoListener - Recebido lista de candidatos via RabbitMQ, enviando via WebSocket: 7 candidatos
2025-05-19 14:15:06.615 [org.springframework.amqp.rabbit.RabbitListenerEndpointContainer#2-1] INFO  com.eleicao.core.component.WebSocketCandidatoListener - Lista de candidatos enviada via WebSocket com sucesso
2025-05-19 14:15:06.698 [org.springframework.amqp.rabbit.RabbitListenerEndpointContainer#1-1] INFO  com.eleicao.core.service.VotoService - Voto salvo: Voto{, type='eleicao-gp2', object='lionel messi', valor=1, timestamp=2025-05-19T14:15:06.692804700}
2025-05-19 14:15:06.717 [org.springframework.amqp.rabbit.RabbitListenerEndpointContainer#1-1] INFO  com.eleicao.core.component.VotoListener - Voto processado e lista atualizada: VotoDTO{type='eleicao-gp2', object='49', valor=1, timestamp=2025-05-19T14:15:06.692804700}
2025-05-19 14:15:06.720 [org.springframework.amqp.rabbit.RabbitListenerEndpointContainer#2-1] INFO  com.eleicao.core.component.WebSocketCandidatoListener - Recebido lista de candidatos via RabbitMQ, enviando via WebSocket: 7 candidatos
2025-05-19 14:15:06.721 [org.springframework.amqp.rabbit.RabbitListenerEndpointContainer#2-1] INFO  com.eleicao.core.component.WebSocketCandidatoListener - Lista de candidatos enviada via WebSocket com sucesso
2025-05-19 14:15:06.796 [org.springframework.amqp.rabbit.RabbitListenerEndpointContainer#1-1] INFO  com.eleicao.core.service.VotoService - Voto salvo: Voto{, type='eleicao-gp2', object='lionel messi', valor=1, timestamp=2025-05-19T14:15:06.792812800}
2025-05-19 14:15:06.810 [org.springframework.amqp.rabbit.RabbitListenerEndpointContainer#1-1] INFO  com.eleicao.core.component.VotoListener - Voto processado e lista atualizada: VotoDTO{type='eleicao-gp2', object='49', valor=1, timestamp=2025-05-19T14:15:06.792812800}
2025-05-19 14:15:06.810 [org.springframework.amqp.rabbit.RabbitListenerEndpointContainer#2-1] INFO  com.eleicao.core.component.WebSocketCandidatoListener - Recebido lista de candidatos via RabbitMQ, enviando via WebSocket: 7 candidatos
2025-05-19 14:15:06.818 [org.springframework.amqp.rabbit.RabbitListenerEndpointContainer#2-1] INFO  com.eleicao.core.component.WebSocketCandidatoListener - Lista de candidatos enviada via WebSocket com sucesso
2025-05-19 14:15:06.900 [org.springframework.amqp.rabbit.RabbitListenerEndpointContainer#1-1] INFO  com.eleicao.core.service.VotoService - Voto salvo: Voto{, type='eleicao-gp2', object='lionel messi', valor=1, timestamp=2025-05-19T14:15:06.891945600}
2025-05-19 14:15:06.916 [org.springframework.amqp.rabbit.RabbitListenerEndpointContainer#1-1] INFO  com.eleicao.core.component.VotoListener - Voto processado e lista atualizada: VotoDTO{type='eleicao-gp2', object='49', valor=1, timestamp=2025-05-19T14:15:06.891945600}
2025-05-19 14:15:06.921 [org.springframework.amqp.rabbit.RabbitListenerEndpointContainer#2-1] INFO  com.eleicao.core.component.WebSocketCandidatoListener - Recebido lista de candidatos via RabbitMQ, enviando via WebSocket: 7 candidatos
2025-05-19 14:15:06.921 [org.springframework.amqp.rabbit.RabbitListenerEndpointContainer#2-1] INFO  com.eleicao.core.component.WebSocketCandidatoListener - Lista de candidatos enviada via WebSocket com sucesso
2025-05-19 14:15:07.000 [org.springframework.amqp.rabbit.RabbitListenerEndpointContainer#1-1] INFO  com.eleicao.core.service.VotoService - Voto salvo: Voto{, type='eleicao-gp2', object='lionel messi', valor=1, timestamp=2025-05-19T14:15:06.992561}
2025-05-19 14:15:07.025 [org.springframework.amqp.rabbit.RabbitListenerEndpointContainer#1-1] INFO  com.eleicao.core.component.VotoListener - Voto processado e lista atualizada: VotoDTO{type='eleicao-gp2', object='49', valor=1, timestamp=2025-05-19T14:15:06.992561}
2025-05-19 14:15:07.026 [org.springframework.amqp.rabbit.RabbitListenerEndpointContainer#2-1] INFO  com.eleicao.core.component.WebSocketCandidatoListener - Recebido lista de candidatos via RabbitMQ, enviando via WebSocket: 7 candidatos
2025-05-19 14:15:07.026 [org.springframework.amqp.rabbit.RabbitListenerEndpointContainer#2-1] INFO  com.eleicao.core.component.WebSocketCandidatoListener - Lista de candidatos enviada via WebSocket com sucesso
2025-05-19 14:15:07.097 [org.springframework.amqp.rabbit.RabbitListenerEndpointContainer#1-1] INFO  com.eleicao.core.service.VotoService - Voto salvo: Voto{, type='eleicao-gp2', object='lionel messi', valor=1, timestamp=2025-05-19T14:15:07.092708}
2025-05-19 14:15:07.111 [org.springframework.amqp.rabbit.RabbitListenerEndpointContainer#1-1] INFO  com.eleicao.core.component.VotoListener - Voto processado e lista atualizada: VotoDTO{type='eleicao-gp2', object='49', valor=1, timestamp=2025-05-19T14:15:07.092708}
2025-05-19 14:15:07.111 [org.springframework.amqp.rabbit.RabbitListenerEndpointContainer#2-1] INFO  com.eleicao.core.component.WebSocketCandidatoListener - Recebido lista de candidatos via RabbitMQ, enviando via WebSocket: 7 candidatos
2025-05-19 14:15:07.111 [org.springframework.amqp.rabbit.RabbitListenerEndpointContainer#2-1] INFO  com.eleicao.core.component.WebSocketCandidatoListener - Lista de candidatos enviada via WebSocket com sucesso
2025-05-19 14:15:07.201 [org.springframework.amqp.rabbit.RabbitListenerEndpointContainer#1-1] INFO  com.eleicao.core.service.VotoService - Voto salvo: Voto{, type='eleicao-gp2', object='lionel messi', valor=1, timestamp=2025-05-19T14:15:07.193826400}
2025-05-19 14:15:07.218 [org.springframework.amqp.rabbit.RabbitListenerEndpointContainer#1-1] INFO  com.eleicao.core.component.VotoListener - Voto processado e lista atualizada: VotoDTO{type='eleicao-gp2', object='49', valor=1, timestamp=2025-05-19T14:15:07.193826400}
2025-05-19 14:15:07.218 [org.springframework.amqp.rabbit.RabbitListenerEndpointContainer#2-1] INFO  com.eleicao.core.component.WebSocketCandidatoListener - Recebido lista de candidatos via RabbitMQ, enviando via WebSocket: 7 candidatos
2025-05-19 14:15:07.218 [org.springframework.amqp.rabbit.RabbitListenerEndpointContainer#2-1] INFO  com.eleicao.core.component.WebSocketCandidatoListener - Lista de candidatos enviada via WebSocket com sucesso
2025-05-19 14:15:07.299 [org.springframework.amqp.rabbit.RabbitListenerEndpointContainer#1-1] INFO  com.eleicao.core.service.VotoService - Voto salvo: Voto{, type='eleicao-gp2', object='lionel messi', valor=1, timestamp=2025-05-19T14:15:07.293535600}
2025-05-19 14:15:07.318 [org.springframework.amqp.rabbit.RabbitListenerEndpointContainer#1-1] INFO  com.eleicao.core.component.VotoListener - Voto processado e lista atualizada: VotoDTO{type='eleicao-gp2', object='49', valor=1, timestamp=2025-05-19T14:15:07.293535600}
2025-05-19 14:15:07.320 [org.springframework.amqp.rabbit.RabbitListenerEndpointContainer#2-1] INFO  com.eleicao.core.component.WebSocketCandidatoListener - Recebido lista de candidatos via RabbitMQ, enviando via WebSocket: 7 candidatos
2025-05-19 14:15:07.320 [org.springframework.amqp.rabbit.RabbitListenerEndpointContainer#2-1] INFO  com.eleicao.core.component.WebSocketCandidatoListener - Lista de candidatos enviada via WebSocket com sucesso
2025-05-19 14:15:07.395 [org.springframework.amqp.rabbit.RabbitListenerEndpointContainer#1-1] INFO  com.eleicao.core.service.VotoService - Voto salvo: Voto{, type='eleicao-gp2', object='lionel messi', valor=1, timestamp=2025-05-19T14:15:07.390520500}
2025-05-19 14:15:07.412 [org.springframework.amqp.rabbit.RabbitListenerEndpointContainer#1-1] INFO  com.eleicao.core.component.VotoListener - Voto processado e lista atualizada: VotoDTO{type='eleicao-gp2', object='49', valor=1, timestamp=2025-05-19T14:15:07.390520500}
2025-05-19 14:15:07.412 [org.springframework.amqp.rabbit.RabbitListenerEndpointContainer#2-1] INFO  com.eleicao.core.component.WebSocketCandidatoListener - Recebido lista de candidatos via RabbitMQ, enviando via WebSocket: 7 candidatos
2025-05-19 14:15:07.412 [org.springframework.amqp.rabbit.RabbitListenerEndpointContainer#2-1] INFO  com.eleicao.core.component.WebSocketCandidatoListener - Lista de candidatos enviada via WebSocket com sucesso
2025-05-19 14:15:07.499 [org.springframework.amqp.rabbit.RabbitListenerEndpointContainer#1-1] INFO  com.eleicao.core.service.VotoService - Voto salvo: Voto{, type='eleicao-gp2', object='lionel messi', valor=1, timestamp=2025-05-19T14:15:07.493420}
2025-05-19 14:15:07.512 [org.springframework.amqp.rabbit.RabbitListenerEndpointContainer#1-1] INFO  com.eleicao.core.component.VotoListener - Voto processado e lista atualizada: VotoDTO{type='eleicao-gp2', object='49', valor=1, timestamp=2025-05-19T14:15:07.493420}
2025-05-19 14:15:07.518 [org.springframework.amqp.rabbit.RabbitListenerEndpointContainer#2-1] INFO  com.eleicao.core.component.WebSocketCandidatoListener - Recebido lista de candidatos via RabbitMQ, enviando via WebSocket: 7 candidatos
2025-05-19 14:15:07.518 [org.springframework.amqp.rabbit.RabbitListenerEndpointContainer#2-1] INFO  com.eleicao.core.component.WebSocketCandidatoListener - Lista de candidatos enviada via WebSocket com sucesso
2025-05-19 14:15:07.592 [org.springframework.amqp.rabbit.RabbitListenerEndpointContainer#1-1] INFO  com.eleicao.core.service.VotoService - Voto salvo: Voto{, type='eleicao-gp2', object='lionel messi', valor=1, timestamp=2025-05-19T14:15:07.592554700}
2025-05-19 14:15:07.608 [org.springframework.amqp.rabbit.RabbitListenerEndpointContainer#1-1] INFO  com.eleicao.core.component.VotoListener - Voto processado e lista atualizada: VotoDTO{type='eleicao-gp2', object='49', valor=1, timestamp=2025-05-19T14:15:07.592554700}
2025-05-19 14:15:07.614 [org.springframework.amqp.rabbit.RabbitListenerEndpointContainer#2-1] INFO  com.eleicao.core.component.WebSocketCandidatoListener - Recebido lista de candidatos via RabbitMQ, enviando via WebSocket: 7 candidatos
2025-05-19 14:15:07.616 [org.springframework.amqp.rabbit.RabbitListenerEndpointContainer#2-1] INFO  com.eleicao.core.component.WebSocketCandidatoListener - Lista de candidatos enviada via WebSocket com sucesso
2025-05-19 14:15:07.699 [org.springframework.amqp.rabbit.RabbitListenerEndpointContainer#1-1] INFO  com.eleicao.core.service.VotoService - Voto salvo: Voto{, type='eleicao-gp2', object='lionel messi', valor=1, timestamp=2025-05-19T14:15:07.691454300}
2025-05-19 14:15:07.722 [org.springframework.amqp.rabbit.RabbitListenerEndpointContainer#1-1] INFO  com.eleicao.core.component.VotoListener - Voto processado e lista atualizada: VotoDTO{type='eleicao-gp2', object='49', valor=1, timestamp=2025-05-19T14:15:07.691454300}
2025-05-19 14:15:07.722 [org.springframework.amqp.rabbit.RabbitListenerEndpointContainer#2-1] INFO  com.eleicao.core.component.WebSocketCandidatoListener - Recebido lista de candidatos via RabbitMQ, enviando via WebSocket: 7 candidatos
2025-05-19 14:15:07.722 [org.springframework.amqp.rabbit.RabbitListenerEndpointContainer#2-1] INFO  com.eleicao.core.component.WebSocketCandidatoListener - Lista de candidatos enviada via WebSocket com sucesso
2025-05-19 14:15:07.798 [org.springframework.amqp.rabbit.RabbitListenerEndpointContainer#1-1] INFO  com.eleicao.core.service.VotoService - Voto salvo: Voto{, type='eleicao-gp2', object='lionel messi', valor=1, timestamp=2025-05-19T14:15:07.790845500}
2025-05-19 14:15:07.820 [org.springframework.amqp.rabbit.RabbitListenerEndpointContainer#1-1] INFO  com.eleicao.core.component.VotoListener - Voto processado e lista atualizada: VotoDTO{type='eleicao-gp2', object='49', valor=1, timestamp=2025-05-19T14:15:07.790845500}
2025-05-19 14:15:07.820 [org.springframework.amqp.rabbit.RabbitListenerEndpointContainer#2-1] INFO  com.eleicao.core.component.WebSocketCandidatoListener - Recebido lista de candidatos via RabbitMQ, enviando via WebSocket: 7 candidatos
2025-05-19 14:15:07.824 [org.springframework.amqp.rabbit.RabbitListenerEndpointContainer#2-1] INFO  com.eleicao.core.component.WebSocketCandidatoListener - Lista de candidatos enviada via WebSocket com sucesso
2025-05-19 14:15:07.892 [org.springframework.amqp.rabbit.RabbitListenerEndpointContainer#1-1] INFO  com.eleicao.core.service.VotoService - Voto salvo: Voto{, type='eleicao-gp2', object='lionel messi', valor=1, timestamp=2025-05-19T14:15:07.892360800}
2025-05-19 14:15:07.916 [org.springframework.amqp.rabbit.RabbitListenerEndpointContainer#1-1] INFO  com.eleicao.core.component.VotoListener - Voto processado e lista atualizada: VotoDTO{type='eleicao-gp2', object='49', valor=1, timestamp=2025-05-19T14:15:07.892360800}
2025-05-19 14:15:07.916 [org.springframework.amqp.rabbit.RabbitListenerEndpointContainer#2-1] INFO  com.eleicao.core.component.WebSocketCandidatoListener - Recebido lista de candidatos via RabbitMQ, enviando via WebSocket: 7 candidatos
2025-05-19 14:15:07.916 [org.springframework.amqp.rabbit.RabbitListenerEndpointContainer#2-1] INFO  com.eleicao.core.component.WebSocketCandidatoListener - Lista de candidatos enviada via WebSocket com sucesso
2025-05-19 14:15:07.997 [org.springframework.amqp.rabbit.RabbitListenerEndpointContainer#1-1] INFO  com.eleicao.core.service.VotoService - Voto salvo: Voto{, type='eleicao-gp2', object='lionel messi', valor=1, timestamp=2025-05-19T14:15:07.991761600}
2025-05-19 14:15:08.013 [org.springframework.amqp.rabbit.RabbitListenerEndpointContainer#1-1] INFO  com.eleicao.core.component.VotoListener - Voto processado e lista atualizada: VotoDTO{type='eleicao-gp2', object='49', valor=1, timestamp=2025-05-19T14:15:07.991761600}
2025-05-19 14:15:08.013 [org.springframework.amqp.rabbit.RabbitListenerEndpointContainer#2-1] INFO  com.eleicao.core.component.WebSocketCandidatoListener - Recebido lista de candidatos via RabbitMQ, enviando via WebSocket: 7 candidatos
2025-05-19 14:15:08.013 [org.springframework.amqp.rabbit.RabbitListenerEndpointContainer#2-1] INFO  com.eleicao.core.component.WebSocketCandidatoListener - Lista de candidatos enviada via WebSocket com sucesso
2025-05-19 14:15:08.095 [org.springframework.amqp.rabbit.RabbitListenerEndpointContainer#1-1] INFO  com.eleicao.core.service.VotoService - Voto salvo: Voto{, type='eleicao-gp2', object='lionel messi', valor=1, timestamp=2025-05-19T14:15:08.091584800}
2025-05-19 14:15:08.111 [org.springframework.amqp.rabbit.RabbitListenerEndpointContainer#1-1] INFO  com.eleicao.core.component.VotoListener - Voto processado e lista atualizada: VotoDTO{type='eleicao-gp2', object='49', valor=1, timestamp=2025-05-19T14:15:08.091584800}
2025-05-19 14:15:08.111 [org.springframework.amqp.rabbit.RabbitListenerEndpointContainer#2-1] INFO  com.eleicao.core.component.WebSocketCandidatoListener - Recebido lista de candidatos via RabbitMQ, enviando via WebSocket: 7 candidatos
2025-05-19 14:15:08.111 [org.springframework.amqp.rabbit.RabbitListenerEndpointContainer#2-1] INFO  com.eleicao.core.component.WebSocketCandidatoListener - Lista de candidatos enviada via WebSocket com sucesso
2025-05-19 14:15:08.195 [org.springframework.amqp.rabbit.RabbitListenerEndpointContainer#1-1] INFO  com.eleicao.core.service.VotoService - Voto salvo: Voto{, type='eleicao-gp2', object='lionel messi', valor=1, timestamp=2025-05-19T14:15:08.188247900}
2025-05-19 14:15:08.213 [org.springframework.amqp.rabbit.RabbitListenerEndpointContainer#1-1] INFO  com.eleicao.core.component.VotoListener - Voto processado e lista atualizada: VotoDTO{type='eleicao-gp2', object='49', valor=1, timestamp=2025-05-19T14:15:08.188247900}
2025-05-19 14:15:08.217 [org.springframework.amqp.rabbit.RabbitListenerEndpointContainer#2-1] INFO  com.eleicao.core.component.WebSocketCandidatoListener - Recebido lista de candidatos via RabbitMQ, enviando via WebSocket: 7 candidatos
2025-05-19 14:15:08.217 [org.springframework.amqp.rabbit.RabbitListenerEndpointContainer#2-1] INFO  com.eleicao.core.component.WebSocketCandidatoListener - Lista de candidatos enviada via WebSocket com sucesso
2025-05-19 14:15:08.291 [org.springframework.amqp.rabbit.RabbitListenerEndpointContainer#1-1] INFO  com.eleicao.core.service.VotoService - Voto salvo: Voto{, type='eleicao-gp2', object='lionel messi', valor=1, timestamp=2025-05-19T14:15:08.287085}
2025-05-19 14:15:08.308 [org.springframework.amqp.rabbit.RabbitListenerEndpointContainer#1-1] INFO  com.eleicao.core.component.VotoListener - Voto processado e lista atualizada: VotoDTO{type='eleicao-gp2', object='49', valor=1, timestamp=2025-05-19T14:15:08.287085}
2025-05-19 14:15:08.312 [org.springframework.amqp.rabbit.RabbitListenerEndpointContainer#2-1] INFO  com.eleicao.core.component.WebSocketCandidatoListener - Recebido lista de candidatos via RabbitMQ, enviando via WebSocket: 7 candidatos
2025-05-19 14:15:08.315 [org.springframework.amqp.rabbit.RabbitListenerEndpointContainer#2-1] INFO  com.eleicao.core.component.WebSocketCandidatoListener - Lista de candidatos enviada via WebSocket com sucesso
2025-05-19 14:15:08.396 [org.springframework.amqp.rabbit.RabbitListenerEndpointContainer#1-1] INFO  com.eleicao.core.service.VotoService - Voto salvo: Voto{, type='eleicao-gp2', object='lionel messi', valor=1, timestamp=2025-05-19T14:15:08.391133900}
2025-05-19 14:15:08.407 [org.springframework.amqp.rabbit.RabbitListenerEndpointContainer#1-1] INFO  com.eleicao.core.component.VotoListener - Voto processado e lista atualizada: VotoDTO{type='eleicao-gp2', object='49', valor=1, timestamp=2025-05-19T14:15:08.391133900}
2025-05-19 14:15:08.412 [org.springframework.amqp.rabbit.RabbitListenerEndpointContainer#2-1] INFO  com.eleicao.core.component.WebSocketCandidatoListener - Recebido lista de candidatos via RabbitMQ, enviando via WebSocket: 7 candidatos
2025-05-19 14:15:08.412 [org.springframework.amqp.rabbit.RabbitListenerEndpointContainer#2-1] INFO  com.eleicao.core.component.WebSocketCandidatoListener - Lista de candidatos enviada via WebSocket com sucesso
2025-05-19 14:15:08.497 [org.springframework.amqp.rabbit.RabbitListenerEndpointContainer#1-1] INFO  com.eleicao.core.service.VotoService - Voto salvo: Voto{, type='eleicao-gp2', object='lionel messi', valor=1, timestamp=2025-05-19T14:15:08.491136600}
2025-05-19 14:15:08.509 [org.springframework.amqp.rabbit.RabbitListenerEndpointContainer#1-1] INFO  com.eleicao.core.component.VotoListener - Voto processado e lista atualizada: VotoDTO{type='eleicao-gp2', object='49', valor=1, timestamp=2025-05-19T14:15:08.491136600}
2025-05-19 14:15:08.514 [org.springframework.amqp.rabbit.RabbitListenerEndpointContainer#2-1] INFO  com.eleicao.core.component.WebSocketCandidatoListener - Recebido lista de candidatos via RabbitMQ, enviando via WebSocket: 7 candidatos
2025-05-19 14:15:08.514 [org.springframework.amqp.rabbit.RabbitListenerEndpointContainer#2-1] INFO  com.eleicao.core.component.WebSocketCandidatoListener - Lista de candidatos enviada via WebSocket com sucesso
2025-05-19 14:15:08.593 [org.springframework.amqp.rabbit.RabbitListenerEndpointContainer#1-1] INFO  com.eleicao.core.service.VotoService - Voto salvo: Voto{, type='eleicao-gp2', object='lionel messi', valor=1, timestamp=2025-05-19T14:15:08.585699800}
2025-05-19 14:15:08.612 [org.springframework.amqp.rabbit.RabbitListenerEndpointContainer#1-1] INFO  com.eleicao.core.component.VotoListener - Voto processado e lista atualizada: VotoDTO{type='eleicao-gp2', object='49', valor=1, timestamp=2025-05-19T14:15:08.585699800}
2025-05-19 14:15:08.613 [org.springframework.amqp.rabbit.RabbitListenerEndpointContainer#2-1] INFO  com.eleicao.core.component.WebSocketCandidatoListener - Recebido lista de candidatos via RabbitMQ, enviando via WebSocket: 7 candidatos
2025-05-19 14:15:08.613 [org.springframework.amqp.rabbit.RabbitListenerEndpointContainer#2-1] INFO  com.eleicao.core.component.WebSocketCandidatoListener - Lista de candidatos enviada via WebSocket com sucesso
2025-05-19 14:15:08.693 [org.springframework.amqp.rabbit.RabbitListenerEndpointContainer#1-1] INFO  com.eleicao.core.service.VotoService - Voto salvo: Voto{, type='eleicao-gp2', object='lionel messi', valor=1, timestamp=2025-05-19T14:15:08.690129}
2025-05-19 14:15:08.717 [org.springframework.amqp.rabbit.RabbitListenerEndpointContainer#1-1] INFO  com.eleicao.core.component.VotoListener - Voto processado e lista atualizada: VotoDTO{type='eleicao-gp2', object='49', valor=1, timestamp=2025-05-19T14:15:08.690129}
2025-05-19 14:15:08.719 [org.springframework.amqp.rabbit.RabbitListenerEndpointContainer#2-1] INFO  com.eleicao.core.component.WebSocketCandidatoListener - Recebido lista de candidatos via RabbitMQ, enviando via WebSocket: 7 candidatos
2025-05-19 14:15:08.720 [org.springframework.amqp.rabbit.RabbitListenerEndpointContainer#2-1] INFO  com.eleicao.core.component.WebSocketCandidatoListener - Lista de candidatos enviada via WebSocket com sucesso
2025-05-19 14:15:08.790 [org.springframework.amqp.rabbit.RabbitListenerEndpointContainer#1-1] INFO  com.eleicao.core.service.VotoService - Voto salvo: Voto{, type='eleicao-gp2', object='lionel messi', valor=1, timestamp=2025-05-19T14:15:08.790268800}
2025-05-19 14:15:08.806 [org.springframework.amqp.rabbit.RabbitListenerEndpointContainer#1-1] INFO  com.eleicao.core.component.VotoListener - Voto processado e lista atualizada: VotoDTO{type='eleicao-gp2', object='49', valor=1, timestamp=2025-05-19T14:15:08.790268800}
2025-05-19 14:15:08.806 [org.springframework.amqp.rabbit.RabbitListenerEndpointContainer#2-1] INFO  com.eleicao.core.component.WebSocketCandidatoListener - Recebido lista de candidatos via RabbitMQ, enviando via WebSocket: 7 candidatos
2025-05-19 14:15:08.813 [org.springframework.amqp.rabbit.RabbitListenerEndpointContainer#2-1] INFO  com.eleicao.core.component.WebSocketCandidatoListener - Lista de candidatos enviada via WebSocket com sucesso
2025-05-19 14:15:08.897 [org.springframework.amqp.rabbit.RabbitListenerEndpointContainer#1-1] INFO  com.eleicao.core.service.VotoService - Voto salvo: Voto{, type='eleicao-gp2', object='lionel messi', valor=1, timestamp=2025-05-19T14:15:08.890839200}
2025-05-19 14:15:08.940 [org.springframework.amqp.rabbit.RabbitListenerEndpointContainer#1-1] INFO  com.eleicao.core.component.VotoListener - Voto processado e lista atualizada: VotoDTO{type='eleicao-gp2', object='49', valor=1, timestamp=2025-05-19T14:15:08.890839200}
2025-05-19 14:15:08.944 [org.springframework.amqp.rabbit.RabbitListenerEndpointContainer#2-1] INFO  com.eleicao.core.component.WebSocketCandidatoListener - Recebido lista de candidatos via RabbitMQ, enviando via WebSocket: 7 candidatos
2025-05-19 14:15:08.944 [org.springframework.amqp.rabbit.RabbitListenerEndpointContainer#2-1] INFO  com.eleicao.core.component.WebSocketCandidatoListener - Lista de candidatos enviada via WebSocket com sucesso
2025-05-19 14:15:08.991 [org.springframework.amqp.rabbit.RabbitListenerEndpointContainer#1-1] INFO  com.eleicao.core.service.VotoService - Voto salvo: Voto{, type='eleicao-gp2', object='lionel messi', valor=1, timestamp=2025-05-19T14:15:08.991319500}
2025-05-19 14:15:09.012 [org.springframework.amqp.rabbit.RabbitListenerEndpointContainer#1-1] INFO  com.eleicao.core.component.VotoListener - Voto processado e lista atualizada: VotoDTO{type='eleicao-gp2', object='49', valor=1, timestamp=2025-05-19T14:15:08.991319500}
2025-05-19 14:15:09.014 [org.springframework.amqp.rabbit.RabbitListenerEndpointContainer#2-1] INFO  com.eleicao.core.component.WebSocketCandidatoListener - Recebido lista de candidatos via RabbitMQ, enviando via WebSocket: 7 candidatos
2025-05-19 14:15:09.014 [org.springframework.amqp.rabbit.RabbitListenerEndpointContainer#2-1] INFO  com.eleicao.core.component.WebSocketCandidatoListener - Lista de candidatos enviada via WebSocket com sucesso
2025-05-19 14:15:09.090 [org.springframework.amqp.rabbit.RabbitListenerEndpointContainer#1-1] INFO  com.eleicao.core.service.VotoService - Voto salvo: Voto{, type='eleicao-gp2', object='lionel messi', valor=1, timestamp=2025-05-19T14:15:09.090249400}
2025-05-19 14:15:09.106 [org.springframework.amqp.rabbit.RabbitListenerEndpointContainer#1-1] INFO  com.eleicao.core.component.VotoListener - Voto processado e lista atualizada: VotoDTO{type='eleicao-gp2', object='49', valor=1, timestamp=2025-05-19T14:15:09.090249400}
2025-05-19 14:15:09.106 [org.springframework.amqp.rabbit.RabbitListenerEndpointContainer#2-1] INFO  com.eleicao.core.component.WebSocketCandidatoListener - Recebido lista de candidatos via RabbitMQ, enviando via WebSocket: 7 candidatos
2025-05-19 14:15:09.106 [org.springframework.amqp.rabbit.RabbitListenerEndpointContainer#2-1] INFO  com.eleicao.core.component.WebSocketCandidatoListener - Lista de candidatos enviada via WebSocket com sucesso
2025-05-19 14:15:09.197 [org.springframework.amqp.rabbit.RabbitListenerEndpointContainer#1-1] INFO  com.eleicao.core.service.VotoService - Voto salvo: Voto{, type='eleicao-gp2', object='lionel messi', valor=1, timestamp=2025-05-19T14:15:09.190788300}
2025-05-19 14:15:09.210 [org.springframework.amqp.rabbit.RabbitListenerEndpointContainer#1-1] INFO  com.eleicao.core.component.VotoListener - Voto processado e lista atualizada: VotoDTO{type='eleicao-gp2', object='49', valor=1, timestamp=2025-05-19T14:15:09.190788300}
2025-05-19 14:15:09.210 [org.springframework.amqp.rabbit.RabbitListenerEndpointContainer#2-1] INFO  com.eleicao.core.component.WebSocketCandidatoListener - Recebido lista de candidatos via RabbitMQ, enviando via WebSocket: 7 candidatos
2025-05-19 14:15:09.218 [org.springframework.amqp.rabbit.RabbitListenerEndpointContainer#2-1] INFO  com.eleicao.core.component.WebSocketCandidatoListener - Lista de candidatos enviada via WebSocket com sucesso
2025-05-19 14:15:09.291 [org.springframework.amqp.rabbit.RabbitListenerEndpointContainer#1-1] INFO  com.eleicao.core.service.VotoService - Voto salvo: Voto{, type='eleicao-gp2', object='lionel messi', valor=1, timestamp=2025-05-19T14:15:09.291200}
2025-05-19 14:15:09.315 [org.springframework.amqp.rabbit.RabbitListenerEndpointContainer#1-1] INFO  com.eleicao.core.component.VotoListener - Voto processado e lista atualizada: VotoDTO{type='eleicao-gp2', object='49', valor=1, timestamp=2025-05-19T14:15:09.291200}
2025-05-19 14:15:09.315 [org.springframework.amqp.rabbit.RabbitListenerEndpointContainer#2-1] INFO  com.eleicao.core.component.WebSocketCandidatoListener - Recebido lista de candidatos via RabbitMQ, enviando via WebSocket: 7 candidatos
2025-05-19 14:15:09.315 [org.springframework.amqp.rabbit.RabbitListenerEndpointContainer#2-1] INFO  com.eleicao.core.component.WebSocketCandidatoListener - Lista de candidatos enviada via WebSocket com sucesso
2025-05-19 14:15:09.400 [org.springframework.amqp.rabbit.RabbitListenerEndpointContainer#1-1] INFO  com.eleicao.core.service.VotoService - Voto salvo: Voto{, type='eleicao-gp2', object='lionel messi', valor=1, timestamp=2025-05-19T14:15:09.390970100}
2025-05-19 14:15:09.425 [org.springframework.amqp.rabbit.RabbitListenerEndpointContainer#1-1] INFO  com.eleicao.core.component.VotoListener - Voto processado e lista atualizada: VotoDTO{type='eleicao-gp2', object='49', valor=1, timestamp=2025-05-19T14:15:09.390970100}
2025-05-19 14:15:09.425 [org.springframework.amqp.rabbit.RabbitListenerEndpointContainer#2-1] INFO  com.eleicao.core.component.WebSocketCandidatoListener - Recebido lista de candidatos via RabbitMQ, enviando via WebSocket: 7 candidatos
2025-05-19 14:15:09.425 [org.springframework.amqp.rabbit.RabbitListenerEndpointContainer#2-1] INFO  com.eleicao.core.component.WebSocketCandidatoListener - Lista de candidatos enviada via WebSocket com sucesso
2025-05-19 14:15:09.495 [org.springframework.amqp.rabbit.RabbitListenerEndpointContainer#1-1] INFO  com.eleicao.core.service.VotoService - Voto salvo: Voto{, type='eleicao-gp2', object='lionel messi', valor=1, timestamp=2025-05-19T14:15:09.489947}
2025-05-19 14:15:09.512 [org.springframework.amqp.rabbit.RabbitListenerEndpointContainer#1-1] INFO  com.eleicao.core.component.VotoListener - Voto processado e lista atualizada: VotoDTO{type='eleicao-gp2', object='49', valor=1, timestamp=2025-05-19T14:15:09.489947}
2025-05-19 14:15:09.517 [org.springframework.amqp.rabbit.RabbitListenerEndpointContainer#2-1] INFO  com.eleicao.core.component.WebSocketCandidatoListener - Recebido lista de candidatos via RabbitMQ, enviando via WebSocket: 7 candidatos
2025-05-19 14:15:09.517 [org.springframework.amqp.rabbit.RabbitListenerEndpointContainer#2-1] INFO  com.eleicao.core.component.WebSocketCandidatoListener - Lista de candidatos enviada via WebSocket com sucesso
2025-05-19 14:15:09.591 [org.springframework.amqp.rabbit.RabbitListenerEndpointContainer#1-1] INFO  com.eleicao.core.service.VotoService - Voto salvo: Voto{, type='eleicao-gp2', object='lionel messi', valor=1, timestamp=2025-05-19T14:15:09.591290800}
2025-05-19 14:15:09.616 [org.springframework.amqp.rabbit.RabbitListenerEndpointContainer#1-1] INFO  com.eleicao.core.component.VotoListener - Voto processado e lista atualizada: VotoDTO{type='eleicao-gp2', object='49', valor=1, timestamp=2025-05-19T14:15:09.591290800}
2025-05-19 14:15:09.616 [org.springframework.amqp.rabbit.RabbitListenerEndpointContainer#2-1] INFO  com.eleicao.core.component.WebSocketCandidatoListener - Recebido lista de candidatos via RabbitMQ, enviando via WebSocket: 7 candidatos
2025-05-19 14:15:09.616 [org.springframework.amqp.rabbit.RabbitListenerEndpointContainer#2-1] INFO  com.eleicao.core.component.WebSocketCandidatoListener - Lista de candidatos enviada via WebSocket com sucesso
2025-05-19 14:15:09.690 [org.springframework.amqp.rabbit.RabbitListenerEndpointContainer#1-1] INFO  com.eleicao.core.service.VotoService - Voto salvo: Voto{, type='eleicao-gp2', object='lionel messi', valor=1, timestamp=2025-05-19T14:15:09.687510700}
2025-05-19 14:15:09.713 [org.springframework.amqp.rabbit.RabbitListenerEndpointContainer#1-1] INFO  com.eleicao.core.component.VotoListener - Voto processado e lista atualizada: VotoDTO{type='eleicao-gp2', object='49', valor=1, timestamp=2025-05-19T14:15:09.687510700}
2025-05-19 14:15:09.716 [org.springframework.amqp.rabbit.RabbitListenerEndpointContainer#2-1] INFO  com.eleicao.core.component.WebSocketCandidatoListener - Recebido lista de candidatos via RabbitMQ, enviando via WebSocket: 7 candidatos
2025-05-19 14:15:09.717 [org.springframework.amqp.rabbit.RabbitListenerEndpointContainer#2-1] INFO  com.eleicao.core.component.WebSocketCandidatoListener - Lista de candidatos enviada via WebSocket com sucesso
2025-05-19 14:15:09.793 [org.springframework.amqp.rabbit.RabbitListenerEndpointContainer#1-1] INFO  com.eleicao.core.service.VotoService - Voto salvo: Voto{, type='eleicao-gp2', object='lionel messi', valor=1, timestamp=2025-05-19T14:15:09.789386500}
2025-05-19 14:15:09.806 [org.springframework.amqp.rabbit.RabbitListenerEndpointContainer#1-1] INFO  com.eleicao.core.component.VotoListener - Voto processado e lista atualizada: VotoDTO{type='eleicao-gp2', object='49', valor=1, timestamp=2025-05-19T14:15:09.789386500}
2025-05-19 14:15:09.806 [org.springframework.amqp.rabbit.RabbitListenerEndpointContainer#2-1] INFO  com.eleicao.core.component.WebSocketCandidatoListener - Recebido lista de candidatos via RabbitMQ, enviando via WebSocket: 7 candidatos
2025-05-19 14:15:09.817 [org.springframework.amqp.rabbit.RabbitListenerEndpointContainer#2-1] INFO  com.eleicao.core.component.WebSocketCandidatoListener - Lista de candidatos enviada via WebSocket com sucesso
2025-05-19 14:15:09.897 [org.springframework.amqp.rabbit.RabbitListenerEndpointContainer#1-1] INFO  com.eleicao.core.service.VotoService - Voto salvo: Voto{, type='eleicao-gp2', object='lionel messi', valor=1, timestamp=2025-05-19T14:15:09.889531900}
2025-05-19 14:15:09.905 [org.springframework.amqp.rabbit.RabbitListenerEndpointContainer#1-1] INFO  com.eleicao.core.component.VotoListener - Voto processado e lista atualizada: VotoDTO{type='eleicao-gp2', object='49', valor=1, timestamp=2025-05-19T14:15:09.889531900}
2025-05-19 14:15:09.921 [org.springframework.amqp.rabbit.RabbitListenerEndpointContainer#2-1] INFO  com.eleicao.core.component.WebSocketCandidatoListener - Recebido lista de candidatos via RabbitMQ, enviando via WebSocket: 7 candidatos
2025-05-19 14:15:09.921 [org.springframework.amqp.rabbit.RabbitListenerEndpointContainer#2-1] INFO  com.eleicao.core.component.WebSocketCandidatoListener - Lista de candidatos enviada via WebSocket com sucesso
2025-05-19 14:15:10.000 [org.springframework.amqp.rabbit.RabbitListenerEndpointContainer#1-1] INFO  com.eleicao.core.service.VotoService - Voto salvo: Voto{, type='eleicao-gp2', object='lionel messi', valor=1, timestamp=2025-05-19T14:15:09.993152500}
2025-05-19 14:15:10.044 [org.springframework.amqp.rabbit.RabbitListenerEndpointContainer#1-1] INFO  com.eleicao.core.component.VotoListener - Voto processado e lista atualizada: VotoDTO{type='eleicao-gp2', object='49', valor=1, timestamp=2025-05-19T14:15:09.993152500}
2025-05-19 14:15:10.044 [org.springframework.amqp.rabbit.RabbitListenerEndpointContainer#2-1] INFO  com.eleicao.core.component.WebSocketCandidatoListener - Recebido lista de candidatos via RabbitMQ, enviando via WebSocket: 7 candidatos
2025-05-19 14:15:10.044 [org.springframework.amqp.rabbit.RabbitListenerEndpointContainer#2-1] INFO  com.eleicao.core.component.WebSocketCandidatoListener - Lista de candidatos enviada via WebSocket com sucesso
2025-05-19 14:15:10.095 [org.springframework.amqp.rabbit.RabbitListenerEndpointContainer#1-1] INFO  com.eleicao.core.service.VotoService - Voto salvo: Voto{, type='eleicao-gp2', object='lionel messi', valor=1, timestamp=2025-05-19T14:15:10.088875300}
2025-05-19 14:15:10.106 [org.springframework.amqp.rabbit.RabbitListenerEndpointContainer#1-1] INFO  com.eleicao.core.component.VotoListener - Voto processado e lista atualizada: VotoDTO{type='eleicao-gp2', object='49', valor=1, timestamp=2025-05-19T14:15:10.088875300}
2025-05-19 14:15:10.117 [org.springframework.amqp.rabbit.RabbitListenerEndpointContainer#2-1] INFO  com.eleicao.core.component.WebSocketCandidatoListener - Recebido lista de candidatos via RabbitMQ, enviando via WebSocket: 7 candidatos
2025-05-19 14:15:10.117 [org.springframework.amqp.rabbit.RabbitListenerEndpointContainer#2-1] INFO  com.eleicao.core.component.WebSocketCandidatoListener - Lista de candidatos enviada via WebSocket com sucesso
2025-05-19 14:15:10.191 [org.springframework.amqp.rabbit.RabbitListenerEndpointContainer#1-1] INFO  com.eleicao.core.service.VotoService - Voto salvo: Voto{, type='eleicao-gp2', object='lionel messi', valor=1, timestamp=2025-05-19T14:15:10.185518900}
2025-05-19 14:15:10.205 [org.springframework.amqp.rabbit.RabbitListenerEndpointContainer#1-1] INFO  com.eleicao.core.component.VotoListener - Voto processado e lista atualizada: VotoDTO{type='eleicao-gp2', object='49', valor=1, timestamp=2025-05-19T14:15:10.185518900}
2025-05-19 14:15:10.215 [org.springframework.amqp.rabbit.RabbitListenerEndpointContainer#2-1] INFO  com.eleicao.core.component.WebSocketCandidatoListener - Recebido lista de candidatos via RabbitMQ, enviando via WebSocket: 7 candidatos
2025-05-19 14:15:10.217 [org.springframework.amqp.rabbit.RabbitListenerEndpointContainer#2-1] INFO  com.eleicao.core.component.WebSocketCandidatoListener - Lista de candidatos enviada via WebSocket com sucesso
2025-05-19 14:15:10.291 [org.springframework.amqp.rabbit.RabbitListenerEndpointContainer#1-1] INFO  com.eleicao.core.service.VotoService - Voto salvo: Voto{, type='eleicao-gp2', object='lionel messi', valor=1, timestamp=2025-05-19T14:15:10.279693800}
2025-05-19 14:15:10.319 [org.springframework.amqp.rabbit.RabbitListenerEndpointContainer#1-1] INFO  com.eleicao.core.component.VotoListener - Voto processado e lista atualizada: VotoDTO{type='eleicao-gp2', object='49', valor=1, timestamp=2025-05-19T14:15:10.279693800}
2025-05-19 14:15:10.324 [org.springframework.amqp.rabbit.RabbitListenerEndpointContainer#2-1] INFO  com.eleicao.core.component.WebSocketCandidatoListener - Recebido lista de candidatos via RabbitMQ, enviando via WebSocket: 7 candidatos
2025-05-19 14:15:10.324 [org.springframework.amqp.rabbit.RabbitListenerEndpointContainer#2-1] INFO  com.eleicao.core.component.WebSocketCandidatoListener - Lista de candidatos enviada via WebSocket com sucesso
2025-05-19 14:15:10.392 [org.springframework.amqp.rabbit.RabbitListenerEndpointContainer#1-1] INFO  com.eleicao.core.service.VotoService - Voto salvo: Voto{, type='eleicao-gp2', object='lionel messi', valor=1, timestamp=2025-05-19T14:15:10.384567700}
2025-05-19 14:15:10.417 [org.springframework.amqp.rabbit.RabbitListenerEndpointContainer#1-1] INFO  com.eleicao.core.component.VotoListener - Voto processado e lista atualizada: VotoDTO{type='eleicao-gp2', object='49', valor=1, timestamp=2025-05-19T14:15:10.384567700}
2025-05-19 14:15:10.417 [org.springframework.amqp.rabbit.RabbitListenerEndpointContainer#2-1] INFO  com.eleicao.core.component.WebSocketCandidatoListener - Recebido lista de candidatos via RabbitMQ, enviando via WebSocket: 7 candidatos
2025-05-19 14:15:10.417 [org.springframework.amqp.rabbit.RabbitListenerEndpointContainer#2-1] INFO  com.eleicao.core.component.WebSocketCandidatoListener - Lista de candidatos enviada via WebSocket com sucesso
2025-05-19 14:15:10.488 [org.springframework.amqp.rabbit.RabbitListenerEndpointContainer#1-1] INFO  com.eleicao.core.service.VotoService - Voto salvo: Voto{, type='eleicao-gp2', object='lionel messi', valor=1, timestamp=2025-05-19T14:15:10.480531900}
2025-05-19 14:15:10.509 [org.springframework.amqp.rabbit.RabbitListenerEndpointContainer#1-1] INFO  com.eleicao.core.component.VotoListener - Voto processado e lista atualizada: VotoDTO{type='eleicao-gp2', object='49', valor=1, timestamp=2025-05-19T14:15:10.480531900}
2025-05-19 14:15:10.509 [org.springframework.amqp.rabbit.RabbitListenerEndpointContainer#2-1] INFO  com.eleicao.core.component.WebSocketCandidatoListener - Recebido lista de candidatos via RabbitMQ, enviando via WebSocket: 7 candidatos
2025-05-19 14:15:10.509 [org.springframework.amqp.rabbit.RabbitListenerEndpointContainer#2-1] INFO  com.eleicao.core.component.WebSocketCandidatoListener - Lista de candidatos enviada via WebSocket com sucesso
2025-05-19 14:15:10.588 [org.springframework.amqp.rabbit.RabbitListenerEndpointContainer#1-1] INFO  com.eleicao.core.service.VotoService - Voto salvo: Voto{, type='eleicao-gp2', object='lionel messi', valor=1, timestamp=2025-05-19T14:15:10.577930200}
2025-05-19 14:15:10.605 [org.springframework.amqp.rabbit.RabbitListenerEndpointContainer#1-1] INFO  com.eleicao.core.component.VotoListener - Voto processado e lista atualizada: VotoDTO{type='eleicao-gp2', object='49', valor=1, timestamp=2025-05-19T14:15:10.577930200}
2025-05-19 14:15:10.605 [org.springframework.amqp.rabbit.RabbitListenerEndpointContainer#2-1] INFO  com.eleicao.core.component.WebSocketCandidatoListener - Recebido lista de candidatos via RabbitMQ, enviando via WebSocket: 7 candidatos
2025-05-19 14:15:10.605 [org.springframework.amqp.rabbit.RabbitListenerEndpointContainer#2-1] INFO  com.eleicao.core.component.WebSocketCandidatoListener - Lista de candidatos enviada via WebSocket com sucesso
2025-05-19 14:15:10.688 [org.springframework.amqp.rabbit.RabbitListenerEndpointContainer#1-1] INFO  com.eleicao.core.service.VotoService - Voto salvo: Voto{, type='eleicao-gp2', object='lionel messi', valor=1, timestamp=2025-05-19T14:15:10.683639900}
2025-05-19 14:15:10.705 [org.springframework.amqp.rabbit.RabbitListenerEndpointContainer#1-1] INFO  com.eleicao.core.component.VotoListener - Voto processado e lista atualizada: VotoDTO{type='eleicao-gp2', object='49', valor=1, timestamp=2025-05-19T14:15:10.683639900}
2025-05-19 14:15:10.705 [org.springframework.amqp.rabbit.RabbitListenerEndpointContainer#2-1] INFO  com.eleicao.core.component.WebSocketCandidatoListener - Recebido lista de candidatos via RabbitMQ, enviando via WebSocket: 7 candidatos
2025-05-19 14:15:10.705 [org.springframework.amqp.rabbit.RabbitListenerEndpointContainer#2-1] INFO  com.eleicao.core.component.WebSocketCandidatoListener - Lista de candidatos enviada via WebSocket com sucesso
2025-05-19 14:15:10.793 [org.springframework.amqp.rabbit.RabbitListenerEndpointContainer#1-1] INFO  com.eleicao.core.service.VotoService - Voto salvo: Voto{, type='eleicao-gp2', object='lionel messi', valor=1, timestamp=2025-05-19T14:15:10.786642200}
2025-05-19 14:15:10.804 [org.springframework.amqp.rabbit.RabbitListenerEndpointContainer#1-1] INFO  com.eleicao.core.component.VotoListener - Voto processado e lista atualizada: VotoDTO{type='eleicao-gp2', object='49', valor=1, timestamp=2025-05-19T14:15:10.786642200}
2025-05-19 14:15:10.813 [org.springframework.amqp.rabbit.RabbitListenerEndpointContainer#2-1] INFO  com.eleicao.core.component.WebSocketCandidatoListener - Recebido lista de candidatos via RabbitMQ, enviando via WebSocket: 7 candidatos
2025-05-19 14:15:10.813 [org.springframework.amqp.rabbit.RabbitListenerEndpointContainer#2-1] INFO  com.eleicao.core.component.WebSocketCandidatoListener - Lista de candidatos enviada via WebSocket com sucesso
2025-05-19 14:15:10.895 [org.springframework.amqp.rabbit.RabbitListenerEndpointContainer#1-1] INFO  com.eleicao.core.service.VotoService - Voto salvo: Voto{, type='eleicao-gp2', object='lionel messi', valor=1, timestamp=2025-05-19T14:15:10.889434}
2025-05-19 14:15:10.905 [org.springframework.amqp.rabbit.RabbitListenerEndpointContainer#1-1] INFO  com.eleicao.core.component.VotoListener - Voto processado e lista atualizada: VotoDTO{type='eleicao-gp2', object='49', valor=1, timestamp=2025-05-19T14:15:10.889434}
2025-05-19 14:15:10.905 [org.springframework.amqp.rabbit.RabbitListenerEndpointContainer#2-1] INFO  com.eleicao.core.component.WebSocketCandidatoListener - Recebido lista de candidatos via RabbitMQ, enviando via WebSocket: 7 candidatos
2025-05-19 14:15:10.905 [org.springframework.amqp.rabbit.RabbitListenerEndpointContainer#2-1] INFO  com.eleicao.core.component.WebSocketCandidatoListener - Lista de candidatos enviada via WebSocket com sucesso
2025-05-19 14:15:10.994 [org.springframework.amqp.rabbit.RabbitListenerEndpointContainer#1-1] INFO  com.eleicao.core.service.VotoService - Voto salvo: Voto{, type='eleicao-gp2', object='lionel messi', valor=1, timestamp=2025-05-19T14:15:10.988243700}
2025-05-19 14:15:11.005 [org.springframework.amqp.rabbit.RabbitListenerEndpointContainer#1-1] INFO  com.eleicao.core.component.VotoListener - Voto processado e lista atualizada: VotoDTO{type='eleicao-gp2', object='49', valor=1, timestamp=2025-05-19T14:15:10.988243700}
2025-05-19 14:15:11.005 [org.springframework.amqp.rabbit.RabbitListenerEndpointContainer#2-1] INFO  com.eleicao.core.component.WebSocketCandidatoListener - Recebido lista de candidatos via RabbitMQ, enviando via WebSocket: 7 candidatos
2025-05-19 14:15:11.005 [org.springframework.amqp.rabbit.RabbitListenerEndpointContainer#2-1] INFO  com.eleicao.core.component.WebSocketCandidatoListener - Lista de candidatos enviada via WebSocket com sucesso
2025-05-19 14:15:11.092 [org.springframework.amqp.rabbit.RabbitListenerEndpointContainer#1-1] INFO  com.eleicao.core.service.VotoService - Voto salvo: Voto{, type='eleicao-gp2', object='lionel messi', valor=1, timestamp=2025-05-19T14:15:11.083695700}
2025-05-19 14:15:11.104 [org.springframework.amqp.rabbit.RabbitListenerEndpointContainer#1-1] INFO  com.eleicao.core.component.VotoListener - Voto processado e lista atualizada: VotoDTO{type='eleicao-gp2', object='49', valor=1, timestamp=2025-05-19T14:15:11.083695700}
2025-05-19 14:15:11.104 [org.springframework.amqp.rabbit.RabbitListenerEndpointContainer#2-1] INFO  com.eleicao.core.component.WebSocketCandidatoListener - Recebido lista de candidatos via RabbitMQ, enviando via WebSocket: 7 candidatos
2025-05-19 14:15:11.104 [org.springframework.amqp.rabbit.RabbitListenerEndpointContainer#2-1] INFO  com.eleicao.core.component.WebSocketCandidatoListener - Lista de candidatos enviada via WebSocket com sucesso
2025-05-19 14:15:11.189 [org.springframework.amqp.rabbit.RabbitListenerEndpointContainer#1-1] INFO  com.eleicao.core.service.VotoService - Voto salvo: Voto{, type='eleicao-gp2', object='lionel messi', valor=1, timestamp=2025-05-19T14:15:11.180036800}
2025-05-19 14:15:11.205 [org.springframework.amqp.rabbit.RabbitListenerEndpointContainer#1-1] INFO  com.eleicao.core.component.VotoListener - Voto processado e lista atualizada: VotoDTO{type='eleicao-gp2', object='49', valor=1, timestamp=2025-05-19T14:15:11.180036800}
2025-05-19 14:15:11.205 [org.springframework.amqp.rabbit.RabbitListenerEndpointContainer#2-1] INFO  com.eleicao.core.component.WebSocketCandidatoListener - Recebido lista de candidatos via RabbitMQ, enviando via WebSocket: 7 candidatos
2025-05-19 14:15:11.205 [org.springframework.amqp.rabbit.RabbitListenerEndpointContainer#2-1] INFO  com.eleicao.core.component.WebSocketCandidatoListener - Lista de candidatos enviada via WebSocket com sucesso
2025-05-19 14:15:11.288 [org.springframework.amqp.rabbit.RabbitListenerEndpointContainer#1-1] INFO  com.eleicao.core.service.VotoService - Voto salvo: Voto{, type='eleicao-gp2', object='lionel messi', valor=1, timestamp=2025-05-19T14:15:11.281602700}
2025-05-19 14:15:11.304 [org.springframework.amqp.rabbit.RabbitListenerEndpointContainer#1-1] INFO  com.eleicao.core.component.VotoListener - Voto processado e lista atualizada: VotoDTO{type='eleicao-gp2', object='49', valor=1, timestamp=2025-05-19T14:15:11.281602700}
2025-05-19 14:15:11.304 [org.springframework.amqp.rabbit.RabbitListenerEndpointContainer#2-1] INFO  com.eleicao.core.component.WebSocketCandidatoListener - Recebido lista de candidatos via RabbitMQ, enviando via WebSocket: 7 candidatos
2025-05-19 14:15:11.304 [org.springframework.amqp.rabbit.RabbitListenerEndpointContainer#2-1] INFO  com.eleicao.core.component.WebSocketCandidatoListener - Lista de candidatos enviada via WebSocket com sucesso
2025-05-19 14:15:11.389 [org.springframework.amqp.rabbit.RabbitListenerEndpointContainer#1-1] INFO  com.eleicao.core.service.VotoService - Voto salvo: Voto{, type='eleicao-gp2', object='lionel messi', valor=1, timestamp=2025-05-19T14:15:11.385092300}
2025-05-19 14:15:11.405 [org.springframework.amqp.rabbit.RabbitListenerEndpointContainer#1-1] INFO  com.eleicao.core.component.VotoListener - Voto processado e lista atualizada: VotoDTO{type='eleicao-gp2', object='49', valor=1, timestamp=2025-05-19T14:15:11.385092300}
2025-05-19 14:15:11.417 [org.springframework.amqp.rabbit.RabbitListenerEndpointContainer#2-1] INFO  com.eleicao.core.component.WebSocketCandidatoListener - Recebido lista de candidatos via RabbitMQ, enviando via WebSocket: 7 candidatos
2025-05-19 14:15:11.417 [org.springframework.amqp.rabbit.RabbitListenerEndpointContainer#2-1] INFO  com.eleicao.core.component.WebSocketCandidatoListener - Lista de candidatos enviada via WebSocket com sucesso
2025-05-19 14:15:11.490 [org.springframework.amqp.rabbit.RabbitListenerEndpointContainer#1-1] INFO  com.eleicao.core.service.VotoService - Voto salvo: Voto{, type='eleicao-gp2', object='lionel messi', valor=1, timestamp=2025-05-19T14:15:11.482617400}
2025-05-19 14:15:11.504 [org.springframework.amqp.rabbit.RabbitListenerEndpointContainer#1-1] INFO  com.eleicao.core.component.VotoListener - Voto processado e lista atualizada: VotoDTO{type='eleicao-gp2', object='49', valor=1, timestamp=2025-05-19T14:15:11.482617400}
2025-05-19 14:15:11.504 [org.springframework.amqp.rabbit.RabbitListenerEndpointContainer#2-1] INFO  com.eleicao.core.component.WebSocketCandidatoListener - Recebido lista de candidatos via RabbitMQ, enviando via WebSocket: 7 candidatos
2025-05-19 14:15:11.504 [org.springframework.amqp.rabbit.RabbitListenerEndpointContainer#2-1] INFO  com.eleicao.core.component.WebSocketCandidatoListener - Lista de candidatos enviada via WebSocket com sucesso
2025-05-19 14:15:11.587 [org.springframework.amqp.rabbit.RabbitListenerEndpointContainer#1-1] INFO  com.eleicao.core.service.VotoService - Voto salvo: Voto{, type='eleicao-gp2', object='lionel messi', valor=1, timestamp=2025-05-19T14:15:11.587030900}
2025-05-19 14:15:11.609 [org.springframework.amqp.rabbit.RabbitListenerEndpointContainer#1-1] INFO  com.eleicao.core.component.VotoListener - Voto processado e lista atualizada: VotoDTO{type='eleicao-gp2', object='49', valor=1, timestamp=2025-05-19T14:15:11.587030900}
2025-05-19 14:15:11.609 [org.springframework.amqp.rabbit.RabbitListenerEndpointContainer#2-1] INFO  com.eleicao.core.component.WebSocketCandidatoListener - Recebido lista de candidatos via RabbitMQ, enviando via WebSocket: 7 candidatos
2025-05-19 14:15:11.609 [org.springframework.amqp.rabbit.RabbitListenerEndpointContainer#2-1] INFO  com.eleicao.core.component.WebSocketCandidatoListener - Lista de candidatos enviada via WebSocket com sucesso
2025-05-19 14:15:11.688 [org.springframework.amqp.rabbit.RabbitListenerEndpointContainer#1-1] INFO  com.eleicao.core.service.VotoService - Voto salvo: Voto{, type='eleicao-gp2', object='lionel messi', valor=1, timestamp=2025-05-19T14:15:11.675954500}
2025-05-19 14:15:11.704 [org.springframework.amqp.rabbit.RabbitListenerEndpointContainer#1-1] INFO  com.eleicao.core.component.VotoListener - Voto processado e lista atualizada: VotoDTO{type='eleicao-gp2', object='49', valor=1, timestamp=2025-05-19T14:15:11.675954500}
2025-05-19 14:15:11.704 [org.springframework.amqp.rabbit.RabbitListenerEndpointContainer#2-1] INFO  com.eleicao.core.component.WebSocketCandidatoListener - Recebido lista de candidatos via RabbitMQ, enviando via WebSocket: 7 candidatos
2025-05-19 14:15:11.704 [org.springframework.amqp.rabbit.RabbitListenerEndpointContainer#2-1] INFO  com.eleicao.core.component.WebSocketCandidatoListener - Lista de candidatos enviada via WebSocket com sucesso
2025-05-19 14:15:11.788 [org.springframework.amqp.rabbit.RabbitListenerEndpointContainer#1-1] INFO  com.eleicao.core.service.VotoService - Voto salvo: Voto{, type='eleicao-gp2', object='lionel messi', valor=1, timestamp=2025-05-19T14:15:11.782358900}
2025-05-19 14:15:11.804 [org.springframework.amqp.rabbit.RabbitListenerEndpointContainer#1-1] INFO  com.eleicao.core.component.VotoListener - Voto processado e lista atualizada: VotoDTO{type='eleicao-gp2', object='49', valor=1, timestamp=2025-05-19T14:15:11.782358900}
2025-05-19 14:15:11.804 [org.springframework.amqp.rabbit.RabbitListenerEndpointContainer#2-1] INFO  com.eleicao.core.component.WebSocketCandidatoListener - Recebido lista de candidatos via RabbitMQ, enviando via WebSocket: 7 candidatos
2025-05-19 14:15:11.804 [org.springframework.amqp.rabbit.RabbitListenerEndpointContainer#2-1] INFO  com.eleicao.core.component.WebSocketCandidatoListener - Lista de candidatos enviada via WebSocket com sucesso
2025-05-19 14:15:11.889 [org.springframework.amqp.rabbit.RabbitListenerEndpointContainer#1-1] INFO  com.eleicao.core.service.VotoService - Voto salvo: Voto{, type='eleicao-gp2', object='lionel messi', valor=1, timestamp=2025-05-19T14:15:11.884714200}
2025-05-19 14:15:11.904 [org.springframework.amqp.rabbit.RabbitListenerEndpointContainer#1-1] INFO  com.eleicao.core.component.VotoListener - Voto processado e lista atualizada: VotoDTO{type='eleicao-gp2', object='49', valor=1, timestamp=2025-05-19T14:15:11.884714200}
2025-05-19 14:15:11.913 [org.springframework.amqp.rabbit.RabbitListenerEndpointContainer#2-1] INFO  com.eleicao.core.component.WebSocketCandidatoListener - Recebido lista de candidatos via RabbitMQ, enviando via WebSocket: 7 candidatos
2025-05-19 14:15:11.913 [org.springframework.amqp.rabbit.RabbitListenerEndpointContainer#2-1] INFO  com.eleicao.core.component.WebSocketCandidatoListener - Lista de candidatos enviada via WebSocket com sucesso
2025-05-19 14:15:11.988 [org.springframework.amqp.rabbit.RabbitListenerEndpointContainer#1-1] INFO  com.eleicao.core.service.VotoService - Voto salvo: Voto{, type='eleicao-gp2', object='lionel messi', valor=1, timestamp=2025-05-19T14:15:11.978471}
2025-05-19 14:15:12.004 [org.springframework.amqp.rabbit.RabbitListenerEndpointContainer#1-1] INFO  com.eleicao.core.component.VotoListener - Voto processado e lista atualizada: VotoDTO{type='eleicao-gp2', object='49', valor=1, timestamp=2025-05-19T14:15:11.978471}
2025-05-19 14:15:12.011 [org.springframework.amqp.rabbit.RabbitListenerEndpointContainer#2-1] INFO  com.eleicao.core.component.WebSocketCandidatoListener - Recebido lista de candidatos via RabbitMQ, enviando via WebSocket: 7 candidatos
2025-05-19 14:15:12.011 [org.springframework.amqp.rabbit.RabbitListenerEndpointContainer#2-1] INFO  com.eleicao.core.component.WebSocketCandidatoListener - Lista de candidatos enviada via WebSocket com sucesso
2025-05-19 14:15:12.092 [org.springframework.amqp.rabbit.RabbitListenerEndpointContainer#1-1] INFO  com.eleicao.core.service.VotoService - Voto salvo: Voto{, type='eleicao-gp2', object='lionel messi', valor=1, timestamp=2025-05-19T14:15:12.083437}
2025-05-19 14:15:12.107 [org.springframework.amqp.rabbit.RabbitListenerEndpointContainer#1-1] INFO  com.eleicao.core.component.VotoListener - Voto processado e lista atualizada: VotoDTO{type='eleicao-gp2', object='49', valor=1, timestamp=2025-05-19T14:15:12.083437}
2025-05-19 14:15:12.116 [org.springframework.amqp.rabbit.RabbitListenerEndpointContainer#2-1] INFO  com.eleicao.core.component.WebSocketCandidatoListener - Recebido lista de candidatos via RabbitMQ, enviando via WebSocket: 7 candidatos
2025-05-19 14:15:12.116 [org.springframework.amqp.rabbit.RabbitListenerEndpointContainer#2-1] INFO  com.eleicao.core.component.WebSocketCandidatoListener - Lista de candidatos enviada via WebSocket com sucesso
2025-05-19 14:15:12.187 [org.springframework.amqp.rabbit.RabbitListenerEndpointContainer#1-1] INFO  com.eleicao.core.service.VotoService - Voto salvo: Voto{, type='eleicao-gp2', object='lionel messi', valor=1, timestamp=2025-05-19T14:15:12.182333300}
2025-05-19 14:15:12.203 [org.springframework.amqp.rabbit.RabbitListenerEndpointContainer#1-1] INFO  com.eleicao.core.component.VotoListener - Voto processado e lista atualizada: VotoDTO{type='eleicao-gp2', object='49', valor=1, timestamp=2025-05-19T14:15:12.182333300}
2025-05-19 14:15:12.203 [org.springframework.amqp.rabbit.RabbitListenerEndpointContainer#2-1] INFO  com.eleicao.core.component.WebSocketCandidatoListener - Recebido lista de candidatos via RabbitMQ, enviando via WebSocket: 7 candidatos
2025-05-19 14:15:12.203 [org.springframework.amqp.rabbit.RabbitListenerEndpointContainer#2-1] INFO  com.eleicao.core.component.WebSocketCandidatoListener - Lista de candidatos enviada via WebSocket com sucesso
2025-05-19 14:15:12.287 [org.springframework.amqp.rabbit.RabbitListenerEndpointContainer#1-1] INFO  com.eleicao.core.service.VotoService - Voto salvo: Voto{, type='eleicao-gp2', object='lionel messi', valor=1, timestamp=2025-05-19T14:15:12.278635100}
2025-05-19 14:15:12.304 [org.springframework.amqp.rabbit.RabbitListenerEndpointContainer#1-1] INFO  com.eleicao.core.component.VotoListener - Voto processado e lista atualizada: VotoDTO{type='eleicao-gp2', object='49', valor=1, timestamp=2025-05-19T14:15:12.278635100}
2025-05-19 14:15:12.304 [org.springframework.amqp.rabbit.RabbitListenerEndpointContainer#2-1] INFO  com.eleicao.core.component.WebSocketCandidatoListener - Recebido lista de candidatos via RabbitMQ, enviando via WebSocket: 7 candidatos
2025-05-19 14:15:12.304 [org.springframework.amqp.rabbit.RabbitListenerEndpointContainer#2-1] INFO  com.eleicao.core.component.WebSocketCandidatoListener - Lista de candidatos enviada via WebSocket com sucesso
2025-05-19 14:15:12.387 [org.springframework.amqp.rabbit.RabbitListenerEndpointContainer#1-1] INFO  com.eleicao.core.service.VotoService - Voto salvo: Voto{, type='eleicao-gp2', object='lionel messi', valor=1, timestamp=2025-05-19T14:15:12.376396300}
2025-05-19 14:15:12.406 [org.springframework.amqp.rabbit.RabbitListenerEndpointContainer#1-1] INFO  com.eleicao.core.component.VotoListener - Voto processado e lista atualizada: VotoDTO{type='eleicao-gp2', object='49', valor=1, timestamp=2025-05-19T14:15:12.376396300}
2025-05-19 14:15:12.406 [org.springframework.amqp.rabbit.RabbitListenerEndpointContainer#2-1] INFO  com.eleicao.core.component.WebSocketCandidatoListener - Recebido lista de candidatos via RabbitMQ, enviando via WebSocket: 7 candidatos
2025-05-19 14:15:12.406 [org.springframework.amqp.rabbit.RabbitListenerEndpointContainer#2-1] INFO  com.eleicao.core.component.WebSocketCandidatoListener - Lista de candidatos enviada via WebSocket com sucesso
2025-05-19 14:15:12.487 [org.springframework.amqp.rabbit.RabbitListenerEndpointContainer#1-1] INFO  com.eleicao.core.service.VotoService - Voto salvo: Voto{, type='eleicao-gp2', object='lionel messi', valor=1, timestamp=2025-05-19T14:15:12.482454400}
2025-05-19 14:15:12.503 [org.springframework.amqp.rabbit.RabbitListenerEndpointContainer#1-1] INFO  com.eleicao.core.component.VotoListener - Voto processado e lista atualizada: VotoDTO{type='eleicao-gp2', object='49', valor=1, timestamp=2025-05-19T14:15:12.482454400}
2025-05-19 14:15:12.503 [org.springframework.amqp.rabbit.RabbitListenerEndpointContainer#2-1] INFO  com.eleicao.core.component.WebSocketCandidatoListener - Recebido lista de candidatos via RabbitMQ, enviando via WebSocket: 7 candidatos
2025-05-19 14:15:12.503 [org.springframework.amqp.rabbit.RabbitListenerEndpointContainer#2-1] INFO  com.eleicao.core.component.WebSocketCandidatoListener - Lista de candidatos enviada via WebSocket com sucesso
2025-05-19 14:15:12.587 [org.springframework.amqp.rabbit.RabbitListenerEndpointContainer#1-1] INFO  com.eleicao.core.service.VotoService - Voto salvo: Voto{, type='eleicao-gp2', object='lionel messi', valor=1, timestamp=2025-05-19T14:15:12.578844300}
2025-05-19 14:15:12.610 [org.springframework.amqp.rabbit.RabbitListenerEndpointContainer#1-1] INFO  com.eleicao.core.component.VotoListener - Voto processado e lista atualizada: VotoDTO{type='eleicao-gp2', object='49', valor=1, timestamp=2025-05-19T14:15:12.578844300}
2025-05-19 14:15:12.610 [org.springframework.amqp.rabbit.RabbitListenerEndpointContainer#2-1] INFO  com.eleicao.core.component.WebSocketCandidatoListener - Recebido lista de candidatos via RabbitMQ, enviando via WebSocket: 7 candidatos
2025-05-19 14:15:12.610 [org.springframework.amqp.rabbit.RabbitListenerEndpointContainer#2-1] INFO  com.eleicao.core.component.WebSocketCandidatoListener - Lista de candidatos enviada via WebSocket com sucesso
2025-05-19 14:15:12.687 [org.springframework.amqp.rabbit.RabbitListenerEndpointContainer#1-1] INFO  com.eleicao.core.service.VotoService - Voto salvo: Voto{, type='eleicao-gp2', object='lionel messi', valor=1, timestamp=2025-05-19T14:15:12.677949700}
2025-05-19 14:15:12.706 [org.springframework.amqp.rabbit.RabbitListenerEndpointContainer#1-1] INFO  com.eleicao.core.component.VotoListener - Voto processado e lista atualizada: VotoDTO{type='eleicao-gp2', object='49', valor=1, timestamp=2025-05-19T14:15:12.677949700}
2025-05-19 14:15:12.708 [org.springframework.amqp.rabbit.RabbitListenerEndpointContainer#2-1] INFO  com.eleicao.core.component.WebSocketCandidatoListener - Recebido lista de candidatos via RabbitMQ, enviando via WebSocket: 7 candidatos
2025-05-19 14:15:12.711 [org.springframework.amqp.rabbit.RabbitListenerEndpointContainer#2-1] INFO  com.eleicao.core.component.WebSocketCandidatoListener - Lista de candidatos enviada via WebSocket com sucesso
2025-05-19 14:15:12.786 [org.springframework.amqp.rabbit.RabbitListenerEndpointContainer#1-1] INFO  com.eleicao.core.service.VotoService - Voto salvo: Voto{, type='eleicao-gp2', object='lionel messi', valor=1, timestamp=2025-05-19T14:15:12.777441800}
2025-05-19 14:15:12.803 [org.springframework.amqp.rabbit.RabbitListenerEndpointContainer#1-1] INFO  com.eleicao.core.component.VotoListener - Voto processado e lista atualizada: VotoDTO{type='eleicao-gp2', object='49', valor=1, timestamp=2025-05-19T14:15:12.777441800}
2025-05-19 14:15:12.803 [org.springframework.amqp.rabbit.RabbitListenerEndpointContainer#2-1] INFO  com.eleicao.core.component.WebSocketCandidatoListener - Recebido lista de candidatos via RabbitMQ, enviando via WebSocket: 7 candidatos
2025-05-19 14:15:12.803 [org.springframework.amqp.rabbit.RabbitListenerEndpointContainer#2-1] INFO  com.eleicao.core.component.WebSocketCandidatoListener - Lista de candidatos enviada via WebSocket com sucesso
2025-05-19 14:15:12.888 [org.springframework.amqp.rabbit.RabbitListenerEndpointContainer#1-1] INFO  com.eleicao.core.service.VotoService - Voto salvo: Voto{, type='eleicao-gp2', object='lionel messi', valor=1, timestamp=2025-05-19T14:15:12.880705500}
2025-05-19 14:15:12.907 [org.springframework.amqp.rabbit.RabbitListenerEndpointContainer#1-1] INFO  com.eleicao.core.component.VotoListener - Voto processado e lista atualizada: VotoDTO{type='eleicao-gp2', object='49', valor=1, timestamp=2025-05-19T14:15:12.880705500}
2025-05-19 14:15:12.909 [org.springframework.amqp.rabbit.RabbitListenerEndpointContainer#2-1] INFO  com.eleicao.core.component.WebSocketCandidatoListener - Recebido lista de candidatos via RabbitMQ, enviando via WebSocket: 7 candidatos
2025-05-19 14:15:12.909 [org.springframework.amqp.rabbit.RabbitListenerEndpointContainer#2-1] INFO  com.eleicao.core.component.WebSocketCandidatoListener - Lista de candidatos enviada via WebSocket com sucesso
2025-05-19 14:15:12.987 [org.springframework.amqp.rabbit.RabbitListenerEndpointContainer#1-1] INFO  com.eleicao.core.service.VotoService - Voto salvo: Voto{, type='eleicao-gp2', object='lionel messi', valor=1, timestamp=2025-05-19T14:15:12.975500800}
2025-05-19 14:15:13.003 [org.springframework.amqp.rabbit.RabbitListenerEndpointContainer#1-1] INFO  com.eleicao.core.component.VotoListener - Voto processado e lista atualizada: VotoDTO{type='eleicao-gp2', object='49', valor=1, timestamp=2025-05-19T14:15:12.975500800}
2025-05-19 14:15:13.003 [org.springframework.amqp.rabbit.RabbitListenerEndpointContainer#2-1] INFO  com.eleicao.core.component.WebSocketCandidatoListener - Recebido lista de candidatos via RabbitMQ, enviando via WebSocket: 7 candidatos
2025-05-19 14:15:13.003 [org.springframework.amqp.rabbit.RabbitListenerEndpointContainer#2-1] INFO  com.eleicao.core.component.WebSocketCandidatoListener - Lista de candidatos enviada via WebSocket com sucesso
2025-05-19 14:15:13.088 [org.springframework.amqp.rabbit.RabbitListenerEndpointContainer#1-1] INFO  com.eleicao.core.service.VotoService - Voto salvo: Voto{, type='eleicao-gp2', object='lionel messi', valor=1, timestamp=2025-05-19T14:15:13.080591200}
2025-05-19 14:15:13.103 [org.springframework.amqp.rabbit.RabbitListenerEndpointContainer#1-1] INFO  com.eleicao.core.component.VotoListener - Voto processado e lista atualizada: VotoDTO{type='eleicao-gp2', object='49', valor=1, timestamp=2025-05-19T14:15:13.080591200}
2025-05-19 14:15:13.103 [org.springframework.amqp.rabbit.RabbitListenerEndpointContainer#2-1] INFO  com.eleicao.core.component.WebSocketCandidatoListener - Recebido lista de candidatos via RabbitMQ, enviando via WebSocket: 7 candidatos
2025-05-19 14:15:13.103 [org.springframework.amqp.rabbit.RabbitListenerEndpointContainer#2-1] INFO  com.eleicao.core.component.WebSocketCandidatoListener - Lista de candidatos enviada via WebSocket com sucesso
2025-05-19 14:15:13.177 [org.springframework.amqp.rabbit.RabbitListenerEndpointContainer#1-1] INFO  com.eleicao.core.service.VotoService - Voto salvo: Voto{, type='eleicao-gp2', object='lionel messi', valor=1, timestamp=2025-05-19T14:15:13.177497}
2025-05-19 14:15:13.193 [org.springframework.amqp.rabbit.RabbitListenerEndpointContainer#1-1] INFO  com.eleicao.core.component.VotoListener - Voto processado e lista atualizada: VotoDTO{type='eleicao-gp2', object='49', valor=1, timestamp=2025-05-19T14:15:13.177497}
2025-05-19 14:15:13.203 [org.springframework.amqp.rabbit.RabbitListenerEndpointContainer#2-1] INFO  com.eleicao.core.component.WebSocketCandidatoListener - Recebido lista de candidatos via RabbitMQ, enviando via WebSocket: 7 candidatos
2025-05-19 14:15:13.203 [org.springframework.amqp.rabbit.RabbitListenerEndpointContainer#2-1] INFO  com.eleicao.core.component.WebSocketCandidatoListener - Lista de candidatos enviada via WebSocket com sucesso
2025-05-19 14:15:13.286 [org.springframework.amqp.rabbit.RabbitListenerEndpointContainer#1-1] INFO  com.eleicao.core.service.VotoService - Voto salvo: Voto{, type='eleicao-gp2', object='lionel messi', valor=1, timestamp=2025-05-19T14:15:13.282422}
2025-05-19 14:15:13.313 [org.springframework.amqp.rabbit.RabbitListenerEndpointContainer#1-1] INFO  com.eleicao.core.component.VotoListener - Voto processado e lista atualizada: VotoDTO{type='eleicao-gp2', object='49', valor=1, timestamp=2025-05-19T14:15:13.282422}
2025-05-19 14:15:13.317 [org.springframework.amqp.rabbit.RabbitListenerEndpointContainer#2-1] INFO  com.eleicao.core.component.WebSocketCandidatoListener - Recebido lista de candidatos via RabbitMQ, enviando via WebSocket: 7 candidatos
2025-05-19 14:15:13.317 [org.springframework.amqp.rabbit.RabbitListenerEndpointContainer#2-1] INFO  com.eleicao.core.component.WebSocketCandidatoListener - Lista de candidatos enviada via WebSocket com sucesso
2025-05-19 14:15:13.380 [org.springframework.amqp.rabbit.RabbitListenerEndpointContainer#1-1] INFO  com.eleicao.core.service.VotoService - Voto salvo: Voto{, type='eleicao-gp2', object='lionel messi', valor=1, timestamp=2025-05-19T14:15:13.371865600}
2025-05-19 14:15:13.400 [org.springframework.amqp.rabbit.RabbitListenerEndpointContainer#1-1] INFO  com.eleicao.core.component.VotoListener - Voto processado e lista atualizada: VotoDTO{type='eleicao-gp2', object='49', valor=1, timestamp=2025-05-19T14:15:13.371865600}
2025-05-19 14:15:13.402 [org.springframework.amqp.rabbit.RabbitListenerEndpointContainer#2-1] INFO  com.eleicao.core.component.WebSocketCandidatoListener - Recebido lista de candidatos via RabbitMQ, enviando via WebSocket: 7 candidatos
2025-05-19 14:15:13.402 [org.springframework.amqp.rabbit.RabbitListenerEndpointContainer#2-1] INFO  com.eleicao.core.component.WebSocketCandidatoListener - Lista de candidatos enviada via WebSocket com sucesso
2025-05-19 14:15:13.486 [org.springframework.amqp.rabbit.RabbitListenerEndpointContainer#1-1] INFO  com.eleicao.core.service.VotoService - Voto salvo: Voto{, type='eleicao-gp2', object='lionel messi', valor=1, timestamp=2025-05-19T14:15:13.482941200}
2025-05-19 14:15:13.507 [org.springframework.amqp.rabbit.RabbitListenerEndpointContainer#1-1] INFO  com.eleicao.core.component.VotoListener - Voto processado e lista atualizada: VotoDTO{type='eleicao-gp2', object='49', valor=1, timestamp=2025-05-19T14:15:13.482941200}
2025-05-19 14:15:13.511 [org.springframework.amqp.rabbit.RabbitListenerEndpointContainer#2-1] INFO  com.eleicao.core.component.WebSocketCandidatoListener - Recebido lista de candidatos via RabbitMQ, enviando via WebSocket: 7 candidatos
2025-05-19 14:15:13.514 [org.springframework.amqp.rabbit.RabbitListenerEndpointContainer#2-1] INFO  com.eleicao.core.component.WebSocketCandidatoListener - Lista de candidatos enviada via WebSocket com sucesso
2025-05-19 14:15:13.581 [org.springframework.amqp.rabbit.RabbitListenerEndpointContainer#1-1] INFO  com.eleicao.core.service.VotoService - Voto salvo: Voto{, type='eleicao-gp2', object='lionel messi', valor=1, timestamp=2025-05-19T14:15:13.577895400}
2025-05-19 14:15:13.602 [org.springframework.amqp.rabbit.RabbitListenerEndpointContainer#1-1] INFO  com.eleicao.core.component.VotoListener - Voto processado e lista atualizada: VotoDTO{type='eleicao-gp2', object='49', valor=1, timestamp=2025-05-19T14:15:13.577895400}
2025-05-19 14:15:13.604 [org.springframework.amqp.rabbit.RabbitListenerEndpointContainer#2-1] INFO  com.eleicao.core.component.WebSocketCandidatoListener - Recebido lista de candidatos via RabbitMQ, enviando via WebSocket: 7 candidatos
2025-05-19 14:15:13.604 [org.springframework.amqp.rabbit.RabbitListenerEndpointContainer#2-1] INFO  com.eleicao.core.component.WebSocketCandidatoListener - Lista de candidatos enviada via WebSocket com sucesso
2025-05-19 14:15:13.687 [org.springframework.amqp.rabbit.RabbitListenerEndpointContainer#1-1] INFO  com.eleicao.core.service.VotoService - Voto salvo: Voto{, type='eleicao-gp2', object='lionel messi', valor=1, timestamp=2025-05-19T14:15:13.676386}
2025-05-19 14:15:13.702 [org.springframework.amqp.rabbit.RabbitListenerEndpointContainer#1-1] INFO  com.eleicao.core.component.VotoListener - Voto processado e lista atualizada: VotoDTO{type='eleicao-gp2', object='49', valor=1, timestamp=2025-05-19T14:15:13.676386}
2025-05-19 14:15:13.709 [org.springframework.amqp.rabbit.RabbitListenerEndpointContainer#2-1] INFO  com.eleicao.core.component.WebSocketCandidatoListener - Recebido lista de candidatos via RabbitMQ, enviando via WebSocket: 7 candidatos
2025-05-19 14:15:13.709 [org.springframework.amqp.rabbit.RabbitListenerEndpointContainer#2-1] INFO  com.eleicao.core.component.WebSocketCandidatoListener - Lista de candidatos enviada via WebSocket com sucesso
2025-05-19 14:15:13.781 [org.springframework.amqp.rabbit.RabbitListenerEndpointContainer#1-1] INFO  com.eleicao.core.service.VotoService - Voto salvo: Voto{, type='eleicao-gp2', object='lionel messi', valor=1, timestamp=2025-05-19T14:15:13.773347500}
2025-05-19 14:15:13.802 [org.springframework.amqp.rabbit.RabbitListenerEndpointContainer#1-1] INFO  com.eleicao.core.component.VotoListener - Voto processado e lista atualizada: VotoDTO{type='eleicao-gp2', object='49', valor=1, timestamp=2025-05-19T14:15:13.773347500}
2025-05-19 14:15:13.802 [org.springframework.amqp.rabbit.RabbitListenerEndpointContainer#2-1] INFO  com.eleicao.core.component.WebSocketCandidatoListener - Recebido lista de candidatos via RabbitMQ, enviando via WebSocket: 7 candidatos
2025-05-19 14:15:13.802 [org.springframework.amqp.rabbit.RabbitListenerEndpointContainer#2-1] INFO  com.eleicao.core.component.WebSocketCandidatoListener - Lista de candidatos enviada via WebSocket com sucesso
2025-05-19 14:15:13.885 [org.springframework.amqp.rabbit.RabbitListenerEndpointContainer#1-1] INFO  com.eleicao.core.service.VotoService - Voto salvo: Voto{, type='eleicao-gp2', object='lionel messi', valor=1, timestamp=2025-05-19T14:15:13.877508700}
2025-05-19 14:15:13.903 [org.springframework.amqp.rabbit.RabbitListenerEndpointContainer#1-1] INFO  com.eleicao.core.component.VotoListener - Voto processado e lista atualizada: VotoDTO{type='eleicao-gp2', object='49', valor=1, timestamp=2025-05-19T14:15:13.877508700}
2025-05-19 14:15:13.903 [org.springframework.amqp.rabbit.RabbitListenerEndpointContainer#2-1] INFO  com.eleicao.core.component.WebSocketCandidatoListener - Recebido lista de candidatos via RabbitMQ, enviando via WebSocket: 7 candidatos
2025-05-19 14:15:13.903 [org.springframework.amqp.rabbit.RabbitListenerEndpointContainer#2-1] INFO  com.eleicao.core.component.WebSocketCandidatoListener - Lista de candidatos enviada via WebSocket com sucesso
2025-05-19 14:15:13.983 [org.springframework.amqp.rabbit.RabbitListenerEndpointContainer#1-1] INFO  com.eleicao.core.service.VotoService - Voto salvo: Voto{, type='eleicao-gp2', object='lionel messi', valor=1, timestamp=2025-05-19T14:15:13.975932200}
2025-05-19 14:15:13.991 [org.springframework.amqp.rabbit.RabbitListenerEndpointContainer#1-1] INFO  com.eleicao.core.component.VotoListener - Voto processado e lista atualizada: VotoDTO{type='eleicao-gp2', object='49', valor=1, timestamp=2025-05-19T14:15:13.975932200}
2025-05-19 14:15:13.999 [org.springframework.amqp.rabbit.RabbitListenerEndpointContainer#2-1] INFO  com.eleicao.core.component.WebSocketCandidatoListener - Recebido lista de candidatos via RabbitMQ, enviando via WebSocket: 7 candidatos
2025-05-19 14:15:13.999 [org.springframework.amqp.rabbit.RabbitListenerEndpointContainer#2-1] INFO  com.eleicao.core.component.WebSocketCandidatoListener - Lista de candidatos enviada via WebSocket com sucesso
2025-05-19 14:15:14.080 [org.springframework.amqp.rabbit.RabbitListenerEndpointContainer#1-1] INFO  com.eleicao.core.service.VotoService - Voto salvo: Voto{, type='eleicao-gp2', object='lionel messi', valor=1, timestamp=2025-05-19T14:15:14.071872100}
2025-05-19 14:15:14.102 [org.springframework.amqp.rabbit.RabbitListenerEndpointContainer#1-1] INFO  com.eleicao.core.component.VotoListener - Voto processado e lista atualizada: VotoDTO{type='eleicao-gp2', object='49', valor=1, timestamp=2025-05-19T14:15:14.071872100}
2025-05-19 14:15:14.102 [org.springframework.amqp.rabbit.RabbitListenerEndpointContainer#2-1] INFO  com.eleicao.core.component.WebSocketCandidatoListener - Recebido lista de candidatos via RabbitMQ, enviando via WebSocket: 7 candidatos
2025-05-19 14:15:14.102 [org.springframework.amqp.rabbit.RabbitListenerEndpointContainer#2-1] INFO  com.eleicao.core.component.WebSocketCandidatoListener - Lista de candidatos enviada via WebSocket com sucesso
2025-05-19 14:15:14.187 [org.springframework.amqp.rabbit.RabbitListenerEndpointContainer#1-1] INFO  com.eleicao.core.service.VotoService - Voto salvo: Voto{, type='eleicao-gp2', object='lionel messi', valor=1, timestamp=2025-05-19T14:15:14.178446}
2025-05-19 14:15:14.202 [org.springframework.amqp.rabbit.RabbitListenerEndpointContainer#1-1] INFO  com.eleicao.core.component.VotoListener - Voto processado e lista atualizada: VotoDTO{type='eleicao-gp2', object='49', valor=1, timestamp=2025-05-19T14:15:14.178446}
2025-05-19 14:15:14.208 [org.springframework.amqp.rabbit.RabbitListenerEndpointContainer#2-1] INFO  com.eleicao.core.component.WebSocketCandidatoListener - Recebido lista de candidatos via RabbitMQ, enviando via WebSocket: 7 candidatos
2025-05-19 14:15:14.209 [org.springframework.amqp.rabbit.RabbitListenerEndpointContainer#2-1] INFO  com.eleicao.core.component.WebSocketCandidatoListener - Lista de candidatos enviada via WebSocket com sucesso
2025-05-19 14:15:14.285 [org.springframework.amqp.rabbit.RabbitListenerEndpointContainer#1-1] INFO  com.eleicao.core.service.VotoService - Voto salvo: Voto{, type='eleicao-gp2', object='lionel messi', valor=1, timestamp=2025-05-19T14:15:14.273531500}
2025-05-19 14:15:14.302 [org.springframework.amqp.rabbit.RabbitListenerEndpointContainer#1-1] INFO  com.eleicao.core.component.VotoListener - Voto processado e lista atualizada: VotoDTO{type='eleicao-gp2', object='49', valor=1, timestamp=2025-05-19T14:15:14.273531500}
2025-05-19 14:15:14.302 [org.springframework.amqp.rabbit.RabbitListenerEndpointContainer#2-1] INFO  com.eleicao.core.component.WebSocketCandidatoListener - Recebido lista de candidatos via RabbitMQ, enviando via WebSocket: 7 candidatos
2025-05-19 14:15:14.302 [org.springframework.amqp.rabbit.RabbitListenerEndpointContainer#2-1] INFO  com.eleicao.core.component.WebSocketCandidatoListener - Lista de candidatos enviada via WebSocket com sucesso
2025-05-19 14:15:14.386 [org.springframework.amqp.rabbit.RabbitListenerEndpointContainer#1-1] INFO  com.eleicao.core.service.VotoService - Voto salvo: Voto{, type='eleicao-gp2', object='lionel messi', valor=1, timestamp=2025-05-19T14:15:14.377410100}
2025-05-19 14:15:14.402 [org.springframework.amqp.rabbit.RabbitListenerEndpointContainer#1-1] INFO  com.eleicao.core.component.VotoListener - Voto processado e lista atualizada: VotoDTO{type='eleicao-gp2', object='49', valor=1, timestamp=2025-05-19T14:15:14.377410100}
2025-05-19 14:15:14.402 [org.springframework.amqp.rabbit.RabbitListenerEndpointContainer#2-1] INFO  com.eleicao.core.component.WebSocketCandidatoListener - Recebido lista de candidatos via RabbitMQ, enviando via WebSocket: 7 candidatos
2025-05-19 14:15:14.402 [org.springframework.amqp.rabbit.RabbitListenerEndpointContainer#2-1] INFO  com.eleicao.core.component.WebSocketCandidatoListener - Lista de candidatos enviada via WebSocket com sucesso
2025-05-19 14:15:14.479 [org.springframework.amqp.rabbit.RabbitListenerEndpointContainer#1-1] INFO  com.eleicao.core.service.VotoService - Voto salvo: Voto{, type='eleicao-gp2', object='lionel messi', valor=1, timestamp=2025-05-19T14:15:14.474493900}
2025-05-19 14:15:14.485 [org.springframework.amqp.rabbit.RabbitListenerEndpointContainer#1-1] INFO  com.eleicao.core.component.VotoListener - Voto processado e lista atualizada: VotoDTO{type='eleicao-gp2', object='49', valor=1, timestamp=2025-05-19T14:15:14.474493900}
2025-05-19 14:15:14.498 [org.springframework.amqp.rabbit.RabbitListenerEndpointContainer#2-1] INFO  com.eleicao.core.component.WebSocketCandidatoListener - Recebido lista de candidatos via RabbitMQ, enviando via WebSocket: 7 candidatos
2025-05-19 14:15:14.498 [org.springframework.amqp.rabbit.RabbitListenerEndpointContainer#2-1] INFO  com.eleicao.core.component.WebSocketCandidatoListener - Lista de candidatos enviada via WebSocket com sucesso
2025-05-19 14:15:14.579 [org.springframework.amqp.rabbit.RabbitListenerEndpointContainer#1-1] INFO  com.eleicao.core.service.VotoService - Voto salvo: Voto{, type='eleicao-gp2', object='lionel messi', valor=1, timestamp=2025-05-19T14:15:14.570863700}
2025-05-19 14:15:14.588 [org.springframework.amqp.rabbit.RabbitListenerEndpointContainer#1-1] INFO  com.eleicao.core.component.VotoListener - Voto processado e lista atualizada: VotoDTO{type='eleicao-gp2', object='49', valor=1, timestamp=2025-05-19T14:15:14.570863700}
2025-05-19 14:15:14.596 [org.springframework.amqp.rabbit.RabbitListenerEndpointContainer#2-1] INFO  com.eleicao.core.component.WebSocketCandidatoListener - Recebido lista de candidatos via RabbitMQ, enviando via WebSocket: 7 candidatos
2025-05-19 14:15:14.596 [org.springframework.amqp.rabbit.RabbitListenerEndpointContainer#2-1] INFO  com.eleicao.core.component.WebSocketCandidatoListener - Lista de candidatos enviada via WebSocket com sucesso
2025-05-19 14:15:14.685 [org.springframework.amqp.rabbit.RabbitListenerEndpointContainer#1-1] INFO  com.eleicao.core.service.VotoService - Voto salvo: Voto{, type='eleicao-gp2', object='lionel messi', valor=1, timestamp=2025-05-19T14:15:14.677400500}
2025-05-19 14:15:14.702 [org.springframework.amqp.rabbit.RabbitListenerEndpointContainer#1-1] INFO  com.eleicao.core.component.VotoListener - Voto processado e lista atualizada: VotoDTO{type='eleicao-gp2', object='49', valor=1, timestamp=2025-05-19T14:15:14.677400500}
2025-05-19 14:15:14.702 [org.springframework.amqp.rabbit.RabbitListenerEndpointContainer#2-1] INFO  com.eleicao.core.component.WebSocketCandidatoListener - Recebido lista de candidatos via RabbitMQ, enviando via WebSocket: 7 candidatos
2025-05-19 14:15:14.702 [org.springframework.amqp.rabbit.RabbitListenerEndpointContainer#2-1] INFO  com.eleicao.core.component.WebSocketCandidatoListener - Lista de candidatos enviada via WebSocket com sucesso
2025-05-19 14:15:14.785 [org.springframework.amqp.rabbit.RabbitListenerEndpointContainer#1-1] INFO  com.eleicao.core.service.VotoService - Voto salvo: Voto{, type='eleicao-gp2', object='lionel messi', valor=1, timestamp=2025-05-19T14:15:14.774860500}
2025-05-19 14:15:14.801 [org.springframework.amqp.rabbit.RabbitListenerEndpointContainer#1-1] INFO  com.eleicao.core.component.VotoListener - Voto processado e lista atualizada: VotoDTO{type='eleicao-gp2', object='49', valor=1, timestamp=2025-05-19T14:15:14.774860500}
2025-05-19 14:15:14.801 [org.springframework.amqp.rabbit.RabbitListenerEndpointContainer#2-1] INFO  com.eleicao.core.component.WebSocketCandidatoListener - Recebido lista de candidatos via RabbitMQ, enviando via WebSocket: 7 candidatos
2025-05-19 14:15:14.801 [org.springframework.amqp.rabbit.RabbitListenerEndpointContainer#2-1] INFO  com.eleicao.core.component.WebSocketCandidatoListener - Lista de candidatos enviada via WebSocket com sucesso
2025-05-19 14:15:14.879 [org.springframework.amqp.rabbit.RabbitListenerEndpointContainer#1-1] INFO  com.eleicao.core.service.VotoService - Voto salvo: Voto{, type='eleicao-gp2', object='lionel messi', valor=1, timestamp=2025-05-19T14:15:14.871659300}
2025-05-19 14:15:14.896 [org.springframework.amqp.rabbit.RabbitListenerEndpointContainer#1-1] INFO  com.eleicao.core.component.VotoListener - Voto processado e lista atualizada: VotoDTO{type='eleicao-gp2', object='49', valor=1, timestamp=2025-05-19T14:15:14.871659300}
2025-05-19 14:15:14.902 [org.springframework.amqp.rabbit.RabbitListenerEndpointContainer#2-1] INFO  com.eleicao.core.component.WebSocketCandidatoListener - Recebido lista de candidatos via RabbitMQ, enviando via WebSocket: 7 candidatos
2025-05-19 14:15:14.902 [org.springframework.amqp.rabbit.RabbitListenerEndpointContainer#2-1] INFO  com.eleicao.core.component.WebSocketCandidatoListener - Lista de candidatos enviada via WebSocket com sucesso
2025-05-19 14:15:14.976 [org.springframework.amqp.rabbit.RabbitListenerEndpointContainer#1-1] INFO  com.eleicao.core.service.VotoService - Voto salvo: Voto{, type='eleicao-gp2', object='lionel messi', valor=1, timestamp=2025-05-19T14:15:14.976986100}
2025-05-19 14:15:15.001 [org.springframework.amqp.rabbit.RabbitListenerEndpointContainer#1-1] INFO  com.eleicao.core.component.VotoListener - Voto processado e lista atualizada: VotoDTO{type='eleicao-gp2', object='49', valor=1, timestamp=2025-05-19T14:15:14.976986100}
2025-05-19 14:15:15.003 [org.springframework.amqp.rabbit.RabbitListenerEndpointContainer#2-1] INFO  com.eleicao.core.component.WebSocketCandidatoListener - Recebido lista de candidatos via RabbitMQ, enviando via WebSocket: 7 candidatos
2025-05-19 14:15:15.003 [org.springframework.amqp.rabbit.RabbitListenerEndpointContainer#2-1] INFO  com.eleicao.core.component.WebSocketCandidatoListener - Lista de candidatos enviada via WebSocket com sucesso
2025-05-19 14:15:15.082 [org.springframework.amqp.rabbit.RabbitListenerEndpointContainer#1-1] INFO  com.eleicao.core.service.VotoService - Voto salvo: Voto{, type='eleicao-gp2', object='lionel messi', valor=1, timestamp=2025-05-19T14:15:15.074442900}
2025-05-19 14:15:15.101 [org.springframework.amqp.rabbit.RabbitListenerEndpointContainer#1-1] INFO  com.eleicao.core.component.VotoListener - Voto processado e lista atualizada: VotoDTO{type='eleicao-gp2', object='49', valor=1, timestamp=2025-05-19T14:15:15.074442900}
2025-05-19 14:15:15.101 [org.springframework.amqp.rabbit.RabbitListenerEndpointContainer#2-1] INFO  com.eleicao.core.component.WebSocketCandidatoListener - Recebido lista de candidatos via RabbitMQ, enviando via WebSocket: 7 candidatos
2025-05-19 14:15:15.101 [org.springframework.amqp.rabbit.RabbitListenerEndpointContainer#2-1] INFO  com.eleicao.core.component.WebSocketCandidatoListener - Lista de candidatos enviada via WebSocket com sucesso
2025-05-19 14:15:15.180 [org.springframework.amqp.rabbit.RabbitListenerEndpointContainer#1-1] INFO  com.eleicao.core.service.VotoService - Voto salvo: Voto{, type='eleicao-gp2', object='lionel messi', valor=1, timestamp=2025-05-19T14:15:15.172305400}
2025-05-19 14:15:15.196 [org.springframework.amqp.rabbit.RabbitListenerEndpointContainer#1-1] INFO  com.eleicao.core.component.VotoListener - Voto processado e lista atualizada: VotoDTO{type='eleicao-gp2', object='49', valor=1, timestamp=2025-05-19T14:15:15.172305400}
2025-05-19 14:15:15.201 [org.springframework.amqp.rabbit.RabbitListenerEndpointContainer#2-1] INFO  com.eleicao.core.component.WebSocketCandidatoListener - Recebido lista de candidatos via RabbitMQ, enviando via WebSocket: 7 candidatos
2025-05-19 14:15:15.201 [org.springframework.amqp.rabbit.RabbitListenerEndpointContainer#2-1] INFO  com.eleicao.core.component.WebSocketCandidatoListener - Lista de candidatos enviada via WebSocket com sucesso
2025-05-19 14:15:15.276 [org.springframework.amqp.rabbit.RabbitListenerEndpointContainer#1-1] INFO  com.eleicao.core.service.VotoService - Voto salvo: Voto{, type='eleicao-gp2', object='lionel messi', valor=1, timestamp=2025-05-19T14:15:15.275655}
2025-05-19 14:15:15.299 [org.springframework.amqp.rabbit.RabbitListenerEndpointContainer#1-1] INFO  com.eleicao.core.component.VotoListener - Voto processado e lista atualizada: VotoDTO{type='eleicao-gp2', object='49', valor=1, timestamp=2025-05-19T14:15:15.275655}
2025-05-19 14:15:15.301 [org.springframework.amqp.rabbit.RabbitListenerEndpointContainer#2-1] INFO  com.eleicao.core.component.WebSocketCandidatoListener - Recebido lista de candidatos via RabbitMQ, enviando via WebSocket: 7 candidatos
2025-05-19 14:15:15.301 [org.springframework.amqp.rabbit.RabbitListenerEndpointContainer#2-1] INFO  com.eleicao.core.component.WebSocketCandidatoListener - Lista de candidatos enviada via WebSocket com sucesso
2025-05-19 14:15:15.381 [org.springframework.amqp.rabbit.RabbitListenerEndpointContainer#1-1] INFO  com.eleicao.core.service.VotoService - Voto salvo: Voto{, type='eleicao-gp2', object='lionel messi', valor=1, timestamp=2025-05-19T14:15:15.373840900}
2025-05-19 14:15:15.401 [org.springframework.amqp.rabbit.RabbitListenerEndpointContainer#1-1] INFO  com.eleicao.core.component.VotoListener - Voto processado e lista atualizada: VotoDTO{type='eleicao-gp2', object='49', valor=1, timestamp=2025-05-19T14:15:15.373840900}
2025-05-19 14:15:15.409 [org.springframework.amqp.rabbit.RabbitListenerEndpointContainer#2-1] INFO  com.eleicao.core.component.WebSocketCandidatoListener - Recebido lista de candidatos via RabbitMQ, enviando via WebSocket: 7 candidatos
2025-05-19 14:15:15.412 [org.springframework.amqp.rabbit.RabbitListenerEndpointContainer#2-1] INFO  com.eleicao.core.component.WebSocketCandidatoListener - Lista de candidatos enviada via WebSocket com sucesso
2025-05-19 14:15:15.480 [org.springframework.amqp.rabbit.RabbitListenerEndpointContainer#1-1] INFO  com.eleicao.core.service.VotoService - Voto salvo: Voto{, type='eleicao-gp2', object='lionel messi', valor=1, timestamp=2025-05-19T14:15:15.471878500}
2025-05-19 14:15:15.500 [org.springframework.amqp.rabbit.RabbitListenerEndpointContainer#1-1] INFO  com.eleicao.core.component.VotoListener - Voto processado e lista atualizada: VotoDTO{type='eleicao-gp2', object='49', valor=1, timestamp=2025-05-19T14:15:15.471878500}
2025-05-19 14:15:15.502 [org.springframework.amqp.rabbit.RabbitListenerEndpointContainer#2-1] INFO  com.eleicao.core.component.WebSocketCandidatoListener - Recebido lista de candidatos via RabbitMQ, enviando via WebSocket: 7 candidatos
2025-05-19 14:15:15.502 [org.springframework.amqp.rabbit.RabbitListenerEndpointContainer#2-1] INFO  com.eleicao.core.component.WebSocketCandidatoListener - Lista de candidatos enviada via WebSocket com sucesso
2025-05-19 14:15:15.574 [org.springframework.amqp.rabbit.RabbitListenerEndpointContainer#1-1] INFO  com.eleicao.core.service.VotoService - Voto salvo: Voto{, type='eleicao-gp2', object='lionel messi', valor=1, timestamp=2025-05-19T14:15:15.574777400}
2025-05-19 14:15:15.599 [org.springframework.amqp.rabbit.RabbitListenerEndpointContainer#1-1] INFO  com.eleicao.core.component.VotoListener - Voto processado e lista atualizada: VotoDTO{type='eleicao-gp2', object='49', valor=1, timestamp=2025-05-19T14:15:15.574777400}
2025-05-19 14:15:15.601 [org.springframework.amqp.rabbit.RabbitListenerEndpointContainer#2-1] INFO  com.eleicao.core.component.WebSocketCandidatoListener - Recebido lista de candidatos via RabbitMQ, enviando via WebSocket: 7 candidatos
2025-05-19 14:15:15.601 [org.springframework.amqp.rabbit.RabbitListenerEndpointContainer#2-1] INFO  com.eleicao.core.component.WebSocketCandidatoListener - Lista de candidatos enviada via WebSocket com sucesso
2025-05-19 14:15:15.680 [org.springframework.amqp.rabbit.RabbitListenerEndpointContainer#1-1] INFO  com.eleicao.core.service.VotoService - Voto salvo: Voto{, type='eleicao-gp2', object='lionel messi', valor=1, timestamp=2025-05-19T14:15:15.671842}
2025-05-19 14:15:15.701 [org.springframework.amqp.rabbit.RabbitListenerEndpointContainer#1-1] INFO  com.eleicao.core.component.VotoListener - Voto processado e lista atualizada: VotoDTO{type='eleicao-gp2', object='49', valor=1, timestamp=2025-05-19T14:15:15.671842}
2025-05-19 14:15:15.701 [org.springframework.amqp.rabbit.RabbitListenerEndpointContainer#2-1] INFO  com.eleicao.core.component.WebSocketCandidatoListener - Recebido lista de candidatos via RabbitMQ, enviando via WebSocket: 7 candidatos
2025-05-19 14:15:15.701 [org.springframework.amqp.rabbit.RabbitListenerEndpointContainer#2-1] INFO  com.eleicao.core.component.WebSocketCandidatoListener - Lista de candidatos enviada via WebSocket com sucesso
2025-05-19 14:15:15.775 [org.springframework.amqp.rabbit.RabbitListenerEndpointContainer#1-1] INFO  com.eleicao.core.service.VotoService - Voto salvo: Voto{, type='eleicao-gp2', object='lionel messi', valor=1, timestamp=2025-05-19T14:15:15.775616600}
2025-05-19 14:15:15.799 [org.springframework.amqp.rabbit.RabbitListenerEndpointContainer#1-1] INFO  com.eleicao.core.component.VotoListener - Voto processado e lista atualizada: VotoDTO{type='eleicao-gp2', object='49', valor=1, timestamp=2025-05-19T14:15:15.775616600}
2025-05-19 14:15:15.800 [org.springframework.amqp.rabbit.RabbitListenerEndpointContainer#2-1] INFO  com.eleicao.core.component.WebSocketCandidatoListener - Recebido lista de candidatos via RabbitMQ, enviando via WebSocket: 7 candidatos
2025-05-19 14:15:15.800 [org.springframework.amqp.rabbit.RabbitListenerEndpointContainer#2-1] INFO  com.eleicao.core.component.WebSocketCandidatoListener - Lista de candidatos enviada via WebSocket com sucesso
2025-05-19 14:15:15.884 [org.springframework.amqp.rabbit.RabbitListenerEndpointContainer#1-1] INFO  com.eleicao.core.service.VotoService - Voto salvo: Voto{, type='eleicao-gp2', object='lionel messi', valor=1, timestamp=2025-05-19T14:15:15.876331200}
2025-05-19 14:15:15.900 [org.springframework.amqp.rabbit.RabbitListenerEndpointContainer#1-1] INFO  com.eleicao.core.component.VotoListener - Voto processado e lista atualizada: VotoDTO{type='eleicao-gp2', object='49', valor=1, timestamp=2025-05-19T14:15:15.876331200}
2025-05-19 14:15:15.900 [org.springframework.amqp.rabbit.RabbitListenerEndpointContainer#2-1] INFO  com.eleicao.core.component.WebSocketCandidatoListener - Recebido lista de candidatos via RabbitMQ, enviando via WebSocket: 7 candidatos
2025-05-19 14:15:15.900 [org.springframework.amqp.rabbit.RabbitListenerEndpointContainer#2-1] INFO  com.eleicao.core.component.WebSocketCandidatoListener - Lista de candidatos enviada via WebSocket com sucesso
2025-05-19 14:15:15.973 [org.springframework.amqp.rabbit.RabbitListenerEndpointContainer#1-1] INFO  com.eleicao.core.service.VotoService - Voto salvo: Voto{, type='eleicao-gp2', object='lionel messi', valor=1, timestamp=2025-05-19T14:15:15.968384100}
2025-05-19 14:15:15.990 [org.springframework.amqp.rabbit.RabbitListenerEndpointContainer#1-1] INFO  com.eleicao.core.component.VotoListener - Voto processado e lista atualizada: VotoDTO{type='eleicao-gp2', object='49', valor=1, timestamp=2025-05-19T14:15:15.968384100}
2025-05-19 14:15:15.998 [org.springframework.amqp.rabbit.RabbitListenerEndpointContainer#2-1] INFO  com.eleicao.core.component.WebSocketCandidatoListener - Recebido lista de candidatos via RabbitMQ, enviando via WebSocket: 7 candidatos
2025-05-19 14:15:16.001 [org.springframework.amqp.rabbit.RabbitListenerEndpointContainer#2-1] INFO  com.eleicao.core.component.WebSocketCandidatoListener - Lista de candidatos enviada via WebSocket com sucesso
2025-05-19 14:15:16.079 [org.springframework.amqp.rabbit.RabbitListenerEndpointContainer#1-1] INFO  com.eleicao.core.service.VotoService - Voto salvo: Voto{, type='eleicao-gp2', object='lionel messi', valor=1, timestamp=2025-05-19T14:15:16.071677300}
2025-05-19 14:15:16.100 [org.springframework.amqp.rabbit.RabbitListenerEndpointContainer#1-1] INFO  com.eleicao.core.component.VotoListener - Voto processado e lista atualizada: VotoDTO{type='eleicao-gp2', object='49', valor=1, timestamp=2025-05-19T14:15:16.071677300}
2025-05-19 14:15:16.100 [org.springframework.amqp.rabbit.RabbitListenerEndpointContainer#2-1] INFO  com.eleicao.core.component.WebSocketCandidatoListener - Recebido lista de candidatos via RabbitMQ, enviando via WebSocket: 7 candidatos
2025-05-19 14:15:16.100 [org.springframework.amqp.rabbit.RabbitListenerEndpointContainer#2-1] INFO  com.eleicao.core.component.WebSocketCandidatoListener - Lista de candidatos enviada via WebSocket com sucesso
2025-05-19 14:15:16.175 [org.springframework.amqp.rabbit.RabbitListenerEndpointContainer#1-1] INFO  com.eleicao.core.service.VotoService - Voto salvo: Voto{, type='eleicao-gp2', object='lionel messi', valor=1, timestamp=2025-05-19T14:15:16.167367500}
2025-05-19 14:15:16.185 [org.springframework.amqp.rabbit.RabbitListenerEndpointContainer#1-1] INFO  com.eleicao.core.component.VotoListener - Voto processado e lista atualizada: VotoDTO{type='eleicao-gp2', object='49', valor=1, timestamp=2025-05-19T14:15:16.167367500}
2025-05-19 14:15:16.185 [org.springframework.amqp.rabbit.RabbitListenerEndpointContainer#2-1] INFO  com.eleicao.core.component.WebSocketCandidatoListener - Recebido lista de candidatos via RabbitMQ, enviando via WebSocket: 7 candidatos
2025-05-19 14:15:16.185 [org.springframework.amqp.rabbit.RabbitListenerEndpointContainer#2-1] INFO  com.eleicao.core.component.WebSocketCandidatoListener - Lista de candidatos enviada via WebSocket com sucesso
2025-05-19 14:15:16.272 [org.springframework.amqp.rabbit.RabbitListenerEndpointContainer#1-1] INFO  com.eleicao.core.service.VotoService - Voto salvo: Voto{, type='eleicao-gp2', object='lionel messi', valor=1, timestamp=2025-05-19T14:15:16.272565500}
2025-05-19 14:15:16.296 [org.springframework.amqp.rabbit.RabbitListenerEndpointContainer#1-1] INFO  com.eleicao.core.component.VotoListener - Voto processado e lista atualizada: VotoDTO{type='eleicao-gp2', object='49', valor=1, timestamp=2025-05-19T14:15:16.272565500}
2025-05-19 14:15:16.296 [org.springframework.amqp.rabbit.RabbitListenerEndpointContainer#2-1] INFO  com.eleicao.core.component.WebSocketCandidatoListener - Recebido lista de candidatos via RabbitMQ, enviando via WebSocket: 7 candidatos
2025-05-19 14:15:16.301 [org.springframework.amqp.rabbit.RabbitListenerEndpointContainer#2-1] INFO  com.eleicao.core.component.WebSocketCandidatoListener - Lista de candidatos enviada via WebSocket com sucesso
2025-05-19 14:15:16.377 [org.springframework.amqp.rabbit.RabbitListenerEndpointContainer#1-1] INFO  com.eleicao.core.service.VotoService - Voto salvo: Voto{, type='eleicao-gp2', object='lionel messi', valor=1, timestamp=2025-05-19T14:15:16.369536800}
2025-05-19 14:15:16.394 [org.springframework.amqp.rabbit.RabbitListenerEndpointContainer#1-1] INFO  com.eleicao.core.component.VotoListener - Voto processado e lista atualizada: VotoDTO{type='eleicao-gp2', object='49', valor=1, timestamp=2025-05-19T14:15:16.369536800}
2025-05-19 14:15:16.400 [org.springframework.amqp.rabbit.RabbitListenerEndpointContainer#2-1] INFO  com.eleicao.core.component.WebSocketCandidatoListener - Recebido lista de candidatos via RabbitMQ, enviando via WebSocket: 7 candidatos
2025-05-19 14:15:16.400 [org.springframework.amqp.rabbit.RabbitListenerEndpointContainer#2-1] INFO  com.eleicao.core.component.WebSocketCandidatoListener - Lista de candidatos enviada via WebSocket com sucesso
2025-05-19 14:15:16.474 [org.springframework.amqp.rabbit.RabbitListenerEndpointContainer#1-1] INFO  com.eleicao.core.service.VotoService - Voto salvo: Voto{, type='eleicao-gp2', object='lionel messi', valor=1, timestamp=2025-05-19T14:15:16.474898600}
2025-05-19 14:15:16.500 [org.springframework.amqp.rabbit.RabbitListenerEndpointContainer#1-1] INFO  com.eleicao.core.component.VotoListener - Voto processado e lista atualizada: VotoDTO{type='eleicao-gp2', object='49', valor=1, timestamp=2025-05-19T14:15:16.474898600}
2025-05-19 14:15:16.501 [org.springframework.amqp.rabbit.RabbitListenerEndpointContainer#2-1] INFO  com.eleicao.core.component.WebSocketCandidatoListener - Recebido lista de candidatos via RabbitMQ, enviando via WebSocket: 7 candidatos
2025-05-19 14:15:16.501 [org.springframework.amqp.rabbit.RabbitListenerEndpointContainer#2-1] INFO  com.eleicao.core.component.WebSocketCandidatoListener - Lista de candidatos enviada via WebSocket com sucesso
2025-05-19 14:15:16.574 [org.springframework.amqp.rabbit.RabbitListenerEndpointContainer#1-1] INFO  com.eleicao.core.service.VotoService - Voto salvo: Voto{, type='eleicao-gp2', object='lionel messi', valor=1, timestamp=2025-05-19T14:15:16.572526600}
2025-05-19 14:15:16.600 [org.springframework.amqp.rabbit.RabbitListenerEndpointContainer#1-1] INFO  com.eleicao.core.component.VotoListener - Voto processado e lista atualizada: VotoDTO{type='eleicao-gp2', object='49', valor=1, timestamp=2025-05-19T14:15:16.572526600}
2025-05-19 14:15:16.601 [org.springframework.amqp.rabbit.RabbitListenerEndpointContainer#2-1] INFO  com.eleicao.core.component.WebSocketCandidatoListener - Recebido lista de candidatos via RabbitMQ, enviando via WebSocket: 7 candidatos
2025-05-19 14:15:16.603 [org.springframework.amqp.rabbit.RabbitListenerEndpointContainer#2-1] INFO  com.eleicao.core.component.WebSocketCandidatoListener - Lista de candidatos enviada via WebSocket com sucesso
2025-05-19 14:15:16.684 [org.springframework.amqp.rabbit.RabbitListenerEndpointContainer#1-1] INFO  com.eleicao.core.service.VotoService - Voto salvo: Voto{, type='eleicao-gp2', object='lionel messi', valor=1, timestamp=2025-05-19T14:15:16.674281400}
2025-05-19 14:15:16.700 [org.springframework.amqp.rabbit.RabbitListenerEndpointContainer#1-1] INFO  com.eleicao.core.component.VotoListener - Voto processado e lista atualizada: VotoDTO{type='eleicao-gp2', object='49', valor=1, timestamp=2025-05-19T14:15:16.674281400}
2025-05-19 14:15:16.707 [org.springframework.amqp.rabbit.RabbitListenerEndpointContainer#2-1] INFO  com.eleicao.core.component.WebSocketCandidatoListener - Recebido lista de candidatos via RabbitMQ, enviando via WebSocket: 7 candidatos
2025-05-19 14:15:16.710 [org.springframework.amqp.rabbit.RabbitListenerEndpointContainer#2-1] INFO  com.eleicao.core.component.WebSocketCandidatoListener - Lista de candidatos enviada via WebSocket com sucesso
2025-05-19 14:15:16.773 [org.springframework.amqp.rabbit.RabbitListenerEndpointContainer#1-1] INFO  com.eleicao.core.service.VotoService - Voto salvo: Voto{, type='eleicao-gp2', object='lionel messi', valor=1, timestamp=2025-05-19T14:15:16.773343400}
2025-05-19 14:15:16.797 [org.springframework.amqp.rabbit.RabbitListenerEndpointContainer#1-1] INFO  com.eleicao.core.component.VotoListener - Voto processado e lista atualizada: VotoDTO{type='eleicao-gp2', object='49', valor=1, timestamp=2025-05-19T14:15:16.773343400}
2025-05-19 14:15:16.798 [org.springframework.amqp.rabbit.RabbitListenerEndpointContainer#2-1] INFO  com.eleicao.core.component.WebSocketCandidatoListener - Recebido lista de candidatos via RabbitMQ, enviando via WebSocket: 7 candidatos
2025-05-19 14:15:16.801 [org.springframework.amqp.rabbit.RabbitListenerEndpointContainer#2-1] INFO  com.eleicao.core.component.WebSocketCandidatoListener - Lista de candidatos enviada via WebSocket com sucesso
2025-05-19 14:15:16.873 [org.springframework.amqp.rabbit.RabbitListenerEndpointContainer#1-1] INFO  com.eleicao.core.service.VotoService - Voto salvo: Voto{, type='eleicao-gp2', object='lionel messi', valor=1, timestamp=2025-05-19T14:15:16.869494200}
2025-05-19 14:15:16.895 [org.springframework.amqp.rabbit.RabbitListenerEndpointContainer#1-1] INFO  com.eleicao.core.component.VotoListener - Voto processado e lista atualizada: VotoDTO{type='eleicao-gp2', object='49', valor=1, timestamp=2025-05-19T14:15:16.869494200}
2025-05-19 14:15:16.898 [org.springframework.amqp.rabbit.RabbitListenerEndpointContainer#2-1] INFO  com.eleicao.core.component.WebSocketCandidatoListener - Recebido lista de candidatos via RabbitMQ, enviando via WebSocket: 7 candidatos
2025-05-19 14:15:16.900 [org.springframework.amqp.rabbit.RabbitListenerEndpointContainer#2-1] INFO  com.eleicao.core.component.WebSocketCandidatoListener - Lista de candidatos enviada via WebSocket com sucesso
2025-05-19 14:15:16.979 [org.springframework.amqp.rabbit.RabbitListenerEndpointContainer#1-1] INFO  com.eleicao.core.service.VotoService - Voto salvo: Voto{, type='eleicao-gp2', object='lionel messi', valor=1, timestamp=2025-05-19T14:15:16.970813}
2025-05-19 14:15:17.000 [org.springframework.amqp.rabbit.RabbitListenerEndpointContainer#1-1] INFO  com.eleicao.core.component.VotoListener - Voto processado e lista atualizada: VotoDTO{type='eleicao-gp2', object='49', valor=1, timestamp=2025-05-19T14:15:16.970813}
2025-05-19 14:15:17.001 [org.springframework.amqp.rabbit.RabbitListenerEndpointContainer#2-1] INFO  com.eleicao.core.component.WebSocketCandidatoListener - Recebido lista de candidatos via RabbitMQ, enviando via WebSocket: 7 candidatos
2025-05-19 14:15:17.001 [org.springframework.amqp.rabbit.RabbitListenerEndpointContainer#2-1] INFO  com.eleicao.core.component.WebSocketCandidatoListener - Lista de candidatos enviada via WebSocket com sucesso
2025-05-19 14:15:17.075 [org.springframework.amqp.rabbit.RabbitListenerEndpointContainer#1-1] INFO  com.eleicao.core.service.VotoService - Voto salvo: Voto{, type='eleicao-gp2', object='lionel messi', valor=1, timestamp=2025-05-19T14:15:17.067610900}
2025-05-19 14:15:17.091 [org.springframework.amqp.rabbit.RabbitListenerEndpointContainer#1-1] INFO  com.eleicao.core.component.VotoListener - Voto processado e lista atualizada: VotoDTO{type='eleicao-gp2', object='49', valor=1, timestamp=2025-05-19T14:15:17.067610900}
2025-05-19 14:15:17.091 [org.springframework.amqp.rabbit.RabbitListenerEndpointContainer#2-1] INFO  com.eleicao.core.component.WebSocketCandidatoListener - Recebido lista de candidatos via RabbitMQ, enviando via WebSocket: 7 candidatos
2025-05-19 14:15:17.100 [org.springframework.amqp.rabbit.RabbitListenerEndpointContainer#2-1] INFO  com.eleicao.core.component.WebSocketCandidatoListener - Lista de candidatos enviada via WebSocket com sucesso
2025-05-19 14:15:17.177 [org.springframework.amqp.rabbit.RabbitListenerEndpointContainer#1-1] INFO  com.eleicao.core.service.VotoService - Voto salvo: Voto{, type='eleicao-gp2', object='lionel messi', valor=1, timestamp=2025-05-19T14:15:17.167348700}
2025-05-19 14:15:17.189 [org.springframework.amqp.rabbit.RabbitListenerEndpointContainer#1-1] INFO  com.eleicao.core.component.VotoListener - Voto processado e lista atualizada: VotoDTO{type='eleicao-gp2', object='49', valor=1, timestamp=2025-05-19T14:15:17.167348700}
2025-05-19 14:15:17.197 [org.springframework.amqp.rabbit.RabbitListenerEndpointContainer#2-1] INFO  com.eleicao.core.component.WebSocketCandidatoListener - Recebido lista de candidatos via RabbitMQ, enviando via WebSocket: 7 candidatos
2025-05-19 14:15:17.200 [org.springframework.amqp.rabbit.RabbitListenerEndpointContainer#2-1] INFO  com.eleicao.core.component.WebSocketCandidatoListener - Lista de candidatos enviada via WebSocket com sucesso
2025-05-19 14:15:17.275 [org.springframework.amqp.rabbit.RabbitListenerEndpointContainer#1-1] INFO  com.eleicao.core.service.VotoService - Voto salvo: Voto{, type='eleicao-gp2', object='lionel messi', valor=1, timestamp=2025-05-19T14:15:17.267490900}
2025-05-19 14:15:17.290 [org.springframework.amqp.rabbit.RabbitListenerEndpointContainer#1-1] INFO  com.eleicao.core.component.VotoListener - Voto processado e lista atualizada: VotoDTO{type='eleicao-gp2', object='49', valor=1, timestamp=2025-05-19T14:15:17.267490900}
2025-05-19 14:15:17.295 [org.springframework.amqp.rabbit.RabbitListenerEndpointContainer#2-1] INFO  com.eleicao.core.component.WebSocketCandidatoListener - Recebido lista de candidatos via RabbitMQ, enviando via WebSocket: 7 candidatos
2025-05-19 14:15:17.295 [org.springframework.amqp.rabbit.RabbitListenerEndpointContainer#2-1] INFO  com.eleicao.core.component.WebSocketCandidatoListener - Lista de candidatos enviada via WebSocket com sucesso
2025-05-19 14:15:17.376 [org.springframework.amqp.rabbit.RabbitListenerEndpointContainer#1-1] INFO  com.eleicao.core.service.VotoService - Voto salvo: Voto{, type='eleicao-gp2', object='lionel messi', valor=1, timestamp=2025-05-19T14:15:17.368250300}
2025-05-19 14:15:17.398 [org.springframework.amqp.rabbit.RabbitListenerEndpointContainer#1-1] INFO  com.eleicao.core.component.VotoListener - Voto processado e lista atualizada: VotoDTO{type='eleicao-gp2', object='49', valor=1, timestamp=2025-05-19T14:15:17.368250300}
2025-05-19 14:15:17.399 [org.springframework.amqp.rabbit.RabbitListenerEndpointContainer#2-1] INFO  com.eleicao.core.component.WebSocketCandidatoListener - Recebido lista de candidatos via RabbitMQ, enviando via WebSocket: 7 candidatos
2025-05-19 14:15:17.399 [org.springframework.amqp.rabbit.RabbitListenerEndpointContainer#2-1] INFO  com.eleicao.core.component.WebSocketCandidatoListener - Lista de candidatos enviada via WebSocket com sucesso
2025-05-19 14:15:17.474 [org.springframework.amqp.rabbit.RabbitListenerEndpointContainer#1-1] INFO  com.eleicao.core.service.VotoService - Voto salvo: Voto{, type='eleicao-gp2', object='lionel messi', valor=1, timestamp=2025-05-19T14:15:17.471072600}
2025-05-19 14:15:17.490 [org.springframework.amqp.rabbit.RabbitListenerEndpointContainer#1-1] INFO  com.eleicao.core.component.VotoListener - Voto processado e lista atualizada: VotoDTO{type='eleicao-gp2', object='49', valor=1, timestamp=2025-05-19T14:15:17.471072600}
2025-05-19 14:15:17.490 [org.springframework.amqp.rabbit.RabbitListenerEndpointContainer#2-1] INFO  com.eleicao.core.component.WebSocketCandidatoListener - Recebido lista de candidatos via RabbitMQ, enviando via WebSocket: 7 candidatos
2025-05-19 14:15:17.490 [org.springframework.amqp.rabbit.RabbitListenerEndpointContainer#2-1] INFO  com.eleicao.core.component.WebSocketCandidatoListener - Lista de candidatos enviada via WebSocket com sucesso
2025-05-19 14:15:17.571 [org.springframework.amqp.rabbit.RabbitListenerEndpointContainer#1-1] INFO  com.eleicao.core.service.VotoService - Voto salvo: Voto{, type='eleicao-gp2', object='lionel messi', valor=1, timestamp=2025-05-19T14:15:17.567598}
2025-05-19 14:15:17.587 [org.springframework.amqp.rabbit.RabbitListenerEndpointContainer#1-1] INFO  com.eleicao.core.component.VotoListener - Voto processado e lista atualizada: VotoDTO{type='eleicao-gp2', object='49', valor=1, timestamp=2025-05-19T14:15:17.567598}
2025-05-19 14:15:17.592 [org.springframework.amqp.rabbit.RabbitListenerEndpointContainer#2-1] INFO  com.eleicao.core.component.WebSocketCandidatoListener - Recebido lista de candidatos via RabbitMQ, enviando via WebSocket: 7 candidatos
2025-05-19 14:15:17.592 [org.springframework.amqp.rabbit.RabbitListenerEndpointContainer#2-1] INFO  com.eleicao.core.component.WebSocketCandidatoListener - Lista de candidatos enviada via WebSocket com sucesso
2025-05-19 14:15:17.676 [org.springframework.amqp.rabbit.RabbitListenerEndpointContainer#1-1] INFO  com.eleicao.core.service.VotoService - Voto salvo: Voto{, type='eleicao-gp2', object='lionel messi', valor=1, timestamp=2025-05-19T14:15:17.671808800}
2025-05-19 14:15:17.726 [org.springframework.amqp.rabbit.RabbitListenerEndpointContainer#1-1] INFO  com.eleicao.core.component.VotoListener - Voto processado e lista atualizada: VotoDTO{type='eleicao-gp2', object='49', valor=1, timestamp=2025-05-19T14:15:17.671808800}
2025-05-19 14:15:17.728 [org.springframework.amqp.rabbit.RabbitListenerEndpointContainer#2-1] INFO  com.eleicao.core.component.WebSocketCandidatoListener - Recebido lista de candidatos via RabbitMQ, enviando via WebSocket: 7 candidatos
2025-05-19 14:15:17.730 [org.springframework.amqp.rabbit.RabbitListenerEndpointContainer#2-1] INFO  com.eleicao.core.component.WebSocketCandidatoListener - Lista de candidatos enviada via WebSocket com sucesso
2025-05-19 14:15:17.774 [org.springframework.amqp.rabbit.RabbitListenerEndpointContainer#1-1] INFO  com.eleicao.core.service.VotoService - Voto salvo: Voto{, type='eleicao-gp2', object='lionel messi', valor=1, timestamp=2025-05-19T14:15:17.772547700}
2025-05-19 14:15:17.782 [org.springframework.amqp.rabbit.RabbitListenerEndpointContainer#1-1] INFO  com.eleicao.core.component.VotoListener - Voto processado e lista atualizada: VotoDTO{type='eleicao-gp2', object='49', valor=1, timestamp=2025-05-19T14:15:17.772547700}
2025-05-19 14:15:17.798 [org.springframework.amqp.rabbit.RabbitListenerEndpointContainer#2-1] INFO  com.eleicao.core.component.WebSocketCandidatoListener - Recebido lista de candidatos via RabbitMQ, enviando via WebSocket: 7 candidatos
2025-05-19 14:15:17.799 [org.springframework.amqp.rabbit.RabbitListenerEndpointContainer#2-1] INFO  com.eleicao.core.component.WebSocketCandidatoListener - Lista de candidatos enviada via WebSocket com sucesso
2025-05-19 14:15:17.875 [org.springframework.amqp.rabbit.RabbitListenerEndpointContainer#1-1] INFO  com.eleicao.core.service.VotoService - Voto salvo: Voto{, type='eleicao-gp2', object='lionel messi', valor=1, timestamp=2025-05-19T14:15:17.869066800}
2025-05-19 14:15:17.921 [org.springframework.amqp.rabbit.RabbitListenerEndpointContainer#1-1] INFO  com.eleicao.core.component.VotoListener - Voto processado e lista atualizada: VotoDTO{type='eleicao-gp2', object='49', valor=1, timestamp=2025-05-19T14:15:17.869066800}
2025-05-19 14:15:17.926 [org.springframework.amqp.rabbit.RabbitListenerEndpointContainer#2-1] INFO  com.eleicao.core.component.WebSocketCandidatoListener - Recebido lista de candidatos via RabbitMQ, enviando via WebSocket: 7 candidatos
2025-05-19 14:15:17.926 [org.springframework.amqp.rabbit.RabbitListenerEndpointContainer#2-1] INFO  com.eleicao.core.component.WebSocketCandidatoListener - Lista de candidatos enviada via WebSocket com sucesso
2025-05-19 14:15:17.974 [org.springframework.amqp.rabbit.RabbitListenerEndpointContainer#1-1] INFO  com.eleicao.core.service.VotoService - Voto salvo: Voto{, type='eleicao-gp2', object='lionel messi', valor=1, timestamp=2025-05-19T14:15:17.969542800}
2025-05-19 14:15:17.993 [org.springframework.amqp.rabbit.RabbitListenerEndpointContainer#1-1] INFO  com.eleicao.core.component.VotoListener - Voto processado e lista atualizada: VotoDTO{type='eleicao-gp2', object='49', valor=1, timestamp=2025-05-19T14:15:17.969542800}
2025-05-19 14:15:17.995 [org.springframework.amqp.rabbit.RabbitListenerEndpointContainer#2-1] INFO  com.eleicao.core.component.WebSocketCandidatoListener - Recebido lista de candidatos via RabbitMQ, enviando via WebSocket: 7 candidatos
2025-05-19 14:15:17.995 [org.springframework.amqp.rabbit.RabbitListenerEndpointContainer#2-1] INFO  com.eleicao.core.component.WebSocketCandidatoListener - Lista de candidatos enviada via WebSocket com sucesso
2025-05-19 14:15:18.071 [org.springframework.amqp.rabbit.RabbitListenerEndpointContainer#1-1] INFO  com.eleicao.core.service.VotoService - Voto salvo: Voto{, type='eleicao-gp2', object='lionel messi', valor=1, timestamp=2025-05-19T14:15:18.067359900}
2025-05-19 14:15:18.085 [org.springframework.amqp.rabbit.RabbitListenerEndpointContainer#1-1] INFO  com.eleicao.core.component.VotoListener - Voto processado e lista atualizada: VotoDTO{type='eleicao-gp2', object='49', valor=1, timestamp=2025-05-19T14:15:18.067359900}
2025-05-19 14:15:18.087 [org.springframework.amqp.rabbit.RabbitListenerEndpointContainer#2-1] INFO  com.eleicao.core.component.WebSocketCandidatoListener - Recebido lista de candidatos via RabbitMQ, enviando via WebSocket: 7 candidatos
2025-05-19 14:15:18.087 [org.springframework.amqp.rabbit.RabbitListenerEndpointContainer#2-1] INFO  com.eleicao.core.component.WebSocketCandidatoListener - Lista de candidatos enviada via WebSocket com sucesso
2025-05-19 14:15:18.175 [org.springframework.amqp.rabbit.RabbitListenerEndpointContainer#1-1] INFO  com.eleicao.core.service.VotoService - Voto salvo: Voto{, type='eleicao-gp2', object='lionel messi', valor=1, timestamp=2025-05-19T14:15:18.166261}
2025-05-19 14:15:18.194 [org.springframework.amqp.rabbit.RabbitListenerEndpointContainer#1-1] INFO  com.eleicao.core.component.VotoListener - Voto processado e lista atualizada: VotoDTO{type='eleicao-gp2', object='49', valor=1, timestamp=2025-05-19T14:15:18.166261}
2025-05-19 14:15:18.198 [org.springframework.amqp.rabbit.RabbitListenerEndpointContainer#2-1] INFO  com.eleicao.core.component.WebSocketCandidatoListener - Recebido lista de candidatos via RabbitMQ, enviando via WebSocket: 7 candidatos
2025-05-19 14:15:18.198 [org.springframework.amqp.rabbit.RabbitListenerEndpointContainer#2-1] INFO  com.eleicao.core.component.WebSocketCandidatoListener - Lista de candidatos enviada via WebSocket com sucesso
2025-05-19 14:15:18.271 [org.springframework.amqp.rabbit.RabbitListenerEndpointContainer#1-1] INFO  com.eleicao.core.service.VotoService - Voto salvo: Voto{, type='eleicao-gp2', object='lionel messi', valor=1, timestamp=2025-05-19T14:15:18.268681400}
2025-05-19 14:15:18.287 [org.springframework.amqp.rabbit.RabbitListenerEndpointContainer#1-1] INFO  com.eleicao.core.component.VotoListener - Voto processado e lista atualizada: VotoDTO{type='eleicao-gp2', object='49', valor=1, timestamp=2025-05-19T14:15:18.268681400}
2025-05-19 14:15:18.287 [org.springframework.amqp.rabbit.RabbitListenerEndpointContainer#2-1] INFO  com.eleicao.core.component.WebSocketCandidatoListener - Recebido lista de candidatos via RabbitMQ, enviando via WebSocket: 7 candidatos
2025-05-19 14:15:18.293 [org.springframework.amqp.rabbit.RabbitListenerEndpointContainer#2-1] INFO  com.eleicao.core.component.WebSocketCandidatoListener - Lista de candidatos enviada via WebSocket com sucesso
2025-05-19 14:15:18.373 [org.springframework.amqp.rabbit.RabbitListenerEndpointContainer#1-1] INFO  com.eleicao.core.service.VotoService - Voto salvo: Voto{, type='eleicao-gp2', object='lionel messi', valor=1, timestamp=2025-05-19T14:15:18.365753600}
2025-05-19 14:15:18.382 [org.springframework.amqp.rabbit.RabbitListenerEndpointContainer#1-1] INFO  com.eleicao.core.component.VotoListener - Voto processado e lista atualizada: VotoDTO{type='eleicao-gp2', object='49', valor=1, timestamp=2025-05-19T14:15:18.365753600}
2025-05-19 14:15:18.382 [org.springframework.amqp.rabbit.RabbitListenerEndpointContainer#2-1] INFO  com.eleicao.core.component.WebSocketCandidatoListener - Recebido lista de candidatos via RabbitMQ, enviando via WebSocket: 7 candidatos
2025-05-19 14:15:18.398 [org.springframework.amqp.rabbit.RabbitListenerEndpointContainer#2-1] INFO  com.eleicao.core.component.WebSocketCandidatoListener - Lista de candidatos enviada via WebSocket com sucesso
2025-05-19 14:15:18.477 [org.springframework.amqp.rabbit.RabbitListenerEndpointContainer#1-1] INFO  com.eleicao.core.service.VotoService - Voto salvo: Voto{, type='eleicao-gp2', object='lionel messi', valor=1, timestamp=2025-05-19T14:15:18.471681300}
2025-05-19 14:15:18.488 [org.springframework.amqp.rabbit.RabbitListenerEndpointContainer#1-1] INFO  com.eleicao.core.component.VotoListener - Voto processado e lista atualizada: VotoDTO{type='eleicao-gp2', object='49', valor=1, timestamp=2025-05-19T14:15:18.471681300}
2025-05-19 14:15:18.497 [org.springframework.amqp.rabbit.RabbitListenerEndpointContainer#2-1] INFO  com.eleicao.core.component.WebSocketCandidatoListener - Recebido lista de candidatos via RabbitMQ, enviando via WebSocket: 7 candidatos
2025-05-19 14:15:18.497 [org.springframework.amqp.rabbit.RabbitListenerEndpointContainer#2-1] INFO  com.eleicao.core.component.WebSocketCandidatoListener - Lista de candidatos enviada via WebSocket com sucesso
2025-05-19 14:15:18.569 [org.springframework.amqp.rabbit.RabbitListenerEndpointContainer#1-1] INFO  com.eleicao.core.service.VotoService - Voto salvo: Voto{, type='eleicao-gp2', object='lionel messi', valor=1, timestamp=2025-05-19T14:15:18.566660600}
2025-05-19 14:15:18.585 [org.springframework.amqp.rabbit.RabbitListenerEndpointContainer#1-1] INFO  com.eleicao.core.component.VotoListener - Voto processado e lista atualizada: VotoDTO{type='eleicao-gp2', object='49', valor=1, timestamp=2025-05-19T14:15:18.566660600}
2025-05-19 14:15:18.585 [org.springframework.amqp.rabbit.RabbitListenerEndpointContainer#2-1] INFO  com.eleicao.core.component.WebSocketCandidatoListener - Recebido lista de candidatos via RabbitMQ, enviando via WebSocket: 7 candidatos
2025-05-19 14:15:18.594 [org.springframework.amqp.rabbit.RabbitListenerEndpointContainer#2-1] INFO  com.eleicao.core.component.WebSocketCandidatoListener - Lista de candidatos enviada via WebSocket com sucesso
2025-05-19 14:15:18.666 [org.springframework.amqp.rabbit.RabbitListenerEndpointContainer#1-1] INFO  com.eleicao.core.service.VotoService - Voto salvo: Voto{, type='eleicao-gp2', object='lionel messi', valor=1, timestamp=2025-05-19T14:15:18.666297700}
2025-05-19 14:15:18.685 [org.springframework.amqp.rabbit.RabbitListenerEndpointContainer#1-1] INFO  com.eleicao.core.component.VotoListener - Voto processado e lista atualizada: VotoDTO{type='eleicao-gp2', object='49', valor=1, timestamp=2025-05-19T14:15:18.666297700}
2025-05-19 14:15:18.690 [org.springframework.amqp.rabbit.RabbitListenerEndpointContainer#2-1] INFO  com.eleicao.core.component.WebSocketCandidatoListener - Recebido lista de candidatos via RabbitMQ, enviando via WebSocket: 7 candidatos
2025-05-19 14:15:18.692 [org.springframework.amqp.rabbit.RabbitListenerEndpointContainer#2-1] INFO  com.eleicao.core.component.WebSocketCandidatoListener - Lista de candidatos enviada via WebSocket com sucesso
2025-05-19 14:15:18.772 [org.springframework.amqp.rabbit.RabbitListenerEndpointContainer#1-1] INFO  com.eleicao.core.service.VotoService - Voto salvo: Voto{, type='eleicao-gp2', object='lionel messi', valor=1, timestamp=2025-05-19T14:15:18.766390}
2025-05-19 14:15:18.782 [org.springframework.amqp.rabbit.RabbitListenerEndpointContainer#1-1] INFO  com.eleicao.core.component.VotoListener - Voto processado e lista atualizada: VotoDTO{type='eleicao-gp2', object='49', valor=1, timestamp=2025-05-19T14:15:18.766390}
2025-05-19 14:15:18.782 [org.springframework.amqp.rabbit.RabbitListenerEndpointContainer#2-1] INFO  com.eleicao.core.component.WebSocketCandidatoListener - Recebido lista de candidatos via RabbitMQ, enviando via WebSocket: 7 candidatos
2025-05-19 14:15:18.782 [org.springframework.amqp.rabbit.RabbitListenerEndpointContainer#2-1] INFO  com.eleicao.core.component.WebSocketCandidatoListener - Lista de candidatos enviada via WebSocket com sucesso
2025-05-19 14:15:18.876 [org.springframework.amqp.rabbit.RabbitListenerEndpointContainer#1-1] INFO  com.eleicao.core.service.VotoService - Voto salvo: Voto{, type='eleicao-gp2', object='lionel messi', valor=1, timestamp=2025-05-19T14:15:18.870783300}
2025-05-19 14:15:18.893 [org.springframework.amqp.rabbit.RabbitListenerEndpointContainer#1-1] INFO  com.eleicao.core.component.VotoListener - Voto processado e lista atualizada: VotoDTO{type='eleicao-gp2', object='49', valor=1, timestamp=2025-05-19T14:15:18.870783300}
2025-05-19 14:15:18.898 [org.springframework.amqp.rabbit.RabbitListenerEndpointContainer#2-1] INFO  com.eleicao.core.component.WebSocketCandidatoListener - Recebido lista de candidatos via RabbitMQ, enviando via WebSocket: 7 candidatos
2025-05-19 14:15:18.898 [org.springframework.amqp.rabbit.RabbitListenerEndpointContainer#2-1] INFO  com.eleicao.core.component.WebSocketCandidatoListener - Lista de candidatos enviada via WebSocket com sucesso
2025-05-19 14:15:18.970 [org.springframework.amqp.rabbit.RabbitListenerEndpointContainer#1-1] INFO  com.eleicao.core.service.VotoService - Voto salvo: Voto{, type='eleicao-gp2', object='lionel messi', valor=1, timestamp=2025-05-19T14:15:18.966299800}
2025-05-19 14:15:18.987 [org.springframework.amqp.rabbit.RabbitListenerEndpointContainer#1-1] INFO  com.eleicao.core.component.VotoListener - Voto processado e lista atualizada: VotoDTO{type='eleicao-gp2', object='49', valor=1, timestamp=2025-05-19T14:15:18.966299800}
2025-05-19 14:15:18.989 [org.springframework.amqp.rabbit.RabbitListenerEndpointContainer#2-1] INFO  com.eleicao.core.component.WebSocketCandidatoListener - Recebido lista de candidatos via RabbitMQ, enviando via WebSocket: 7 candidatos
2025-05-19 14:15:18.989 [org.springframework.amqp.rabbit.RabbitListenerEndpointContainer#2-1] INFO  com.eleicao.core.component.WebSocketCandidatoListener - Lista de candidatos enviada via WebSocket com sucesso
2025-05-19 14:15:19.069 [org.springframework.amqp.rabbit.RabbitListenerEndpointContainer#1-1] INFO  com.eleicao.core.service.VotoService - Voto salvo: Voto{, type='eleicao-gp2', object='lionel messi', valor=1, timestamp=2025-05-19T14:15:19.067303700}
2025-05-19 14:15:19.086 [org.springframework.amqp.rabbit.RabbitListenerEndpointContainer#1-1] INFO  com.eleicao.core.component.VotoListener - Voto processado e lista atualizada: VotoDTO{type='eleicao-gp2', object='49', valor=1, timestamp=2025-05-19T14:15:19.067303700}
2025-05-19 14:15:19.086 [org.springframework.amqp.rabbit.RabbitListenerEndpointContainer#2-1] INFO  com.eleicao.core.component.WebSocketCandidatoListener - Recebido lista de candidatos via RabbitMQ, enviando via WebSocket: 7 candidatos
2025-05-19 14:15:19.086 [org.springframework.amqp.rabbit.RabbitListenerEndpointContainer#2-1] INFO  com.eleicao.core.component.WebSocketCandidatoListener - Lista de candidatos enviada via WebSocket com sucesso
2025-05-19 14:15:19.166 [org.springframework.amqp.rabbit.RabbitListenerEndpointContainer#1-1] INFO  com.eleicao.core.service.VotoService - Voto salvo: Voto{, type='eleicao-gp2', object='lionel messi', valor=1, timestamp=2025-05-19T14:15:19.166810500}
2025-05-19 14:15:19.191 [org.springframework.amqp.rabbit.RabbitListenerEndpointContainer#1-1] INFO  com.eleicao.core.component.VotoListener - Voto processado e lista atualizada: VotoDTO{type='eleicao-gp2', object='49', valor=1, timestamp=2025-05-19T14:15:19.166810500}
2025-05-19 14:15:19.191 [org.springframework.amqp.rabbit.RabbitListenerEndpointContainer#2-1] INFO  com.eleicao.core.component.WebSocketCandidatoListener - Recebido lista de candidatos via RabbitMQ, enviando via WebSocket: 7 candidatos
2025-05-19 14:15:19.191 [org.springframework.amqp.rabbit.RabbitListenerEndpointContainer#2-1] INFO  com.eleicao.core.component.WebSocketCandidatoListener - Lista de candidatos enviada via WebSocket com sucesso
2025-05-19 14:15:19.271 [org.springframework.amqp.rabbit.RabbitListenerEndpointContainer#1-1] INFO  com.eleicao.core.service.VotoService - Voto salvo: Voto{, type='eleicao-gp2', object='lionel messi', valor=1, timestamp=2025-05-19T14:15:19.265955600}
2025-05-19 14:15:19.287 [org.springframework.amqp.rabbit.RabbitListenerEndpointContainer#1-1] INFO  com.eleicao.core.component.VotoListener - Voto processado e lista atualizada: VotoDTO{type='eleicao-gp2', object='49', valor=1, timestamp=2025-05-19T14:15:19.265955600}
2025-05-19 14:15:19.287 [org.springframework.amqp.rabbit.RabbitListenerEndpointContainer#2-1] INFO  com.eleicao.core.component.WebSocketCandidatoListener - Recebido lista de candidatos via RabbitMQ, enviando via WebSocket: 7 candidatos
2025-05-19 14:15:19.287 [org.springframework.amqp.rabbit.RabbitListenerEndpointContainer#2-1] INFO  com.eleicao.core.component.WebSocketCandidatoListener - Lista de candidatos enviada via WebSocket com sucesso
2025-05-19 14:15:19.371 [org.springframework.amqp.rabbit.RabbitListenerEndpointContainer#1-1] INFO  com.eleicao.core.service.VotoService - Voto salvo: Voto{, type='eleicao-gp2', object='lionel messi', valor=1, timestamp=2025-05-19T14:15:19.364808600}
2025-05-19 14:15:19.383 [org.springframework.amqp.rabbit.RabbitListenerEndpointContainer#1-1] INFO  com.eleicao.core.component.VotoListener - Voto processado e lista atualizada: VotoDTO{type='eleicao-gp2', object='49', valor=1, timestamp=2025-05-19T14:15:19.364808600}
2025-05-19 14:15:19.383 [org.springframework.amqp.rabbit.RabbitListenerEndpointContainer#2-1] INFO  com.eleicao.core.component.WebSocketCandidatoListener - Recebido lista de candidatos via RabbitMQ, enviando via WebSocket: 7 candidatos
2025-05-19 14:15:19.383 [org.springframework.amqp.rabbit.RabbitListenerEndpointContainer#2-1] INFO  com.eleicao.core.component.WebSocketCandidatoListener - Lista de candidatos enviada via WebSocket com sucesso
2025-05-19 14:15:19.474 [org.springframework.amqp.rabbit.RabbitListenerEndpointContainer#1-1] INFO  com.eleicao.core.service.VotoService - Voto salvo: Voto{, type='eleicao-gp2', object='lionel messi', valor=1, timestamp=2025-05-19T14:15:19.467728200}
2025-05-19 14:15:19.501 [org.springframework.amqp.rabbit.RabbitListenerEndpointContainer#1-1] INFO  com.eleicao.core.component.VotoListener - Voto processado e lista atualizada: VotoDTO{type='eleicao-gp2', object='49', valor=1, timestamp=2025-05-19T14:15:19.467728200}
2025-05-19 14:15:19.503 [org.springframework.amqp.rabbit.RabbitListenerEndpointContainer#2-1] INFO  com.eleicao.core.component.WebSocketCandidatoListener - Recebido lista de candidatos via RabbitMQ, enviando via WebSocket: 7 candidatos
2025-05-19 14:15:19.503 [org.springframework.amqp.rabbit.RabbitListenerEndpointContainer#2-1] INFO  com.eleicao.core.component.WebSocketCandidatoListener - Lista de candidatos enviada via WebSocket com sucesso
2025-05-19 14:15:19.569 [org.springframework.amqp.rabbit.RabbitListenerEndpointContainer#1-1] INFO  com.eleicao.core.service.VotoService - Voto salvo: Voto{, type='eleicao-gp2', object='lionel messi', valor=1, timestamp=2025-05-19T14:15:19.565339700}
2025-05-19 14:15:19.582 [org.springframework.amqp.rabbit.RabbitListenerEndpointContainer#1-1] INFO  com.eleicao.core.component.VotoListener - Voto processado e lista atualizada: VotoDTO{type='eleicao-gp2', object='49', valor=1, timestamp=2025-05-19T14:15:19.565339700}
2025-05-19 14:15:19.582 [org.springframework.amqp.rabbit.RabbitListenerEndpointContainer#2-1] INFO  com.eleicao.core.component.WebSocketCandidatoListener - Recebido lista de candidatos via RabbitMQ, enviando via WebSocket: 7 candidatos
2025-05-19 14:15:19.582 [org.springframework.amqp.rabbit.RabbitListenerEndpointContainer#2-1] INFO  com.eleicao.core.component.WebSocketCandidatoListener - Lista de candidatos enviada via WebSocket com sucesso
2025-05-19 14:15:19.669 [org.springframework.amqp.rabbit.RabbitListenerEndpointContainer#1-1] INFO  com.eleicao.core.service.VotoService - Voto salvo: Voto{, type='eleicao-gp2', object='lionel messi', valor=1, timestamp=2025-05-19T14:15:19.665670500}
2025-05-19 14:15:19.697 [org.springframework.amqp.rabbit.RabbitListenerEndpointContainer#1-1] INFO  com.eleicao.core.component.VotoListener - Voto processado e lista atualizada: VotoDTO{type='eleicao-gp2', object='49', valor=1, timestamp=2025-05-19T14:15:19.665670500}
2025-05-19 14:15:19.697 [org.springframework.amqp.rabbit.RabbitListenerEndpointContainer#2-1] INFO  com.eleicao.core.component.WebSocketCandidatoListener - Recebido lista de candidatos via RabbitMQ, enviando via WebSocket: 7 candidatos
2025-05-19 14:15:19.697 [org.springframework.amqp.rabbit.RabbitListenerEndpointContainer#2-1] INFO  com.eleicao.core.component.WebSocketCandidatoListener - Lista de candidatos enviada via WebSocket com sucesso
2025-05-19 14:15:19.772 [org.springframework.amqp.rabbit.RabbitListenerEndpointContainer#1-1] INFO  com.eleicao.core.service.VotoService - Voto salvo: Voto{, type='eleicao-gp2', object='lionel messi', valor=1, timestamp=2025-05-19T14:15:19.765400300}
2025-05-19 14:15:19.786 [org.springframework.amqp.rabbit.RabbitListenerEndpointContainer#1-1] INFO  com.eleicao.core.component.VotoListener - Voto processado e lista atualizada: VotoDTO{type='eleicao-gp2', object='49', valor=1, timestamp=2025-05-19T14:15:19.765400300}
2025-05-19 14:15:19.788 [org.springframework.amqp.rabbit.RabbitListenerEndpointContainer#2-1] INFO  com.eleicao.core.component.WebSocketCandidatoListener - Recebido lista de candidatos via RabbitMQ, enviando via WebSocket: 7 candidatos
2025-05-19 14:15:19.788 [org.springframework.amqp.rabbit.RabbitListenerEndpointContainer#2-1] INFO  com.eleicao.core.component.WebSocketCandidatoListener - Lista de candidatos enviada via WebSocket com sucesso
2025-05-19 14:15:19.868 [org.springframework.amqp.rabbit.RabbitListenerEndpointContainer#1-1] INFO  com.eleicao.core.service.VotoService - Voto salvo: Voto{, type='eleicao-gp2', object='lionel messi', valor=1, timestamp=2025-05-19T14:15:19.860297600}
2025-05-19 14:15:19.885 [org.springframework.amqp.rabbit.RabbitListenerEndpointContainer#1-1] INFO  com.eleicao.core.component.VotoListener - Voto processado e lista atualizada: VotoDTO{type='eleicao-gp2', object='49', valor=1, timestamp=2025-05-19T14:15:19.860297600}
2025-05-19 14:15:19.887 [org.springframework.amqp.rabbit.RabbitListenerEndpointContainer#2-1] INFO  com.eleicao.core.component.WebSocketCandidatoListener - Recebido lista de candidatos via RabbitMQ, enviando via WebSocket: 7 candidatos
2025-05-19 14:15:19.887 [org.springframework.amqp.rabbit.RabbitListenerEndpointContainer#2-1] INFO  com.eleicao.core.component.WebSocketCandidatoListener - Lista de candidatos enviada via WebSocket com sucesso
2025-05-19 14:15:19.973 [org.springframework.amqp.rabbit.RabbitListenerEndpointContainer#1-1] INFO  com.eleicao.core.service.VotoService - Voto salvo: Voto{, type='eleicao-gp2', object='lionel messi', valor=1, timestamp=2025-05-19T14:15:19.964305200}
2025-05-19 14:15:19.995 [org.springframework.amqp.rabbit.RabbitListenerEndpointContainer#1-1] INFO  com.eleicao.core.component.VotoListener - Voto processado e lista atualizada: VotoDTO{type='eleicao-gp2', object='49', valor=1, timestamp=2025-05-19T14:15:19.964305200}
2025-05-19 14:15:19.999 [org.springframework.amqp.rabbit.RabbitListenerEndpointContainer#2-1] INFO  com.eleicao.core.component.WebSocketCandidatoListener - Recebido lista de candidatos via RabbitMQ, enviando via WebSocket: 7 candidatos
2025-05-19 14:15:19.999 [org.springframework.amqp.rabbit.RabbitListenerEndpointContainer#2-1] INFO  com.eleicao.core.component.WebSocketCandidatoListener - Lista de candidatos enviada via WebSocket com sucesso
2025-05-19 14:15:20.069 [org.springframework.amqp.rabbit.RabbitListenerEndpointContainer#1-1] INFO  com.eleicao.core.service.VotoService - Voto salvo: Voto{, type='eleicao-gp2', object='lionel messi', valor=1, timestamp=2025-05-19T14:15:20.064276400}
2025-05-19 14:15:20.081 [org.springframework.amqp.rabbit.RabbitListenerEndpointContainer#1-1] INFO  com.eleicao.core.component.VotoListener - Voto processado e lista atualizada: VotoDTO{type='eleicao-gp2', object='49', valor=1, timestamp=2025-05-19T14:15:20.064276400}
2025-05-19 14:15:20.081 [org.springframework.amqp.rabbit.RabbitListenerEndpointContainer#2-1] INFO  com.eleicao.core.component.WebSocketCandidatoListener - Recebido lista de candidatos via RabbitMQ, enviando via WebSocket: 7 candidatos
2025-05-19 14:15:20.081 [org.springframework.amqp.rabbit.RabbitListenerEndpointContainer#2-1] INFO  com.eleicao.core.component.WebSocketCandidatoListener - Lista de candidatos enviada via WebSocket com sucesso
2025-05-19 14:15:20.172 [org.springframework.amqp.rabbit.RabbitListenerEndpointContainer#1-1] INFO  com.eleicao.core.service.VotoService - Voto salvo: Voto{, type='eleicao-gp2', object='lionel messi', valor=1, timestamp=2025-05-19T14:15:20.167537400}
2025-05-19 14:15:20.193 [org.springframework.amqp.rabbit.RabbitListenerEndpointContainer#1-1] INFO  com.eleicao.core.component.VotoListener - Voto processado e lista atualizada: VotoDTO{type='eleicao-gp2', object='49', valor=1, timestamp=2025-05-19T14:15:20.167537400}
2025-05-19 14:15:20.197 [org.springframework.amqp.rabbit.RabbitListenerEndpointContainer#2-1] INFO  com.eleicao.core.component.WebSocketCandidatoListener - Recebido lista de candidatos via RabbitMQ, enviando via WebSocket: 7 candidatos
2025-05-19 14:15:20.197 [org.springframework.amqp.rabbit.RabbitListenerEndpointContainer#2-1] INFO  com.eleicao.core.component.WebSocketCandidatoListener - Lista de candidatos enviada via WebSocket com sucesso
2025-05-19 14:15:20.272 [org.springframework.amqp.rabbit.RabbitListenerEndpointContainer#1-1] INFO  com.eleicao.core.service.VotoService - Voto salvo: Voto{, type='eleicao-gp2', object='lionel messi', valor=1, timestamp=2025-05-19T14:15:20.264377100}
2025-05-19 14:15:20.285 [org.springframework.amqp.rabbit.RabbitListenerEndpointContainer#1-1] INFO  com.eleicao.core.component.VotoListener - Voto processado e lista atualizada: VotoDTO{type='eleicao-gp2', object='49', valor=1, timestamp=2025-05-19T14:15:20.264377100}
2025-05-19 14:15:20.287 [org.springframework.amqp.rabbit.RabbitListenerEndpointContainer#2-1] INFO  com.eleicao.core.component.WebSocketCandidatoListener - Recebido lista de candidatos via RabbitMQ, enviando via WebSocket: 7 candidatos
2025-05-19 14:15:20.289 [org.springframework.amqp.rabbit.RabbitListenerEndpointContainer#2-1] INFO  com.eleicao.core.component.WebSocketCandidatoListener - Lista de candidatos enviada via WebSocket com sucesso
2025-05-19 14:15:20.367 [org.springframework.amqp.rabbit.RabbitListenerEndpointContainer#1-1] INFO  com.eleicao.core.service.VotoService - Voto salvo: Voto{, type='eleicao-gp2', object='lionel messi', valor=1, timestamp=2025-05-19T14:15:20.358875100}
2025-05-19 14:15:20.380 [org.springframework.amqp.rabbit.RabbitListenerEndpointContainer#1-1] INFO  com.eleicao.core.component.VotoListener - Voto processado e lista atualizada: VotoDTO{type='eleicao-gp2', object='49', valor=1, timestamp=2025-05-19T14:15:20.358875100}
2025-05-19 14:15:20.383 [org.springframework.amqp.rabbit.RabbitListenerEndpointContainer#2-1] INFO  com.eleicao.core.component.WebSocketCandidatoListener - Recebido lista de candidatos via RabbitMQ, enviando via WebSocket: 7 candidatos
2025-05-19 14:15:20.385 [org.springframework.amqp.rabbit.RabbitListenerEndpointContainer#2-1] INFO  com.eleicao.core.component.WebSocketCandidatoListener - Lista de candidatos enviada via WebSocket com sucesso
2025-05-19 14:15:20.470 [org.springframework.amqp.rabbit.RabbitListenerEndpointContainer#1-1] INFO  com.eleicao.core.service.VotoService - Voto salvo: Voto{, type='eleicao-gp2', object='lionel messi', valor=1, timestamp=2025-05-19T14:15:20.465178500}
2025-05-19 14:15:20.480 [org.springframework.amqp.rabbit.RabbitListenerEndpointContainer#1-1] INFO  com.eleicao.core.component.VotoListener - Voto processado e lista atualizada: VotoDTO{type='eleicao-gp2', object='49', valor=1, timestamp=2025-05-19T14:15:20.465178500}
2025-05-19 14:15:20.485 [org.springframework.amqp.rabbit.RabbitListenerEndpointContainer#2-1] INFO  com.eleicao.core.component.WebSocketCandidatoListener - Recebido lista de candidatos via RabbitMQ, enviando via WebSocket: 7 candidatos
2025-05-19 14:15:20.487 [org.springframework.amqp.rabbit.RabbitListenerEndpointContainer#2-1] INFO  com.eleicao.core.component.WebSocketCandidatoListener - Lista de candidatos enviada via WebSocket com sucesso
2025-05-19 14:15:20.564 [org.springframework.amqp.rabbit.RabbitListenerEndpointContainer#1-1] INFO  com.eleicao.core.service.VotoService - Voto salvo: Voto{, type='eleicao-gp2', object='lionel messi', valor=1, timestamp=2025-05-19T14:15:20.559829300}
2025-05-19 14:15:20.578 [org.springframework.amqp.rabbit.RabbitListenerEndpointContainer#1-1] INFO  com.eleicao.core.component.VotoListener - Voto processado e lista atualizada: VotoDTO{type='eleicao-gp2', object='49', valor=1, timestamp=2025-05-19T14:15:20.559829300}
2025-05-19 14:15:20.580 [org.springframework.amqp.rabbit.RabbitListenerEndpointContainer#2-1] INFO  com.eleicao.core.component.WebSocketCandidatoListener - Recebido lista de candidatos via RabbitMQ, enviando via WebSocket: 7 candidatos
2025-05-19 14:15:20.583 [org.springframework.amqp.rabbit.RabbitListenerEndpointContainer#2-1] INFO  com.eleicao.core.component.WebSocketCandidatoListener - Lista de candidatos enviada via WebSocket com sucesso
2025-05-19 14:15:20.670 [org.springframework.amqp.rabbit.RabbitListenerEndpointContainer#1-1] INFO  com.eleicao.core.service.VotoService - Voto salvo: Voto{, type='eleicao-gp2', object='lionel messi', valor=1, timestamp=2025-05-19T14:15:20.664650100}
2025-05-19 14:15:20.697 [org.springframework.amqp.rabbit.RabbitListenerEndpointContainer#1-1] INFO  com.eleicao.core.component.VotoListener - Voto processado e lista atualizada: VotoDTO{type='eleicao-gp2', object='49', valor=1, timestamp=2025-05-19T14:15:20.664650100}
2025-05-19 14:15:20.701 [org.springframework.amqp.rabbit.RabbitListenerEndpointContainer#2-1] INFO  com.eleicao.core.component.WebSocketCandidatoListener - Recebido lista de candidatos via RabbitMQ, enviando via WebSocket: 7 candidatos
2025-05-19 14:15:20.701 [org.springframework.amqp.rabbit.RabbitListenerEndpointContainer#2-1] INFO  com.eleicao.core.component.WebSocketCandidatoListener - Lista de candidatos enviada via WebSocket com sucesso
2025-05-19 14:15:20.766 [org.springframework.amqp.rabbit.RabbitListenerEndpointContainer#1-1] INFO  com.eleicao.core.service.VotoService - Voto salvo: Voto{, type='eleicao-gp2', object='lionel messi', valor=1, timestamp=2025-05-19T14:15:20.760695800}
2025-05-19 14:15:20.780 [org.springframework.amqp.rabbit.RabbitListenerEndpointContainer#1-1] INFO  com.eleicao.core.component.VotoListener - Voto processado e lista atualizada: VotoDTO{type='eleicao-gp2', object='49', valor=1, timestamp=2025-05-19T14:15:20.760695800}
2025-05-19 14:15:20.783 [org.springframework.amqp.rabbit.RabbitListenerEndpointContainer#2-1] INFO  com.eleicao.core.component.WebSocketCandidatoListener - Recebido lista de candidatos via RabbitMQ, enviando via WebSocket: 7 candidatos
2025-05-19 14:15:20.783 [org.springframework.amqp.rabbit.RabbitListenerEndpointContainer#2-1] INFO  com.eleicao.core.component.WebSocketCandidatoListener - Lista de candidatos enviada via WebSocket com sucesso
2025-05-19 14:15:20.874 [org.springframework.amqp.rabbit.RabbitListenerEndpointContainer#1-1] INFO  com.eleicao.core.service.VotoService - Voto salvo: Voto{, type='eleicao-gp2', object='lionel messi', valor=1, timestamp=2025-05-19T14:15:20.864913100}
2025-05-19 14:15:20.917 [org.springframework.amqp.rabbit.RabbitListenerEndpointContainer#1-1] INFO  com.eleicao.core.component.VotoListener - Voto processado e lista atualizada: VotoDTO{type='eleicao-gp2', object='49', valor=1, timestamp=2025-05-19T14:15:20.864913100}
2025-05-19 14:15:20.924 [org.springframework.amqp.rabbit.RabbitListenerEndpointContainer#2-1] INFO  com.eleicao.core.component.WebSocketCandidatoListener - Recebido lista de candidatos via RabbitMQ, enviando via WebSocket: 7 candidatos
2025-05-19 14:15:20.926 [org.springframework.amqp.rabbit.RabbitListenerEndpointContainer#2-1] INFO  com.eleicao.core.component.WebSocketCandidatoListener - Lista de candidatos enviada via WebSocket com sucesso
2025-05-19 14:15:20.966 [org.springframework.amqp.rabbit.RabbitListenerEndpointContainer#1-1] INFO  com.eleicao.core.service.VotoService - Voto salvo: Voto{, type='eleicao-gp2', object='lionel messi', valor=1, timestamp=2025-05-19T14:15:20.958242600}
2025-05-19 14:15:20.980 [org.springframework.amqp.rabbit.RabbitListenerEndpointContainer#1-1] INFO  com.eleicao.core.component.VotoListener - Voto processado e lista atualizada: VotoDTO{type='eleicao-gp2', object='49', valor=1, timestamp=2025-05-19T14:15:20.958242600}
2025-05-19 14:15:20.980 [org.springframework.amqp.rabbit.RabbitListenerEndpointContainer#2-1] INFO  com.eleicao.core.component.WebSocketCandidatoListener - Recebido lista de candidatos via RabbitMQ, enviando via WebSocket: 7 candidatos
2025-05-19 14:15:20.980 [org.springframework.amqp.rabbit.RabbitListenerEndpointContainer#2-1] INFO  com.eleicao.core.component.WebSocketCandidatoListener - Lista de candidatos enviada via WebSocket com sucesso
2025-05-19 14:15:21.070 [org.springframework.amqp.rabbit.RabbitListenerEndpointContainer#1-1] INFO  com.eleicao.core.service.VotoService - Voto salvo: Voto{, type='eleicao-gp2', object='lionel messi', valor=1, timestamp=2025-05-19T14:15:21.064130800}
2025-05-19 14:15:21.080 [org.springframework.amqp.rabbit.RabbitListenerEndpointContainer#1-1] INFO  com.eleicao.core.component.VotoListener - Voto processado e lista atualizada: VotoDTO{type='eleicao-gp2', object='49', valor=1, timestamp=2025-05-19T14:15:21.064130800}
2025-05-19 14:15:21.087 [org.springframework.amqp.rabbit.RabbitListenerEndpointContainer#2-1] INFO  com.eleicao.core.component.WebSocketCandidatoListener - Recebido lista de candidatos via RabbitMQ, enviando via WebSocket: 7 candidatos
2025-05-19 14:15:21.087 [org.springframework.amqp.rabbit.RabbitListenerEndpointContainer#2-1] INFO  com.eleicao.core.component.WebSocketCandidatoListener - Lista de candidatos enviada via WebSocket com sucesso
2025-05-19 14:15:21.167 [org.springframework.amqp.rabbit.RabbitListenerEndpointContainer#1-1] INFO  com.eleicao.core.service.VotoService - Voto salvo: Voto{, type='eleicao-gp2', object='lionel messi', valor=1, timestamp=2025-05-19T14:15:21.162195800}
2025-05-19 14:15:21.180 [org.springframework.amqp.rabbit.RabbitListenerEndpointContainer#1-1] INFO  com.eleicao.core.component.VotoListener - Voto processado e lista atualizada: VotoDTO{type='eleicao-gp2', object='49', valor=1, timestamp=2025-05-19T14:15:21.162195800}
2025-05-19 14:15:21.184 [org.springframework.amqp.rabbit.RabbitListenerEndpointContainer#2-1] INFO  com.eleicao.core.component.WebSocketCandidatoListener - Recebido lista de candidatos via RabbitMQ, enviando via WebSocket: 7 candidatos
2025-05-19 14:15:21.184 [org.springframework.amqp.rabbit.RabbitListenerEndpointContainer#2-1] INFO  com.eleicao.core.component.WebSocketCandidatoListener - Lista de candidatos enviada via WebSocket com sucesso
2025-05-19 14:15:21.267 [org.springframework.amqp.rabbit.RabbitListenerEndpointContainer#1-1] INFO  com.eleicao.core.service.VotoService - Voto salvo: Voto{, type='eleicao-gp2', object='lionel messi', valor=1, timestamp=2025-05-19T14:15:21.261297100}
2025-05-19 14:15:21.280 [org.springframework.amqp.rabbit.RabbitListenerEndpointContainer#1-1] INFO  com.eleicao.core.component.VotoListener - Voto processado e lista atualizada: VotoDTO{type='eleicao-gp2', object='49', valor=1, timestamp=2025-05-19T14:15:21.261297100}
2025-05-19 14:15:21.282 [org.springframework.amqp.rabbit.RabbitListenerEndpointContainer#2-1] INFO  com.eleicao.core.component.WebSocketCandidatoListener - Recebido lista de candidatos via RabbitMQ, enviando via WebSocket: 7 candidatos
2025-05-19 14:15:21.284 [org.springframework.amqp.rabbit.RabbitListenerEndpointContainer#2-1] INFO  com.eleicao.core.component.WebSocketCandidatoListener - Lista de candidatos enviada via WebSocket com sucesso
2025-05-19 14:15:21.370 [org.springframework.amqp.rabbit.RabbitListenerEndpointContainer#1-1] INFO  com.eleicao.core.service.VotoService - Voto salvo: Voto{, type='eleicao-gp2', object='lionel messi', valor=1, timestamp=2025-05-19T14:15:21.363612600}
2025-05-19 14:15:21.387 [org.springframework.amqp.rabbit.RabbitListenerEndpointContainer#1-1] INFO  com.eleicao.core.component.VotoListener - Voto processado e lista atualizada: VotoDTO{type='eleicao-gp2', object='49', valor=1, timestamp=2025-05-19T14:15:21.363612600}
2025-05-19 14:15:21.390 [org.springframework.amqp.rabbit.RabbitListenerEndpointContainer#2-1] INFO  com.eleicao.core.component.WebSocketCandidatoListener - Recebido lista de candidatos via RabbitMQ, enviando via WebSocket: 7 candidatos
2025-05-19 14:15:21.391 [org.springframework.amqp.rabbit.RabbitListenerEndpointContainer#2-1] INFO  com.eleicao.core.component.WebSocketCandidatoListener - Lista de candidatos enviada via WebSocket com sucesso
2025-05-19 14:15:21.466 [org.springframework.amqp.rabbit.RabbitListenerEndpointContainer#1-1] INFO  com.eleicao.core.service.VotoService - Voto salvo: Voto{, type='eleicao-gp2', object='lionel messi', valor=1, timestamp=2025-05-19T14:15:21.454250300}
2025-05-19 14:15:21.479 [org.springframework.amqp.rabbit.RabbitListenerEndpointContainer#1-1] INFO  com.eleicao.core.component.VotoListener - Voto processado e lista atualizada: VotoDTO{type='eleicao-gp2', object='49', valor=1, timestamp=2025-05-19T14:15:21.454250300}
2025-05-19 14:15:21.479 [org.springframework.amqp.rabbit.RabbitListenerEndpointContainer#2-1] INFO  com.eleicao.core.component.WebSocketCandidatoListener - Recebido lista de candidatos via RabbitMQ, enviando via WebSocket: 7 candidatos
2025-05-19 14:15:21.479 [org.springframework.amqp.rabbit.RabbitListenerEndpointContainer#2-1] INFO  com.eleicao.core.component.WebSocketCandidatoListener - Lista de candidatos enviada via WebSocket com sucesso
2025-05-19 14:15:21.563 [org.springframework.amqp.rabbit.RabbitListenerEndpointContainer#1-1] INFO  com.eleicao.core.service.VotoService - Voto salvo: Voto{, type='eleicao-gp2', object='lionel messi', valor=1, timestamp=2025-05-19T14:15:21.552217600}
2025-05-19 14:15:21.576 [org.springframework.amqp.rabbit.RabbitListenerEndpointContainer#1-1] INFO  com.eleicao.core.component.VotoListener - Voto processado e lista atualizada: VotoDTO{type='eleicao-gp2', object='49', valor=1, timestamp=2025-05-19T14:15:21.552217600}
2025-05-19 14:15:21.578 [org.springframework.amqp.rabbit.RabbitListenerEndpointContainer#2-1] INFO  com.eleicao.core.component.WebSocketCandidatoListener - Recebido lista de candidatos via RabbitMQ, enviando via WebSocket: 7 candidatos
2025-05-19 14:15:21.579 [org.springframework.amqp.rabbit.RabbitListenerEndpointContainer#2-1] INFO  com.eleicao.core.component.WebSocketCandidatoListener - Lista de candidatos enviada via WebSocket com sucesso
2025-05-19 14:15:21.663 [org.springframework.amqp.rabbit.RabbitListenerEndpointContainer#1-1] INFO  com.eleicao.core.service.VotoService - Voto salvo: Voto{, type='eleicao-gp2', object='lionel messi', valor=1, timestamp=2025-05-19T14:15:21.657238500}
2025-05-19 14:15:21.673 [org.springframework.amqp.rabbit.RabbitListenerEndpointContainer#1-1] INFO  com.eleicao.core.component.VotoListener - Voto processado e lista atualizada: VotoDTO{type='eleicao-gp2', object='49', valor=1, timestamp=2025-05-19T14:15:21.657238500}
2025-05-19 14:15:21.676 [org.springframework.amqp.rabbit.RabbitListenerEndpointContainer#2-1] INFO  com.eleicao.core.component.WebSocketCandidatoListener - Recebido lista de candidatos via RabbitMQ, enviando via WebSocket: 7 candidatos
2025-05-19 14:15:21.678 [org.springframework.amqp.rabbit.RabbitListenerEndpointContainer#2-1] INFO  com.eleicao.core.component.WebSocketCandidatoListener - Lista de candidatos enviada via WebSocket com sucesso
2025-05-19 14:15:21.764 [org.springframework.amqp.rabbit.RabbitListenerEndpointContainer#1-1] INFO  com.eleicao.core.service.VotoService - Voto salvo: Voto{, type='eleicao-gp2', object='lionel messi', valor=1, timestamp=2025-05-19T14:15:21.754513700}
2025-05-19 14:15:21.777 [org.springframework.amqp.rabbit.RabbitListenerEndpointContainer#1-1] INFO  com.eleicao.core.component.VotoListener - Voto processado e lista atualizada: VotoDTO{type='eleicao-gp2', object='49', valor=1, timestamp=2025-05-19T14:15:21.754513700}
2025-05-19 14:15:21.779 [org.springframework.amqp.rabbit.RabbitListenerEndpointContainer#2-1] INFO  com.eleicao.core.component.WebSocketCandidatoListener - Recebido lista de candidatos via RabbitMQ, enviando via WebSocket: 7 candidatos
2025-05-19 14:15:21.779 [org.springframework.amqp.rabbit.RabbitListenerEndpointContainer#2-1] INFO  com.eleicao.core.component.WebSocketCandidatoListener - Lista de candidatos enviada via WebSocket com sucesso
2025-05-19 14:15:21.864 [org.springframework.amqp.rabbit.RabbitListenerEndpointContainer#1-1] INFO  com.eleicao.core.service.VotoService - Voto salvo: Voto{, type='eleicao-gp2', object='lionel messi', valor=1, timestamp=2025-05-19T14:15:21.857806900}
2025-05-19 14:15:21.875 [org.springframework.amqp.rabbit.RabbitListenerEndpointContainer#1-1] INFO  com.eleicao.core.component.VotoListener - Voto processado e lista atualizada: VotoDTO{type='eleicao-gp2', object='49', valor=1, timestamp=2025-05-19T14:15:21.857806900}
2025-05-19 14:15:21.879 [org.springframework.amqp.rabbit.RabbitListenerEndpointContainer#2-1] INFO  com.eleicao.core.component.WebSocketCandidatoListener - Recebido lista de candidatos via RabbitMQ, enviando via WebSocket: 7 candidatos
2025-05-19 14:15:21.881 [org.springframework.amqp.rabbit.RabbitListenerEndpointContainer#2-1] INFO  com.eleicao.core.component.WebSocketCandidatoListener - Lista de candidatos enviada via WebSocket com sucesso
2025-05-19 14:15:21.965 [org.springframework.amqp.rabbit.RabbitListenerEndpointContainer#1-1] INFO  com.eleicao.core.service.VotoService - Voto salvo: Voto{, type='eleicao-gp2', object='lionel messi', valor=1, timestamp=2025-05-19T14:15:21.960852200}
2025-05-19 14:15:21.977 [org.springframework.amqp.rabbit.RabbitListenerEndpointContainer#1-1] INFO  com.eleicao.core.component.VotoListener - Voto processado e lista atualizada: VotoDTO{type='eleicao-gp2', object='49', valor=1, timestamp=2025-05-19T14:15:21.960852200}
2025-05-19 14:15:21.980 [org.springframework.amqp.rabbit.RabbitListenerEndpointContainer#2-1] INFO  com.eleicao.core.component.WebSocketCandidatoListener - Recebido lista de candidatos via RabbitMQ, enviando via WebSocket: 7 candidatos
2025-05-19 14:15:21.980 [org.springframework.amqp.rabbit.RabbitListenerEndpointContainer#2-1] INFO  com.eleicao.core.component.WebSocketCandidatoListener - Lista de candidatos enviada via WebSocket com sucesso
2025-05-19 14:15:22.066 [org.springframework.amqp.rabbit.RabbitListenerEndpointContainer#1-1] INFO  com.eleicao.core.service.VotoService - Voto salvo: Voto{, type='eleicao-gp2', object='lionel messi', valor=1, timestamp=2025-05-19T14:15:22.058390200}
2025-05-19 14:15:22.079 [org.springframework.amqp.rabbit.RabbitListenerEndpointContainer#1-1] INFO  com.eleicao.core.component.VotoListener - Voto processado e lista atualizada: VotoDTO{type='eleicao-gp2', object='49', valor=1, timestamp=2025-05-19T14:15:22.058390200}
2025-05-19 14:15:22.082 [org.springframework.amqp.rabbit.RabbitListenerEndpointContainer#2-1] INFO  com.eleicao.core.component.WebSocketCandidatoListener - Recebido lista de candidatos via RabbitMQ, enviando via WebSocket: 7 candidatos
2025-05-19 14:15:22.082 [org.springframework.amqp.rabbit.RabbitListenerEndpointContainer#2-1] INFO  com.eleicao.core.component.WebSocketCandidatoListener - Lista de candidatos enviada via WebSocket com sucesso
2025-05-19 14:15:22.169 [org.springframework.amqp.rabbit.RabbitListenerEndpointContainer#1-1] INFO  com.eleicao.core.service.VotoService - Voto salvo: Voto{, type='eleicao-gp2', object='lionel messi', valor=1, timestamp=2025-05-19T14:15:22.163587600}
2025-05-19 14:15:22.186 [org.springframework.amqp.rabbit.RabbitListenerEndpointContainer#1-1] INFO  com.eleicao.core.component.VotoListener - Voto processado e lista atualizada: VotoDTO{type='eleicao-gp2', object='49', valor=1, timestamp=2025-05-19T14:15:22.163587600}
2025-05-19 14:15:22.189 [org.springframework.amqp.rabbit.RabbitListenerEndpointContainer#2-1] INFO  com.eleicao.core.component.WebSocketCandidatoListener - Recebido lista de candidatos via RabbitMQ, enviando via WebSocket: 7 candidatos
2025-05-19 14:15:22.191 [org.springframework.amqp.rabbit.RabbitListenerEndpointContainer#2-1] INFO  com.eleicao.core.component.WebSocketCandidatoListener - Lista de candidatos enviada via WebSocket com sucesso
2025-05-19 14:15:22.263 [org.springframework.amqp.rabbit.RabbitListenerEndpointContainer#1-1] INFO  com.eleicao.core.service.VotoService - Voto salvo: Voto{, type='eleicao-gp2', object='lionel messi', valor=1, timestamp=2025-05-19T14:15:22.255573500}
2025-05-19 14:15:22.278 [org.springframework.amqp.rabbit.RabbitListenerEndpointContainer#1-1] INFO  com.eleicao.core.component.VotoListener - Voto processado e lista atualizada: VotoDTO{type='eleicao-gp2', object='49', valor=1, timestamp=2025-05-19T14:15:22.255573500}
2025-05-19 14:15:22.280 [org.springframework.amqp.rabbit.RabbitListenerEndpointContainer#2-1] INFO  com.eleicao.core.component.WebSocketCandidatoListener - Recebido lista de candidatos via RabbitMQ, enviando via WebSocket: 7 candidatos
2025-05-19 14:15:22.280 [org.springframework.amqp.rabbit.RabbitListenerEndpointContainer#2-1] INFO  com.eleicao.core.component.WebSocketCandidatoListener - Lista de candidatos enviada via WebSocket com sucesso
2025-05-19 14:15:22.368 [org.springframework.amqp.rabbit.RabbitListenerEndpointContainer#1-1] INFO  com.eleicao.core.service.VotoService - Voto salvo: Voto{, type='eleicao-gp2', object='lionel messi', valor=1, timestamp=2025-05-19T14:15:22.363478200}
2025-05-19 14:15:22.378 [org.springframework.amqp.rabbit.RabbitListenerEndpointContainer#1-1] INFO  com.eleicao.core.component.VotoListener - Voto processado e lista atualizada: VotoDTO{type='eleicao-gp2', object='49', valor=1, timestamp=2025-05-19T14:15:22.363478200}
2025-05-19 14:15:22.392 [org.springframework.amqp.rabbit.RabbitListenerEndpointContainer#2-1] INFO  com.eleicao.core.component.WebSocketCandidatoListener - Recebido lista de candidatos via RabbitMQ, enviando via WebSocket: 7 candidatos
2025-05-19 14:15:22.395 [org.springframework.amqp.rabbit.RabbitListenerEndpointContainer#2-1] INFO  com.eleicao.core.component.WebSocketCandidatoListener - Lista de candidatos enviada via WebSocket com sucesso
2025-05-19 14:15:22.469 [org.springframework.amqp.rabbit.RabbitListenerEndpointContainer#1-1] INFO  com.eleicao.core.service.VotoService - Voto salvo: Voto{, type='eleicao-gp2', object='lionel messi', valor=1, timestamp=2025-05-19T14:15:22.462235100}
2025-05-19 14:15:22.481 [org.springframework.amqp.rabbit.RabbitListenerEndpointContainer#1-1] INFO  com.eleicao.core.component.VotoListener - Voto processado e lista atualizada: VotoDTO{type='eleicao-gp2', object='49', valor=1, timestamp=2025-05-19T14:15:22.462235100}
2025-05-19 14:15:22.481 [org.springframework.amqp.rabbit.RabbitListenerEndpointContainer#2-1] INFO  com.eleicao.core.component.WebSocketCandidatoListener - Recebido lista de candidatos via RabbitMQ, enviando via WebSocket: 7 candidatos
2025-05-19 14:15:22.481 [org.springframework.amqp.rabbit.RabbitListenerEndpointContainer#2-1] INFO  com.eleicao.core.component.WebSocketCandidatoListener - Lista de candidatos enviada via WebSocket com sucesso
2025-05-19 14:15:22.567 [org.springframework.amqp.rabbit.RabbitListenerEndpointContainer#1-1] INFO  com.eleicao.core.service.VotoService - Voto salvo: Voto{, type='eleicao-gp2', object='lionel messi', valor=1, timestamp=2025-05-19T14:15:22.559122700}
2025-05-19 14:15:22.583 [org.springframework.amqp.rabbit.RabbitListenerEndpointContainer#1-1] INFO  com.eleicao.core.component.VotoListener - Voto processado e lista atualizada: VotoDTO{type='eleicao-gp2', object='49', valor=1, timestamp=2025-05-19T14:15:22.559122700}
2025-05-19 14:15:22.583 [org.springframework.amqp.rabbit.RabbitListenerEndpointContainer#2-1] INFO  com.eleicao.core.component.WebSocketCandidatoListener - Recebido lista de candidatos via RabbitMQ, enviando via WebSocket: 7 candidatos
2025-05-19 14:15:22.583 [org.springframework.amqp.rabbit.RabbitListenerEndpointContainer#2-1] INFO  com.eleicao.core.component.WebSocketCandidatoListener - Lista de candidatos enviada via WebSocket com sucesso
2025-05-19 14:15:22.666 [org.springframework.amqp.rabbit.RabbitListenerEndpointContainer#1-1] INFO  com.eleicao.core.service.VotoService - Voto salvo: Voto{, type='eleicao-gp2', object='lionel messi', valor=1, timestamp=2025-05-19T14:15:22.657549400}
2025-05-19 14:15:22.682 [org.springframework.amqp.rabbit.RabbitListenerEndpointContainer#1-1] INFO  com.eleicao.core.component.VotoListener - Voto processado e lista atualizada: VotoDTO{type='eleicao-gp2', object='49', valor=1, timestamp=2025-05-19T14:15:22.657549400}
2025-05-19 14:15:22.682 [org.springframework.amqp.rabbit.RabbitListenerEndpointContainer#2-1] INFO  com.eleicao.core.component.WebSocketCandidatoListener - Recebido lista de candidatos via RabbitMQ, enviando via WebSocket: 7 candidatos
2025-05-19 14:15:22.682 [org.springframework.amqp.rabbit.RabbitListenerEndpointContainer#2-1] INFO  com.eleicao.core.component.WebSocketCandidatoListener - Lista de candidatos enviada via WebSocket com sucesso
2025-05-19 14:15:22.765 [org.springframework.amqp.rabbit.RabbitListenerEndpointContainer#1-1] INFO  com.eleicao.core.service.VotoService - Voto salvo: Voto{, type='eleicao-gp2', object='lionel messi', valor=1, timestamp=2025-05-19T14:15:22.759030500}
2025-05-19 14:15:22.778 [org.springframework.amqp.rabbit.RabbitListenerEndpointContainer#1-1] INFO  com.eleicao.core.component.VotoListener - Voto processado e lista atualizada: VotoDTO{type='eleicao-gp2', object='49', valor=1, timestamp=2025-05-19T14:15:22.759030500}
2025-05-19 14:15:22.778 [org.springframework.amqp.rabbit.RabbitListenerEndpointContainer#2-1] INFO  com.eleicao.core.component.WebSocketCandidatoListener - Recebido lista de candidatos via RabbitMQ, enviando via WebSocket: 7 candidatos
2025-05-19 14:15:22.778 [org.springframework.amqp.rabbit.RabbitListenerEndpointContainer#2-1] INFO  com.eleicao.core.component.WebSocketCandidatoListener - Lista de candidatos enviada via WebSocket com sucesso
2025-05-19 14:15:22.867 [org.springframework.amqp.rabbit.RabbitListenerEndpointContainer#1-1] INFO  com.eleicao.core.service.VotoService - Voto salvo: Voto{, type='eleicao-gp2', object='lionel messi', valor=1, timestamp=2025-05-19T14:15:22.862135100}
2025-05-19 14:15:22.886 [org.springframework.amqp.rabbit.RabbitListenerEndpointContainer#1-1] INFO  com.eleicao.core.component.VotoListener - Voto processado e lista atualizada: VotoDTO{type='eleicao-gp2', object='49', valor=1, timestamp=2025-05-19T14:15:22.862135100}
2025-05-19 14:15:22.888 [org.springframework.amqp.rabbit.RabbitListenerEndpointContainer#2-1] INFO  com.eleicao.core.component.WebSocketCandidatoListener - Recebido lista de candidatos via RabbitMQ, enviando via WebSocket: 7 candidatos
2025-05-19 14:15:22.890 [org.springframework.amqp.rabbit.RabbitListenerEndpointContainer#2-1] INFO  com.eleicao.core.component.WebSocketCandidatoListener - Lista de candidatos enviada via WebSocket com sucesso
2025-05-19 14:15:22.964 [org.springframework.amqp.rabbit.RabbitListenerEndpointContainer#1-1] INFO  com.eleicao.core.service.VotoService - Voto salvo: Voto{, type='eleicao-gp2', object='lionel messi', valor=1, timestamp=2025-05-19T14:15:22.957605500}
2025-05-19 14:15:22.982 [org.springframework.amqp.rabbit.RabbitListenerEndpointContainer#1-1] INFO  com.eleicao.core.component.VotoListener - Voto processado e lista atualizada: VotoDTO{type='eleicao-gp2', object='49', valor=1, timestamp=2025-05-19T14:15:22.957605500}
2025-05-19 14:15:22.982 [org.springframework.amqp.rabbit.RabbitListenerEndpointContainer#2-1] INFO  com.eleicao.core.component.WebSocketCandidatoListener - Recebido lista de candidatos via RabbitMQ, enviando via WebSocket: 7 candidatos
2025-05-19 14:15:22.982 [org.springframework.amqp.rabbit.RabbitListenerEndpointContainer#2-1] INFO  com.eleicao.core.component.WebSocketCandidatoListener - Lista de candidatos enviada via WebSocket com sucesso
2025-05-19 14:19:09.415 [org.springframework.amqp.rabbit.RabbitListenerEndpointContainer#1-1] INFO  com.eleicao.core.service.VotoService - Voto salvo: Voto{, type='eleicao-gp2', object='lionel messi', valor=1, timestamp=2025-05-19T14:19:09.399500700}
2025-05-19 14:19:09.437 [org.springframework.amqp.rabbit.RabbitListenerEndpointContainer#1-1] INFO  com.eleicao.core.component.VotoListener - Voto processado e lista atualizada: VotoDTO{type='eleicao-gp2', object='49', valor=1, timestamp=2025-05-19T14:19:09.399500700}
2025-05-19 14:19:09.440 [org.springframework.amqp.rabbit.RabbitListenerEndpointContainer#2-1] INFO  com.eleicao.core.component.WebSocketCandidatoListener - Recebido lista de candidatos via RabbitMQ, enviando via WebSocket: 7 candidatos
2025-05-19 14:19:09.440 [org.springframework.amqp.rabbit.RabbitListenerEndpointContainer#2-1] INFO  com.eleicao.core.component.WebSocketCandidatoListener - Lista de candidatos enviada via WebSocket com sucesso
2025-05-19 14:19:10.142 [org.springframework.amqp.rabbit.RabbitListenerEndpointContainer#1-1] INFO  com.eleicao.core.service.VotoService - Voto salvo: Voto{, type='eleicao-gp2', object='lionel messi', valor=1, timestamp=2025-05-19T14:19:10.135332800}
2025-05-19 14:19:10.181 [org.springframework.amqp.rabbit.RabbitListenerEndpointContainer#1-1] INFO  com.eleicao.core.component.VotoListener - Voto processado e lista atualizada: VotoDTO{type='eleicao-gp2', object='49', valor=1, timestamp=2025-05-19T14:19:10.135332800}
2025-05-19 14:19:10.186 [org.springframework.amqp.rabbit.RabbitListenerEndpointContainer#2-1] INFO  com.eleicao.core.component.WebSocketCandidatoListener - Recebido lista de candidatos via RabbitMQ, enviando via WebSocket: 7 candidatos
2025-05-19 14:19:10.187 [org.springframework.amqp.rabbit.RabbitListenerEndpointContainer#2-1] INFO  com.eleicao.core.component.WebSocketCandidatoListener - Lista de candidatos enviada via WebSocket com sucesso
2025-05-19 14:19:10.453 [org.springframework.amqp.rabbit.RabbitListenerEndpointContainer#1-1] INFO  com.eleicao.core.service.VotoService - Voto salvo: Voto{, type='eleicao-gp2', object='lionel messi', valor=1, timestamp=2025-05-19T14:19:10.444027100}
2025-05-19 14:19:10.468 [org.springframework.amqp.rabbit.RabbitListenerEndpointContainer#1-1] INFO  com.eleicao.core.component.VotoListener - Voto processado e lista atualizada: VotoDTO{type='eleicao-gp2', object='49', valor=1, timestamp=2025-05-19T14:19:10.444027100}
2025-05-19 14:19:10.468 [org.springframework.amqp.rabbit.RabbitListenerEndpointContainer#2-1] INFO  com.eleicao.core.component.WebSocketCandidatoListener - Recebido lista de candidatos via RabbitMQ, enviando via WebSocket: 7 candidatos
2025-05-19 14:19:10.468 [org.springframework.amqp.rabbit.RabbitListenerEndpointContainer#2-1] INFO  com.eleicao.core.component.WebSocketCandidatoListener - Lista de candidatos enviada via WebSocket com sucesso
2025-05-19 14:19:10.627 [org.springframework.amqp.rabbit.RabbitListenerEndpointContainer#1-1] INFO  com.eleicao.core.service.VotoService - Voto salvo: Voto{, type='eleicao-gp2', object='lionel messi', valor=1, timestamp=2025-05-19T14:19:10.617149600}
2025-05-19 14:19:10.673 [org.springframework.amqp.rabbit.RabbitListenerEndpointContainer#1-1] INFO  com.eleicao.core.component.VotoListener - Voto processado e lista atualizada: VotoDTO{type='eleicao-gp2', object='49', valor=1, timestamp=2025-05-19T14:19:10.617149600}
2025-05-19 14:19:10.674 [org.springframework.amqp.rabbit.RabbitListenerEndpointContainer#2-1] INFO  com.eleicao.core.component.WebSocketCandidatoListener - Recebido lista de candidatos via RabbitMQ, enviando via WebSocket: 7 candidatos
2025-05-19 14:19:10.674 [org.springframework.amqp.rabbit.RabbitListenerEndpointContainer#2-1] INFO  com.eleicao.core.component.WebSocketCandidatoListener - Lista de candidatos enviada via WebSocket com sucesso
2025-05-19 14:19:10.762 [org.springframework.amqp.rabbit.RabbitListenerEndpointContainer#1-1] INFO  com.eleicao.core.service.VotoService - Voto salvo: Voto{, type='eleicao-gp2', object='lionel messi', valor=1, timestamp=2025-05-19T14:19:10.758137800}
2025-05-19 14:19:10.774 [org.springframework.amqp.rabbit.RabbitListenerEndpointContainer#1-1] INFO  com.eleicao.core.component.VotoListener - Voto processado e lista atualizada: VotoDTO{type='eleicao-gp2', object='49', valor=1, timestamp=2025-05-19T14:19:10.758137800}
2025-05-19 14:19:10.774 [org.springframework.amqp.rabbit.RabbitListenerEndpointContainer#2-1] INFO  com.eleicao.core.component.WebSocketCandidatoListener - Recebido lista de candidatos via RabbitMQ, enviando via WebSocket: 7 candidatos
2025-05-19 14:19:10.780 [org.springframework.amqp.rabbit.RabbitListenerEndpointContainer#2-1] INFO  com.eleicao.core.component.WebSocketCandidatoListener - Lista de candidatos enviada via WebSocket com sucesso
2025-05-19 14:19:10.946 [org.springframework.amqp.rabbit.RabbitListenerEndpointContainer#1-1] INFO  com.eleicao.core.service.VotoService - Voto salvo: Voto{, type='eleicao-gp2', object='lionel messi', valor=1, timestamp=2025-05-19T14:19:10.941391200}
2025-05-19 14:19:10.989 [org.springframework.amqp.rabbit.RabbitListenerEndpointContainer#1-1] INFO  com.eleicao.core.component.VotoListener - Voto processado e lista atualizada: VotoDTO{type='eleicao-gp2', object='49', valor=1, timestamp=2025-05-19T14:19:10.941391200}
2025-05-19 14:19:10.989 [org.springframework.amqp.rabbit.RabbitListenerEndpointContainer#2-1] INFO  com.eleicao.core.component.WebSocketCandidatoListener - Recebido lista de candidatos via RabbitMQ, enviando via WebSocket: 7 candidatos
2025-05-19 14:19:10.996 [org.springframework.amqp.rabbit.RabbitListenerEndpointContainer#2-1] INFO  com.eleicao.core.component.WebSocketCandidatoListener - Lista de candidatos enviada via WebSocket com sucesso
2025-05-19 14:19:11.127 [org.springframework.amqp.rabbit.RabbitListenerEndpointContainer#1-1] INFO  com.eleicao.core.service.VotoService - Voto salvo: Voto{, type='eleicao-gp2', object='lionel messi', valor=1, timestamp=2025-05-19T14:19:11.122229600}
2025-05-19 14:19:11.168 [org.springframework.amqp.rabbit.RabbitListenerEndpointContainer#1-1] INFO  com.eleicao.core.component.VotoListener - Voto processado e lista atualizada: VotoDTO{type='eleicao-gp2', object='49', valor=1, timestamp=2025-05-19T14:19:11.122229600}
2025-05-19 14:19:11.168 [org.springframework.amqp.rabbit.RabbitListenerEndpointContainer#2-1] INFO  com.eleicao.core.component.WebSocketCandidatoListener - Recebido lista de candidatos via RabbitMQ, enviando via WebSocket: 7 candidatos
2025-05-19 14:19:11.173 [org.springframework.amqp.rabbit.RabbitListenerEndpointContainer#2-1] INFO  com.eleicao.core.component.WebSocketCandidatoListener - Lista de candidatos enviada via WebSocket com sucesso
2025-05-19 14:19:11.241 [org.springframework.amqp.rabbit.RabbitListenerEndpointContainer#1-1] INFO  com.eleicao.core.service.VotoService - Voto salvo: Voto{, type='eleicao-gp2', object='lionel messi', valor=1, timestamp=2025-05-19T14:19:11.234346900}
2025-05-19 14:19:11.251 [org.springframework.amqp.rabbit.RabbitListenerEndpointContainer#1-1] INFO  com.eleicao.core.component.VotoListener - Voto processado e lista atualizada: VotoDTO{type='eleicao-gp2', object='49', valor=1, timestamp=2025-05-19T14:19:11.234346900}
2025-05-19 14:19:11.252 [org.springframework.amqp.rabbit.RabbitListenerEndpointContainer#2-1] INFO  com.eleicao.core.component.WebSocketCandidatoListener - Recebido lista de candidatos via RabbitMQ, enviando via WebSocket: 7 candidatos
2025-05-19 14:19:11.252 [org.springframework.amqp.rabbit.RabbitListenerEndpointContainer#2-1] INFO  com.eleicao.core.component.WebSocketCandidatoListener - Lista de candidatos enviada via WebSocket com sucesso
2025-05-19 14:19:11.374 [org.springframework.amqp.rabbit.RabbitListenerEndpointContainer#1-1] INFO  com.eleicao.core.service.VotoService - Voto salvo: Voto{, type='eleicao-gp2', object='lionel messi', valor=1, timestamp=2025-05-19T14:19:11.364295100}
2025-05-19 14:19:11.416 [org.springframework.amqp.rabbit.RabbitListenerEndpointContainer#1-1] INFO  com.eleicao.core.component.VotoListener - Voto processado e lista atualizada: VotoDTO{type='eleicao-gp2', object='49', valor=1, timestamp=2025-05-19T14:19:11.364295100}
2025-05-19 14:19:11.420 [org.springframework.amqp.rabbit.RabbitListenerEndpointContainer#2-1] INFO  com.eleicao.core.component.WebSocketCandidatoListener - Recebido lista de candidatos via RabbitMQ, enviando via WebSocket: 7 candidatos
2025-05-19 14:19:11.424 [org.springframework.amqp.rabbit.RabbitListenerEndpointContainer#2-1] INFO  com.eleicao.core.component.WebSocketCandidatoListener - Lista de candidatos enviada via WebSocket com sucesso
2025-05-19 14:19:11.695 [org.springframework.amqp.rabbit.RabbitListenerEndpointContainer#1-1] INFO  com.eleicao.core.service.VotoService - Voto salvo: Voto{, type='eleicao-gp2', object='lionel messi', valor=1, timestamp=2025-05-19T14:19:11.691065}
2025-05-19 14:19:11.707 [org.springframework.amqp.rabbit.RabbitListenerEndpointContainer#1-1] INFO  com.eleicao.core.component.VotoListener - Voto processado e lista atualizada: VotoDTO{type='eleicao-gp2', object='49', valor=1, timestamp=2025-05-19T14:19:11.691065}
2025-05-19 14:19:11.707 [org.springframework.amqp.rabbit.RabbitListenerEndpointContainer#2-1] INFO  com.eleicao.core.component.WebSocketCandidatoListener - Recebido lista de candidatos via RabbitMQ, enviando via WebSocket: 7 candidatos
2025-05-19 14:19:11.707 [org.springframework.amqp.rabbit.RabbitListenerEndpointContainer#2-1] INFO  com.eleicao.core.component.WebSocketCandidatoListener - Lista de candidatos enviada via WebSocket com sucesso
2025-05-19 14:19:11.872 [org.springframework.amqp.rabbit.RabbitListenerEndpointContainer#1-1] INFO  com.eleicao.core.service.VotoService - Voto salvo: Voto{, type='eleicao-gp2', object='lionel messi', valor=1, timestamp=2025-05-19T14:19:11.866322600}
2025-05-19 14:19:11.924 [org.springframework.amqp.rabbit.RabbitListenerEndpointContainer#1-1] INFO  com.eleicao.core.component.VotoListener - Voto processado e lista atualizada: VotoDTO{type='eleicao-gp2', object='49', valor=1, timestamp=2025-05-19T14:19:11.866322600}
2025-05-19 14:19:11.926 [org.springframework.amqp.rabbit.RabbitListenerEndpointContainer#2-1] INFO  com.eleicao.core.component.WebSocketCandidatoListener - Recebido lista de candidatos via RabbitMQ, enviando via WebSocket: 7 candidatos
2025-05-19 14:19:11.926 [org.springframework.amqp.rabbit.RabbitListenerEndpointContainer#2-1] INFO  com.eleicao.core.component.WebSocketCandidatoListener - Lista de candidatos enviada via WebSocket com sucesso
2025-05-19 14:19:12.023 [org.springframework.amqp.rabbit.RabbitListenerEndpointContainer#1-1] INFO  com.eleicao.core.service.VotoService - Voto salvo: Voto{, type='eleicao-gp2', object='lionel messi', valor=1, timestamp=2025-05-19T14:19:12.016630}
2025-05-19 14:19:12.067 [org.springframework.amqp.rabbit.RabbitListenerEndpointContainer#1-1] INFO  com.eleicao.core.component.VotoListener - Voto processado e lista atualizada: VotoDTO{type='eleicao-gp2', object='49', valor=1, timestamp=2025-05-19T14:19:12.016630}
2025-05-19 14:19:12.070 [org.springframework.amqp.rabbit.RabbitListenerEndpointContainer#2-1] INFO  com.eleicao.core.component.WebSocketCandidatoListener - Recebido lista de candidatos via RabbitMQ, enviando via WebSocket: 7 candidatos
2025-05-19 14:19:12.074 [org.springframework.amqp.rabbit.RabbitListenerEndpointContainer#2-1] INFO  com.eleicao.core.component.WebSocketCandidatoListener - Lista de candidatos enviada via WebSocket com sucesso
2025-05-19 14:19:12.183 [org.springframework.amqp.rabbit.RabbitListenerEndpointContainer#1-1] INFO  com.eleicao.core.service.VotoService - Voto salvo: Voto{, type='eleicao-gp2', object='lionel messi', valor=1, timestamp=2025-05-19T14:19:12.177329}
2025-05-19 14:19:12.224 [org.springframework.amqp.rabbit.RabbitListenerEndpointContainer#1-1] INFO  com.eleicao.core.component.VotoListener - Voto processado e lista atualizada: VotoDTO{type='eleicao-gp2', object='49', valor=1, timestamp=2025-05-19T14:19:12.177329}
2025-05-19 14:19:12.227 [org.springframework.amqp.rabbit.RabbitListenerEndpointContainer#2-1] INFO  com.eleicao.core.component.WebSocketCandidatoListener - Recebido lista de candidatos via RabbitMQ, enviando via WebSocket: 7 candidatos
2025-05-19 14:19:12.227 [org.springframework.amqp.rabbit.RabbitListenerEndpointContainer#2-1] INFO  com.eleicao.core.component.WebSocketCandidatoListener - Lista de candidatos enviada via WebSocket com sucesso
2025-05-19 14:19:12.344 [org.springframework.amqp.rabbit.RabbitListenerEndpointContainer#1-1] INFO  com.eleicao.core.service.VotoService - Voto salvo: Voto{, type='eleicao-gp2', object='lionel messi', valor=1, timestamp=2025-05-19T14:19:12.340955300}
2025-05-19 14:19:12.384 [org.springframework.amqp.rabbit.RabbitListenerEndpointContainer#1-1] INFO  com.eleicao.core.component.VotoListener - Voto processado e lista atualizada: VotoDTO{type='eleicao-gp2', object='49', valor=1, timestamp=2025-05-19T14:19:12.340955300}
2025-05-19 14:19:12.386 [org.springframework.amqp.rabbit.RabbitListenerEndpointContainer#2-1] INFO  com.eleicao.core.component.WebSocketCandidatoListener - Recebido lista de candidatos via RabbitMQ, enviando via WebSocket: 7 candidatos
2025-05-19 14:19:12.386 [org.springframework.amqp.rabbit.RabbitListenerEndpointContainer#2-1] INFO  com.eleicao.core.component.WebSocketCandidatoListener - Lista de candidatos enviada via WebSocket com sucesso
2025-05-19 14:19:12.498 [org.springframework.amqp.rabbit.RabbitListenerEndpointContainer#1-1] INFO  com.eleicao.core.service.VotoService - Voto salvo: Voto{, type='eleicao-gp2', object='lionel messi', valor=1, timestamp=2025-05-19T14:19:12.490649400}
2025-05-19 14:19:12.540 [org.springframework.amqp.rabbit.RabbitListenerEndpointContainer#1-1] INFO  com.eleicao.core.component.VotoListener - Voto processado e lista atualizada: VotoDTO{type='eleicao-gp2', object='49', valor=1, timestamp=2025-05-19T14:19:12.490649400}
2025-05-19 14:19:12.540 [org.springframework.amqp.rabbit.RabbitListenerEndpointContainer#2-1] INFO  com.eleicao.core.component.WebSocketCandidatoListener - Recebido lista de candidatos via RabbitMQ, enviando via WebSocket: 7 candidatos
2025-05-19 14:19:12.546 [org.springframework.amqp.rabbit.RabbitListenerEndpointContainer#2-1] INFO  com.eleicao.core.component.WebSocketCandidatoListener - Lista de candidatos enviada via WebSocket com sucesso
2025-05-19 14:19:12.650 [org.springframework.amqp.rabbit.RabbitListenerEndpointContainer#1-1] INFO  com.eleicao.core.service.VotoService - Voto salvo: Voto{, type='eleicao-gp2', object='lionel messi', valor=1, timestamp=2025-05-19T14:19:12.644302600}
2025-05-19 14:19:12.684 [org.springframework.amqp.rabbit.RabbitListenerEndpointContainer#1-1] INFO  com.eleicao.core.component.VotoListener - Voto processado e lista atualizada: VotoDTO{type='eleicao-gp2', object='49', valor=1, timestamp=2025-05-19T14:19:12.644302600}
2025-05-19 14:19:12.684 [org.springframework.amqp.rabbit.RabbitListenerEndpointContainer#2-1] INFO  com.eleicao.core.component.WebSocketCandidatoListener - Recebido lista de candidatos via RabbitMQ, enviando via WebSocket: 7 candidatos
2025-05-19 14:19:12.684 [org.springframework.amqp.rabbit.RabbitListenerEndpointContainer#2-1] INFO  com.eleicao.core.component.WebSocketCandidatoListener - Lista de candidatos enviada via WebSocket com sucesso
2025-05-19 14:19:12.817 [org.springframework.amqp.rabbit.RabbitListenerEndpointContainer#1-1] INFO  com.eleicao.core.service.VotoService - Voto salvo: Voto{, type='eleicao-gp2', object='lionel messi', valor=1, timestamp=2025-05-19T14:19:12.808322}
2025-05-19 14:19:12.860 [org.springframework.amqp.rabbit.RabbitListenerEndpointContainer#1-1] INFO  com.eleicao.core.component.VotoListener - Voto processado e lista atualizada: VotoDTO{type='eleicao-gp2', object='49', valor=1, timestamp=2025-05-19T14:19:12.808322}
2025-05-19 14:19:12.863 [org.springframework.amqp.rabbit.RabbitListenerEndpointContainer#2-1] INFO  com.eleicao.core.component.WebSocketCandidatoListener - Recebido lista de candidatos via RabbitMQ, enviando via WebSocket: 7 candidatos
2025-05-19 14:19:12.863 [org.springframework.amqp.rabbit.RabbitListenerEndpointContainer#2-1] INFO  com.eleicao.core.component.WebSocketCandidatoListener - Lista de candidatos enviada via WebSocket com sucesso
2025-05-19 14:19:13.007 [org.springframework.amqp.rabbit.RabbitListenerEndpointContainer#1-1] INFO  com.eleicao.core.service.VotoService - Voto salvo: Voto{, type='eleicao-gp2', object='lionel messi', valor=1, timestamp=2025-05-19T14:19:12.999417200}
2025-05-19 14:19:13.052 [org.springframework.amqp.rabbit.RabbitListenerEndpointContainer#1-1] INFO  com.eleicao.core.component.VotoListener - Voto processado e lista atualizada: VotoDTO{type='eleicao-gp2', object='49', valor=1, timestamp=2025-05-19T14:19:12.999417200}
2025-05-19 14:19:13.055 [org.springframework.amqp.rabbit.RabbitListenerEndpointContainer#2-1] INFO  com.eleicao.core.component.WebSocketCandidatoListener - Recebido lista de candidatos via RabbitMQ, enviando via WebSocket: 7 candidatos
2025-05-19 14:19:13.057 [org.springframework.amqp.rabbit.RabbitListenerEndpointContainer#2-1] INFO  com.eleicao.core.component.WebSocketCandidatoListener - Lista de candidatos enviada via WebSocket com sucesso
2025-05-19 14:19:13.193 [org.springframework.amqp.rabbit.RabbitListenerEndpointContainer#1-1] INFO  com.eleicao.core.service.VotoService - Voto salvo: Voto{, type='eleicao-gp2', object='lionel messi', valor=1, timestamp=2025-05-19T14:19:13.187512500}
2025-05-19 14:19:13.245 [org.springframework.amqp.rabbit.RabbitListenerEndpointContainer#1-1] INFO  com.eleicao.core.component.VotoListener - Voto processado e lista atualizada: VotoDTO{type='eleicao-gp2', object='49', valor=1, timestamp=2025-05-19T14:19:13.187512500}
2025-05-19 14:19:13.247 [org.springframework.amqp.rabbit.RabbitListenerEndpointContainer#2-1] INFO  com.eleicao.core.component.WebSocketCandidatoListener - Recebido lista de candidatos via RabbitMQ, enviando via WebSocket: 7 candidatos
2025-05-19 14:19:13.247 [org.springframework.amqp.rabbit.RabbitListenerEndpointContainer#2-1] INFO  com.eleicao.core.component.WebSocketCandidatoListener - Lista de candidatos enviada via WebSocket com sucesso
2025-05-19 14:19:13.352 [org.springframework.amqp.rabbit.RabbitListenerEndpointContainer#1-1] INFO  com.eleicao.core.service.VotoService - Voto salvo: Voto{, type='eleicao-gp2', object='lionel messi', valor=1, timestamp=2025-05-19T14:19:13.348887}
2025-05-19 14:19:13.395 [org.springframework.amqp.rabbit.RabbitListenerEndpointContainer#1-1] INFO  com.eleicao.core.component.VotoListener - Voto processado e lista atualizada: VotoDTO{type='eleicao-gp2', object='49', valor=1, timestamp=2025-05-19T14:19:13.348887}
2025-05-19 14:19:13.398 [org.springframework.amqp.rabbit.RabbitListenerEndpointContainer#2-1] INFO  com.eleicao.core.component.WebSocketCandidatoListener - Recebido lista de candidatos via RabbitMQ, enviando via WebSocket: 7 candidatos
2025-05-19 14:19:13.398 [org.springframework.amqp.rabbit.RabbitListenerEndpointContainer#2-1] INFO  com.eleicao.core.component.WebSocketCandidatoListener - Lista de candidatos enviada via WebSocket com sucesso
2025-05-19 14:19:14.222 [org.springframework.amqp.rabbit.RabbitListenerEndpointContainer#1-1] INFO  com.eleicao.core.service.VotoService - Voto salvo: Voto{, type='eleicao-gp2', object='yago', valor=1, timestamp=2025-05-19T14:19:14.212537200}
2025-05-19 14:19:14.261 [org.springframework.amqp.rabbit.RabbitListenerEndpointContainer#1-1] INFO  com.eleicao.core.component.VotoListener - Voto processado e lista atualizada: VotoDTO{type='eleicao-gp2', object='48', valor=1, timestamp=2025-05-19T14:19:14.212537200}
2025-05-19 14:19:14.268 [org.springframework.amqp.rabbit.RabbitListenerEndpointContainer#2-1] INFO  com.eleicao.core.component.WebSocketCandidatoListener - Recebido lista de candidatos via RabbitMQ, enviando via WebSocket: 7 candidatos
2025-05-19 14:19:14.268 [org.springframework.amqp.rabbit.RabbitListenerEndpointContainer#2-1] INFO  com.eleicao.core.component.WebSocketCandidatoListener - Lista de candidatos enviada via WebSocket com sucesso
2025-05-19 14:19:14.402 [org.springframework.amqp.rabbit.RabbitListenerEndpointContainer#1-1] INFO  com.eleicao.core.service.VotoService - Voto salvo: Voto{, type='eleicao-gp2', object='yago', valor=1, timestamp=2025-05-19T14:19:14.390646}
2025-05-19 14:19:14.424 [org.springframework.amqp.rabbit.RabbitListenerEndpointContainer#1-1] INFO  com.eleicao.core.component.VotoListener - Voto processado e lista atualizada: VotoDTO{type='eleicao-gp2', object='48', valor=1, timestamp=2025-05-19T14:19:14.390646}
2025-05-19 14:19:14.431 [org.springframework.amqp.rabbit.RabbitListenerEndpointContainer#2-1] INFO  com.eleicao.core.component.WebSocketCandidatoListener - Recebido lista de candidatos via RabbitMQ, enviando via WebSocket: 7 candidatos
2025-05-19 14:19:14.431 [org.springframework.amqp.rabbit.RabbitListenerEndpointContainer#2-1] INFO  com.eleicao.core.component.WebSocketCandidatoListener - Lista de candidatos enviada via WebSocket com sucesso
2025-05-19 14:19:14.571 [org.springframework.amqp.rabbit.RabbitListenerEndpointContainer#1-1] INFO  com.eleicao.core.service.VotoService - Voto salvo: Voto{, type='eleicao-gp2', object='yago', valor=1, timestamp=2025-05-19T14:19:14.571764800}
2025-05-19 14:19:14.620 [org.springframework.amqp.rabbit.RabbitListenerEndpointContainer#1-1] INFO  com.eleicao.core.component.VotoListener - Voto processado e lista atualizada: VotoDTO{type='eleicao-gp2', object='48', valor=1, timestamp=2025-05-19T14:19:14.571764800}
2025-05-19 14:19:14.622 [org.springframework.amqp.rabbit.RabbitListenerEndpointContainer#2-1] INFO  com.eleicao.core.component.WebSocketCandidatoListener - Recebido lista de candidatos via RabbitMQ, enviando via WebSocket: 7 candidatos
2025-05-19 14:19:14.625 [org.springframework.amqp.rabbit.RabbitListenerEndpointContainer#2-1] INFO  com.eleicao.core.component.WebSocketCandidatoListener - Lista de candidatos enviada via WebSocket com sucesso
2025-05-19 14:19:14.753 [org.springframework.amqp.rabbit.RabbitListenerEndpointContainer#1-1] INFO  com.eleicao.core.service.VotoService - Voto salvo: Voto{, type='eleicao-gp2', object='yago', valor=1, timestamp=2025-05-19T14:19:14.741458600}
2025-05-19 14:19:14.794 [org.springframework.amqp.rabbit.RabbitListenerEndpointContainer#1-1] INFO  com.eleicao.core.component.VotoListener - Voto processado e lista atualizada: VotoDTO{type='eleicao-gp2', object='48', valor=1, timestamp=2025-05-19T14:19:14.741458600}
2025-05-19 14:19:14.794 [org.springframework.amqp.rabbit.RabbitListenerEndpointContainer#2-1] INFO  com.eleicao.core.component.WebSocketCandidatoListener - Recebido lista de candidatos via RabbitMQ, enviando via WebSocket: 7 candidatos
2025-05-19 14:19:14.794 [org.springframework.amqp.rabbit.RabbitListenerEndpointContainer#2-1] INFO  com.eleicao.core.component.WebSocketCandidatoListener - Lista de candidatos enviada via WebSocket com sucesso
2025-05-19 14:19:14.890 [org.springframework.amqp.rabbit.RabbitListenerEndpointContainer#1-1] INFO  com.eleicao.core.service.VotoService - Voto salvo: Voto{, type='eleicao-gp2', object='yago', valor=1, timestamp=2025-05-19T14:19:14.890408200}
2025-05-19 14:19:14.936 [org.springframework.amqp.rabbit.RabbitListenerEndpointContainer#1-1] INFO  com.eleicao.core.component.VotoListener - Voto processado e lista atualizada: VotoDTO{type='eleicao-gp2', object='48', valor=1, timestamp=2025-05-19T14:19:14.890408200}
2025-05-19 14:19:14.936 [org.springframework.amqp.rabbit.RabbitListenerEndpointContainer#2-1] INFO  com.eleicao.core.component.WebSocketCandidatoListener - Recebido lista de candidatos via RabbitMQ, enviando via WebSocket: 7 candidatos
2025-05-19 14:19:14.945 [org.springframework.amqp.rabbit.RabbitListenerEndpointContainer#2-1] INFO  com.eleicao.core.component.WebSocketCandidatoListener - Lista de candidatos enviada via WebSocket com sucesso
2025-05-19 14:19:15.071 [org.springframework.amqp.rabbit.RabbitListenerEndpointContainer#1-1] INFO  com.eleicao.core.service.VotoService - Voto salvo: Voto{, type='eleicao-gp2', object='yago', valor=1, timestamp=2025-05-19T14:19:15.059004100}
2025-05-19 14:19:15.118 [org.springframework.amqp.rabbit.RabbitListenerEndpointContainer#1-1] INFO  com.eleicao.core.component.VotoListener - Voto processado e lista atualizada: VotoDTO{type='eleicao-gp2', object='48', valor=1, timestamp=2025-05-19T14:19:15.059004100}
2025-05-19 14:19:15.121 [org.springframework.amqp.rabbit.RabbitListenerEndpointContainer#2-1] INFO  com.eleicao.core.component.WebSocketCandidatoListener - Recebido lista de candidatos via RabbitMQ, enviando via WebSocket: 7 candidatos
2025-05-19 14:19:15.122 [org.springframework.amqp.rabbit.RabbitListenerEndpointContainer#2-1] INFO  com.eleicao.core.component.WebSocketCandidatoListener - Lista de candidatos enviada via WebSocket com sucesso
2025-05-19 14:19:15.226 [org.springframework.amqp.rabbit.RabbitListenerEndpointContainer#1-1] INFO  com.eleicao.core.service.VotoService - Voto salvo: Voto{, type='eleicao-gp2', object='yago', valor=1, timestamp=2025-05-19T14:19:15.221078900}
2025-05-19 14:19:15.237 [org.springframework.amqp.rabbit.RabbitListenerEndpointContainer#1-1] INFO  com.eleicao.core.component.VotoListener - Voto processado e lista atualizada: VotoDTO{type='eleicao-gp2', object='48', valor=1, timestamp=2025-05-19T14:19:15.221078900}
2025-05-19 14:19:15.237 [org.springframework.amqp.rabbit.RabbitListenerEndpointContainer#2-1] INFO  com.eleicao.core.component.WebSocketCandidatoListener - Recebido lista de candidatos via RabbitMQ, enviando via WebSocket: 7 candidatos
2025-05-19 14:19:15.246 [org.springframework.amqp.rabbit.RabbitListenerEndpointContainer#2-1] INFO  com.eleicao.core.component.WebSocketCandidatoListener - Lista de candidatos enviada via WebSocket com sucesso
2025-05-19 14:19:15.395 [org.springframework.amqp.rabbit.RabbitListenerEndpointContainer#1-1] INFO  com.eleicao.core.service.VotoService - Voto salvo: Voto{, type='eleicao-gp2', object='yago', valor=1, timestamp=2025-05-19T14:19:15.391918300}
2025-05-19 14:19:15.408 [org.springframework.amqp.rabbit.RabbitListenerEndpointContainer#1-1] INFO  com.eleicao.core.component.VotoListener - Voto processado e lista atualizada: VotoDTO{type='eleicao-gp2', object='48', valor=1, timestamp=2025-05-19T14:19:15.391918300}
2025-05-19 14:19:15.411 [org.springframework.amqp.rabbit.RabbitListenerEndpointContainer#2-1] INFO  com.eleicao.core.component.WebSocketCandidatoListener - Recebido lista de candidatos via RabbitMQ, enviando via WebSocket: 7 candidatos
2025-05-19 14:19:15.411 [org.springframework.amqp.rabbit.RabbitListenerEndpointContainer#2-1] INFO  com.eleicao.core.component.WebSocketCandidatoListener - Lista de candidatos enviada via WebSocket com sucesso
2025-05-19 14:19:15.573 [org.springframework.amqp.rabbit.RabbitListenerEndpointContainer#1-1] INFO  com.eleicao.core.service.VotoService - Voto salvo: Voto{, type='eleicao-gp2', object='yago', valor=1, timestamp=2025-05-19T14:19:15.566936800}
2025-05-19 14:19:15.611 [org.springframework.amqp.rabbit.RabbitListenerEndpointContainer#1-1] INFO  com.eleicao.core.component.VotoListener - Voto processado e lista atualizada: VotoDTO{type='eleicao-gp2', object='48', valor=1, timestamp=2025-05-19T14:19:15.566936800}
2025-05-19 14:19:15.613 [org.springframework.amqp.rabbit.RabbitListenerEndpointContainer#2-1] INFO  com.eleicao.core.component.WebSocketCandidatoListener - Recebido lista de candidatos via RabbitMQ, enviando via WebSocket: 7 candidatos
2025-05-19 14:19:15.613 [org.springframework.amqp.rabbit.RabbitListenerEndpointContainer#2-1] INFO  com.eleicao.core.component.WebSocketCandidatoListener - Lista de candidatos enviada via WebSocket com sucesso
2025-05-19 14:19:15.745 [org.springframework.amqp.rabbit.RabbitListenerEndpointContainer#1-1] INFO  com.eleicao.core.service.VotoService - Voto salvo: Voto{, type='eleicao-gp2', object='yago', valor=1, timestamp=2025-05-19T14:19:15.738104900}
2025-05-19 14:19:15.783 [org.springframework.amqp.rabbit.RabbitListenerEndpointContainer#1-1] INFO  com.eleicao.core.component.VotoListener - Voto processado e lista atualizada: VotoDTO{type='eleicao-gp2', object='48', valor=1, timestamp=2025-05-19T14:19:15.738104900}
2025-05-19 14:19:15.787 [org.springframework.amqp.rabbit.RabbitListenerEndpointContainer#2-1] INFO  com.eleicao.core.component.WebSocketCandidatoListener - Recebido lista de candidatos via RabbitMQ, enviando via WebSocket: 7 candidatos
2025-05-19 14:19:15.787 [org.springframework.amqp.rabbit.RabbitListenerEndpointContainer#2-1] INFO  com.eleicao.core.component.WebSocketCandidatoListener - Lista de candidatos enviada via WebSocket com sucesso
2025-05-19 14:19:15.950 [org.springframework.amqp.rabbit.RabbitListenerEndpointContainer#1-1] INFO  com.eleicao.core.service.VotoService - Voto salvo: Voto{, type='eleicao-gp2', object='yago', valor=1, timestamp=2025-05-19T14:19:15.946444300}
2025-05-19 14:19:15.982 [org.springframework.amqp.rabbit.RabbitListenerEndpointContainer#1-1] INFO  com.eleicao.core.component.VotoListener - Voto processado e lista atualizada: VotoDTO{type='eleicao-gp2', object='48', valor=1, timestamp=2025-05-19T14:19:15.946444300}
2025-05-19 14:19:15.998 [org.springframework.amqp.rabbit.RabbitListenerEndpointContainer#2-1] INFO  com.eleicao.core.component.WebSocketCandidatoListener - Recebido lista de candidatos via RabbitMQ, enviando via WebSocket: 7 candidatos
2025-05-19 14:19:16.000 [org.springframework.amqp.rabbit.RabbitListenerEndpointContainer#2-1] INFO  com.eleicao.core.component.WebSocketCandidatoListener - Lista de candidatos enviada via WebSocket com sucesso
2025-05-19 14:19:35.588 [org.springframework.amqp.rabbit.RabbitListenerEndpointContainer#0-1] INFO  com.eleicao.core.component.CandidatoListener - Candidato criado e lista publicada: CandidatoDTO{nome='cavalo manco', foto='https://picsum.photos/200/'}
2025-05-19 14:19:35.594 [org.springframework.amqp.rabbit.RabbitListenerEndpointContainer#2-1] INFO  com.eleicao.core.component.WebSocketCandidatoListener - Recebido lista de candidatos via RabbitMQ, enviando via WebSocket: 8 candidatos
2025-05-19 14:19:35.594 [org.springframework.amqp.rabbit.RabbitListenerEndpointContainer#2-1] INFO  com.eleicao.core.component.WebSocketCandidatoListener - Lista de candidatos enviada via WebSocket com sucesso
2025-05-19 14:19:44.906 [org.springframework.amqp.rabbit.RabbitListenerEndpointContainer#1-1] INFO  com.eleicao.core.service.VotoService - Voto salvo: Voto{, type='eleicao-gp2', object='cavalo manco', valor=1, timestamp=2025-05-19T14:19:44.900060900}
2025-05-19 14:19:44.935 [org.springframework.amqp.rabbit.RabbitListenerEndpointContainer#1-1] INFO  com.eleicao.core.component.VotoListener - Voto processado e lista atualizada: VotoDTO{type='eleicao-gp2', object='50', valor=1, timestamp=2025-05-19T14:19:44.900060900}
2025-05-19 14:19:44.935 [org.springframework.amqp.rabbit.RabbitListenerEndpointContainer#2-1] INFO  com.eleicao.core.component.WebSocketCandidatoListener - Recebido lista de candidatos via RabbitMQ, enviando via WebSocket: 8 candidatos
2025-05-19 14:19:44.935 [org.springframework.amqp.rabbit.RabbitListenerEndpointContainer#2-1] INFO  com.eleicao.core.component.WebSocketCandidatoListener - Lista de candidatos enviada via WebSocket com sucesso
2025-05-19 14:19:45.123 [org.springframework.amqp.rabbit.RabbitListenerEndpointContainer#1-1] INFO  com.eleicao.core.service.VotoService - Voto salvo: Voto{, type='eleicao-gp2', object='cavalo manco', valor=1, timestamp=2025-05-19T14:19:45.118164800}
2025-05-19 14:19:45.165 [org.springframework.amqp.rabbit.RabbitListenerEndpointContainer#1-1] INFO  com.eleicao.core.component.VotoListener - Voto processado e lista atualizada: VotoDTO{type='eleicao-gp2', object='50', valor=1, timestamp=2025-05-19T14:19:45.118164800}
2025-05-19 14:19:45.165 [org.springframework.amqp.rabbit.RabbitListenerEndpointContainer#2-1] INFO  com.eleicao.core.component.WebSocketCandidatoListener - Recebido lista de candidatos via RabbitMQ, enviando via WebSocket: 8 candidatos
2025-05-19 14:19:45.165 [org.springframework.amqp.rabbit.RabbitListenerEndpointContainer#2-1] INFO  com.eleicao.core.component.WebSocketCandidatoListener - Lista de candidatos enviada via WebSocket com sucesso
2025-05-19 14:19:45.291 [org.springframework.amqp.rabbit.RabbitListenerEndpointContainer#1-1] INFO  com.eleicao.core.service.VotoService - Voto salvo: Voto{, type='eleicao-gp2', object='cavalo manco', valor=1, timestamp=2025-05-19T14:19:45.285552100}
2025-05-19 14:19:45.329 [org.springframework.amqp.rabbit.RabbitListenerEndpointContainer#1-1] INFO  com.eleicao.core.component.VotoListener - Voto processado e lista atualizada: VotoDTO{type='eleicao-gp2', object='50', valor=1, timestamp=2025-05-19T14:19:45.285552100}
2025-05-19 14:19:45.334 [org.springframework.amqp.rabbit.RabbitListenerEndpointContainer#2-1] INFO  com.eleicao.core.component.WebSocketCandidatoListener - Recebido lista de candidatos via RabbitMQ, enviando via WebSocket: 8 candidatos
2025-05-19 14:19:45.334 [org.springframework.amqp.rabbit.RabbitListenerEndpointContainer#2-1] INFO  com.eleicao.core.component.WebSocketCandidatoListener - Lista de candidatos enviada via WebSocket com sucesso
2025-05-19 14:19:45.464 [org.springframework.amqp.rabbit.RabbitListenerEndpointContainer#1-1] INFO  com.eleicao.core.service.VotoService - Voto salvo: Voto{, type='eleicao-gp2', object='cavalo manco', valor=1, timestamp=2025-05-19T14:19:45.464269100}
2025-05-19 14:19:45.505 [org.springframework.amqp.rabbit.RabbitListenerEndpointContainer#1-1] INFO  com.eleicao.core.component.VotoListener - Voto processado e lista atualizada: VotoDTO{type='eleicao-gp2', object='50', valor=1, timestamp=2025-05-19T14:19:45.464269100}
2025-05-19 14:19:45.509 [org.springframework.amqp.rabbit.RabbitListenerEndpointContainer#2-1] INFO  com.eleicao.core.component.WebSocketCandidatoListener - Recebido lista de candidatos via RabbitMQ, enviando via WebSocket: 8 candidatos
2025-05-19 14:19:45.511 [org.springframework.amqp.rabbit.RabbitListenerEndpointContainer#2-1] INFO  com.eleicao.core.component.WebSocketCandidatoListener - Lista de candidatos enviada via WebSocket com sucesso
2025-05-19 14:19:45.647 [org.springframework.amqp.rabbit.RabbitListenerEndpointContainer#1-1] INFO  com.eleicao.core.service.VotoService - Voto salvo: Voto{, type='eleicao-gp2', object='cavalo manco', valor=1, timestamp=2025-05-19T14:19:45.641572300}
2025-05-19 14:19:45.686 [org.springframework.amqp.rabbit.RabbitListenerEndpointContainer#1-1] INFO  com.eleicao.core.component.VotoListener - Voto processado e lista atualizada: VotoDTO{type='eleicao-gp2', object='50', valor=1, timestamp=2025-05-19T14:19:45.641572300}
2025-05-19 14:19:45.691 [org.springframework.amqp.rabbit.RabbitListenerEndpointContainer#2-1] INFO  com.eleicao.core.component.WebSocketCandidatoListener - Recebido lista de candidatos via RabbitMQ, enviando via WebSocket: 8 candidatos
2025-05-19 14:19:45.691 [org.springframework.amqp.rabbit.RabbitListenerEndpointContainer#2-1] INFO  com.eleicao.core.component.WebSocketCandidatoListener - Lista de candidatos enviada via WebSocket com sucesso
2025-05-19 14:19:45.855 [org.springframework.amqp.rabbit.RabbitListenerEndpointContainer#1-1] INFO  com.eleicao.core.service.VotoService - Voto salvo: Voto{, type='eleicao-gp2', object='cavalo manco', valor=1, timestamp=2025-05-19T14:19:45.848409100}
2025-05-19 14:19:45.863 [org.springframework.amqp.rabbit.RabbitListenerEndpointContainer#1-1] INFO  com.eleicao.core.component.VotoListener - Voto processado e lista atualizada: VotoDTO{type='eleicao-gp2', object='50', valor=1, timestamp=2025-05-19T14:19:45.848409100}
2025-05-19 14:19:45.871 [org.springframework.amqp.rabbit.RabbitListenerEndpointContainer#2-1] INFO  com.eleicao.core.component.WebSocketCandidatoListener - Recebido lista de candidatos via RabbitMQ, enviando via WebSocket: 8 candidatos
2025-05-19 14:19:45.871 [org.springframework.amqp.rabbit.RabbitListenerEndpointContainer#2-1] INFO  com.eleicao.core.component.WebSocketCandidatoListener - Lista de candidatos enviada via WebSocket com sucesso
2025-05-19 14:19:47.134 [org.springframework.amqp.rabbit.RabbitListenerEndpointContainer#1-1] INFO  com.eleicao.core.service.VotoService - Voto salvo: Voto{, type='eleicao-gp2', object='cavalo manco', valor=1, timestamp=2025-05-19T14:19:47.134244200}
2025-05-19 14:19:47.173 [org.springframework.amqp.rabbit.RabbitListenerEndpointContainer#1-1] INFO  com.eleicao.core.component.VotoListener - Voto processado e lista atualizada: VotoDTO{type='eleicao-gp2', object='50', valor=1, timestamp=2025-05-19T14:19:47.134244200}
2025-05-19 14:19:47.173 [org.springframework.amqp.rabbit.RabbitListenerEndpointContainer#2-1] INFO  com.eleicao.core.component.WebSocketCandidatoListener - Recebido lista de candidatos via RabbitMQ, enviando via WebSocket: 8 candidatos
2025-05-19 14:19:47.173 [org.springframework.amqp.rabbit.RabbitListenerEndpointContainer#2-1] INFO  com.eleicao.core.component.WebSocketCandidatoListener - Lista de candidatos enviada via WebSocket com sucesso
2025-05-19 14:19:55.571 [org.springframework.amqp.rabbit.RabbitListenerEndpointContainer#1-1] INFO  com.eleicao.core.service.VotoService - Voto salvo: Voto{, type='eleicao-gp2', object='outro candidato', valor=1, timestamp=2025-05-19T14:19:55.564663500}
2025-05-19 14:19:55.612 [org.springframework.amqp.rabbit.RabbitListenerEndpointContainer#1-1] INFO  com.eleicao.core.component.VotoListener - Voto processado e lista atualizada: VotoDTO{type='eleicao-gp2', object='15', valor=1, timestamp=2025-05-19T14:19:55.564663500}
2025-05-19 14:19:55.612 [org.springframework.amqp.rabbit.RabbitListenerEndpointContainer#2-1] INFO  com.eleicao.core.component.WebSocketCandidatoListener - Recebido lista de candidatos via RabbitMQ, enviando via WebSocket: 8 candidatos
2025-05-19 14:19:55.612 [org.springframework.amqp.rabbit.RabbitListenerEndpointContainer#2-1] INFO  com.eleicao.core.component.WebSocketCandidatoListener - Lista de candidatos enviada via WebSocket com sucesso
2025-05-19 14:19:56.281 [org.springframework.amqp.rabbit.RabbitListenerEndpointContainer#1-1] INFO  com.eleicao.core.service.VotoService - Voto salvo: Voto{, type='eleicao-gp2', object='outro candidato', valor=1, timestamp=2025-05-19T14:19:56.273466600}
2025-05-19 14:19:56.329 [org.springframework.amqp.rabbit.RabbitListenerEndpointContainer#1-1] INFO  com.eleicao.core.component.VotoListener - Voto processado e lista atualizada: VotoDTO{type='eleicao-gp2', object='15', valor=1, timestamp=2025-05-19T14:19:56.273466600}
2025-05-19 14:19:56.335 [org.springframework.amqp.rabbit.RabbitListenerEndpointContainer#2-1] INFO  com.eleicao.core.component.WebSocketCandidatoListener - Recebido lista de candidatos via RabbitMQ, enviando via WebSocket: 8 candidatos
2025-05-19 14:19:56.337 [org.springframework.amqp.rabbit.RabbitListenerEndpointContainer#2-1] INFO  com.eleicao.core.component.WebSocketCandidatoListener - Lista de candidatos enviada via WebSocket com sucesso
2025-05-19 14:19:56.642 [org.springframework.amqp.rabbit.RabbitListenerEndpointContainer#1-1] INFO  com.eleicao.core.service.VotoService - Voto salvo: Voto{, type='eleicao-gp2', object='cavalo manco', valor=1, timestamp=2025-05-19T14:19:56.637147}
2025-05-19 14:19:56.653 [org.springframework.amqp.rabbit.RabbitListenerEndpointContainer#1-1] INFO  com.eleicao.core.component.VotoListener - Voto processado e lista atualizada: VotoDTO{type='eleicao-gp2', object='50', valor=1, timestamp=2025-05-19T14:19:56.637147}
2025-05-19 14:19:56.653 [org.springframework.amqp.rabbit.RabbitListenerEndpointContainer#2-1] INFO  com.eleicao.core.component.WebSocketCandidatoListener - Recebido lista de candidatos via RabbitMQ, enviando via WebSocket: 8 candidatos
2025-05-19 14:19:56.653 [org.springframework.amqp.rabbit.RabbitListenerEndpointContainer#2-1] INFO  com.eleicao.core.component.WebSocketCandidatoListener - Lista de candidatos enviada via WebSocket com sucesso
2025-05-19 14:19:58.328 [org.springframework.amqp.rabbit.RabbitListenerEndpointContainer#1-1] INFO  com.eleicao.core.service.VotoService - Voto salvo: Voto{, type='eleicao-gp2', object='cavalo manco', valor=1, timestamp=2025-05-19T14:19:58.320265300}
2025-05-19 14:19:58.363 [org.springframework.amqp.rabbit.RabbitListenerEndpointContainer#1-1] INFO  com.eleicao.core.component.VotoListener - Voto processado e lista atualizada: VotoDTO{type='eleicao-gp2', object='50', valor=1, timestamp=2025-05-19T14:19:58.320265300}
2025-05-19 14:19:58.363 [org.springframework.amqp.rabbit.RabbitListenerEndpointContainer#2-1] INFO  com.eleicao.core.component.WebSocketCandidatoListener - Recebido lista de candidatos via RabbitMQ, enviando via WebSocket: 8 candidatos
2025-05-19 14:19:58.363 [org.springframework.amqp.rabbit.RabbitListenerEndpointContainer#2-1] INFO  com.eleicao.core.component.WebSocketCandidatoListener - Lista de candidatos enviada via WebSocket com sucesso
2025-05-19 14:20:00.342 [org.springframework.amqp.rabbit.RabbitListenerEndpointContainer#1-1] INFO  com.eleicao.core.service.VotoService - Voto salvo: Voto{, type='eleicao-gp2', object='cavalo manco', valor=1, timestamp=2025-05-19T14:20:00.333843200}
2025-05-19 14:20:00.388 [org.springframework.amqp.rabbit.RabbitListenerEndpointContainer#1-1] INFO  com.eleicao.core.component.VotoListener - Voto processado e lista atualizada: VotoDTO{type='eleicao-gp2', object='50', valor=1, timestamp=2025-05-19T14:20:00.333843200}
2025-05-19 14:20:00.391 [org.springframework.amqp.rabbit.RabbitListenerEndpointContainer#2-1] INFO  com.eleicao.core.component.WebSocketCandidatoListener - Recebido lista de candidatos via RabbitMQ, enviando via WebSocket: 8 candidatos
2025-05-19 14:20:00.391 [org.springframework.amqp.rabbit.RabbitListenerEndpointContainer#2-1] INFO  com.eleicao.core.component.WebSocketCandidatoListener - Lista de candidatos enviada via WebSocket com sucesso
2025-05-19 14:20:00.511 [org.springframework.amqp.rabbit.RabbitListenerEndpointContainer#1-1] INFO  com.eleicao.core.service.VotoService - Voto salvo: Voto{, type='eleicao-gp2', object='cavalo manco', valor=1, timestamp=2025-05-19T14:20:00.503876300}
2025-05-19 14:20:00.565 [org.springframework.amqp.rabbit.RabbitListenerEndpointContainer#1-1] INFO  com.eleicao.core.component.VotoListener - Voto processado e lista atualizada: VotoDTO{type='eleicao-gp2', object='50', valor=1, timestamp=2025-05-19T14:20:00.503876300}
2025-05-19 14:20:00.567 [org.springframework.amqp.rabbit.RabbitListenerEndpointContainer#2-1] INFO  com.eleicao.core.component.WebSocketCandidatoListener - Recebido lista de candidatos via RabbitMQ, enviando via WebSocket: 8 candidatos
2025-05-19 14:20:00.568 [org.springframework.amqp.rabbit.RabbitListenerEndpointContainer#2-1] INFO  com.eleicao.core.component.WebSocketCandidatoListener - Lista de candidatos enviada via WebSocket com sucesso
2025-05-19 14:20:00.657 [org.springframework.amqp.rabbit.RabbitListenerEndpointContainer#1-1] INFO  com.eleicao.core.service.VotoService - Voto salvo: Voto{, type='eleicao-gp2', object='cavalo manco', valor=1, timestamp=2025-05-19T14:20:00.652844600}
2025-05-19 14:20:00.705 [org.springframework.amqp.rabbit.RabbitListenerEndpointContainer#1-1] INFO  com.eleicao.core.component.VotoListener - Voto processado e lista atualizada: VotoDTO{type='eleicao-gp2', object='50', valor=1, timestamp=2025-05-19T14:20:00.652844600}
2025-05-19 14:20:00.708 [org.springframework.amqp.rabbit.RabbitListenerEndpointContainer#2-1] INFO  com.eleicao.core.component.WebSocketCandidatoListener - Recebido lista de candidatos via RabbitMQ, enviando via WebSocket: 8 candidatos
2025-05-19 14:20:00.710 [org.springframework.amqp.rabbit.RabbitListenerEndpointContainer#2-1] INFO  com.eleicao.core.component.WebSocketCandidatoListener - Lista de candidatos enviada via WebSocket com sucesso
2025-05-19 14:20:00.839 [org.springframework.amqp.rabbit.RabbitListenerEndpointContainer#1-1] INFO  com.eleicao.core.service.VotoService - Voto salvo: Voto{, type='eleicao-gp2', object='cavalo manco', valor=1, timestamp=2025-05-19T14:20:00.834750500}
2025-05-19 14:20:00.882 [org.springframework.amqp.rabbit.RabbitListenerEndpointContainer#1-1] INFO  com.eleicao.core.component.VotoListener - Voto processado e lista atualizada: VotoDTO{type='eleicao-gp2', object='50', valor=1, timestamp=2025-05-19T14:20:00.834750500}
2025-05-19 14:20:00.883 [org.springframework.amqp.rabbit.RabbitListenerEndpointContainer#2-1] INFO  com.eleicao.core.component.WebSocketCandidatoListener - Recebido lista de candidatos via RabbitMQ, enviando via WebSocket: 8 candidatos
2025-05-19 14:20:00.885 [org.springframework.amqp.rabbit.RabbitListenerEndpointContainer#2-1] INFO  com.eleicao.core.component.WebSocketCandidatoListener - Lista de candidatos enviada via WebSocket com sucesso
2025-05-19 14:20:01.063 [org.springframework.amqp.rabbit.RabbitListenerEndpointContainer#1-1] INFO  com.eleicao.core.service.VotoService - Voto salvo: Voto{, type='eleicao-gp2', object='cavalo manco', valor=1, timestamp=2025-05-19T14:20:01.055024}
2025-05-19 14:20:01.095 [org.springframework.amqp.rabbit.RabbitListenerEndpointContainer#1-1] INFO  com.eleicao.core.component.VotoListener - Voto processado e lista atualizada: VotoDTO{type='eleicao-gp2', object='50', valor=1, timestamp=2025-05-19T14:20:01.055024}
2025-05-19 14:20:01.095 [org.springframework.amqp.rabbit.RabbitListenerEndpointContainer#2-1] INFO  com.eleicao.core.component.WebSocketCandidatoListener - Recebido lista de candidatos via RabbitMQ, enviando via WebSocket: 8 candidatos
2025-05-19 14:20:01.095 [org.springframework.amqp.rabbit.RabbitListenerEndpointContainer#2-1] INFO  com.eleicao.core.component.WebSocketCandidatoListener - Lista de candidatos enviada via WebSocket com sucesso
2025-05-19 14:32:22.485 [org.springframework.amqp.rabbit.RabbitListenerEndpointContainer#1-1] INFO  com.eleicao.core.service.VotoService - Voto salvo: Voto{, type='eleicao-gp2', object='lionel messi', valor=1, timestamp=2025-05-19T14:32:22.468269200}
2025-05-19 14:32:22.531 [org.springframework.amqp.rabbit.RabbitListenerEndpointContainer#1-1] INFO  com.eleicao.core.component.VotoListener - Voto processado e lista atualizada: VotoDTO{type='eleicao-gp2', object='49', valor=1, timestamp=2025-05-19T14:32:22.468269200}
2025-05-19 14:32:22.540 [org.springframework.amqp.rabbit.RabbitListenerEndpointContainer#2-1] INFO  com.eleicao.core.component.WebSocketCandidatoListener - Recebido lista de candidatos via RabbitMQ, enviando via WebSocket: 8 candidatos
2025-05-19 14:32:22.541 [org.springframework.amqp.rabbit.RabbitListenerEndpointContainer#2-1] INFO  com.eleicao.core.component.WebSocketCandidatoListener - Lista de candidatos enviada via WebSocket com sucesso
2025-05-19 14:51:20.925 [SpringApplicationShutdownHook] INFO  com.zaxxer.hikari.HikariDataSource - HikariPool-1 - Shutdown initiated...
2025-05-19 14:51:20.954 [SpringApplicationShutdownHook] INFO  com.zaxxer.hikari.HikariDataSource - HikariPool-1 - Shutdown completed.
