2025-05-17 19:18:46.408 [background-preinit] INFO  org.hibernate.validator.internal.util.Version - HV000001: Hibernate Validator 8.0.2.Final
2025-05-17 19:18:46.470 [restartedMain] INFO  com.eleicao.core.CoreApplication - Starting CoreApplication using Java 21.0.6 with PID 13020 (C:\Users\yguilherme\Documents\youknow\nova_pasta\trab_sd_votacao\backend+core\core\target\classes started by yguilherme in C:\Users\yguilherme\Documents\youknow\nova_pasta\trab_sd_votacao\backend+core\core)
2025-05-17 19:18:46.477 [restartedMain] INFO  com.eleicao.core.CoreApplication - No active profile set, falling back to 1 default profile: "default"
2025-05-17 19:18:48.570 [restartedMain] INFO  org.apache.coyote.http11.Http11NioProtocol - Initializing ProtocolHandler ["http-nio-9090"]
2025-05-17 19:18:48.574 [restartedMain] INFO  org.apache.catalina.core.StandardService - Starting service [Tomcat]
2025-05-17 19:18:48.575 [restartedMain] INFO  org.apache.catalina.core.StandardEngine - Starting Servlet engine: [Apache Tomcat/10.1.40]
2025-05-17 19:18:48.666 [restartedMain] INFO  org.apache.catalina.core.ContainerBase.[Tomcat].[localhost].[/] - Initializing Spring embedded WebApplicationContext
2025-05-17 19:18:48.947 [restartedMain] INFO  org.hibernate.jpa.internal.util.LogHelper - HHH000204: Processing PersistenceUnitInfo [name: default]
2025-05-17 19:18:49.005 [restartedMain] INFO  org.hibernate.Version - HHH000412: Hibernate ORM core version 6.6.13.Final
2025-05-17 19:18:49.035 [restartedMain] INFO  org.hibernate.cache.internal.RegionFactoryInitiator - HHH000026: Second-level cache disabled
2025-05-17 19:18:49.422 [restartedMain] INFO  com.zaxxer.hikari.HikariDataSource - HikariPool-1 - Starting...
2025-05-17 19:18:49.567 [restartedMain] INFO  com.zaxxer.hikari.pool.HikariPool - HikariPool-1 - Added connection org.postgresql.jdbc.PgConnection@1e50b154
2025-05-17 19:18:49.569 [restartedMain] INFO  com.zaxxer.hikari.HikariDataSource - HikariPool-1 - Start completed.
2025-05-17 19:18:49.603 [restartedMain] WARN  org.hibernate.orm.deprecation - HHH90000025: PostgreSQLDialect does not need to be specified explicitly using 'hibernate.dialect' (remove the property setting and it will be selected by default)
2025-05-17 19:18:49.630 [restartedMain] INFO  org.hibernate.orm.connections.pooling - HHH10001005: Database info:
	Database JDBC URL [Connecting through datasource 'HikariDataSource (HikariPool-1)']
	Database driver: undefined/unknown
	Database version: 17.4
	Autocommit mode: undefined/unknown
	Isolation level: undefined/unknown
	Minimum pool size: undefined/unknown
	Maximum pool size: undefined/unknown
2025-05-17 19:18:50.338 [restartedMain] INFO  org.hibernate.engine.transaction.jta.platform.internal.JtaPlatformInitiator - HHH000489: No JTA platform available (set 'hibernate.transaction.jta.platform' to enable JTA platform integration)
2025-05-17 19:18:51.938 [restartedMain] INFO  org.apache.coyote.http11.Http11NioProtocol - Starting ProtocolHandler ["http-nio-9090"]
2025-05-17 19:18:52.161 [restartedMain] INFO  com.eleicao.core.CoreApplication - Started CoreApplication in 6.073 seconds (process running for 7.129)
2025-05-17 19:19:35.462 [org.springframework.amqp.rabbit.RabbitListenerEndpointContainer#0-1] INFO  com.eleicao.core.component.VotoListener - Candidato recebido: CandidatoDTO{nome='papai m3essi', foto='link'}
2025-05-17 19:20:54.289 [SpringApplicationShutdownHook] INFO  com.zaxxer.hikari.HikariDataSource - HikariPool-1 - Shutdown initiated...
2025-05-17 19:20:54.294 [SpringApplicationShutdownHook] INFO  com.zaxxer.hikari.HikariDataSource - HikariPool-1 - Shutdown completed.
2025-05-17 19:20:58.536 [background-preinit] INFO  org.hibernate.validator.internal.util.Version - HV000001: Hibernate Validator 8.0.2.Final
2025-05-17 19:20:58.586 [restartedMain] INFO  com.eleicao.core.CoreApplication - Starting CoreApplication using Java 21.0.6 with PID 22948 (C:\Users\yguilherme\Documents\youknow\nova_pasta\trab_sd_votacao\backend+core\core\target\classes started by yguilherme in C:\Users\yguilherme\Documents\youknow\nova_pasta\trab_sd_votacao\backend+core\core)
2025-05-17 19:20:58.593 [restartedMain] INFO  com.eleicao.core.CoreApplication - No active profile set, falling back to 1 default profile: "default"
2025-05-17 19:21:00.339 [restartedMain] INFO  org.apache.coyote.http11.Http11NioProtocol - Initializing ProtocolHandler ["http-nio-9090"]
2025-05-17 19:21:00.341 [restartedMain] INFO  org.apache.catalina.core.StandardService - Starting service [Tomcat]
2025-05-17 19:21:00.341 [restartedMain] INFO  org.apache.catalina.core.StandardEngine - Starting Servlet engine: [Apache Tomcat/10.1.40]
2025-05-17 19:21:00.388 [restartedMain] INFO  org.apache.catalina.core.ContainerBase.[Tomcat].[localhost].[/] - Initializing Spring embedded WebApplicationContext
2025-05-17 19:21:00.633 [restartedMain] INFO  org.hibernate.jpa.internal.util.LogHelper - HHH000204: Processing PersistenceUnitInfo [name: default]
2025-05-17 19:21:00.676 [restartedMain] INFO  org.hibernate.Version - HHH000412: Hibernate ORM core version 6.6.13.Final
2025-05-17 19:21:00.696 [restartedMain] INFO  org.hibernate.cache.internal.RegionFactoryInitiator - HHH000026: Second-level cache disabled
2025-05-17 19:21:01.050 [restartedMain] INFO  com.zaxxer.hikari.HikariDataSource - HikariPool-1 - Starting...
2025-05-17 19:21:01.192 [restartedMain] INFO  com.zaxxer.hikari.pool.HikariPool - HikariPool-1 - Added connection org.postgresql.jdbc.PgConnection@69fb8b04
2025-05-17 19:21:01.194 [restartedMain] INFO  com.zaxxer.hikari.HikariDataSource - HikariPool-1 - Start completed.
2025-05-17 19:21:01.216 [restartedMain] WARN  org.hibernate.orm.deprecation - HHH90000025: PostgreSQLDialect does not need to be specified explicitly using 'hibernate.dialect' (remove the property setting and it will be selected by default)
2025-05-17 19:21:01.240 [restartedMain] INFO  org.hibernate.orm.connections.pooling - HHH10001005: Database info:
	Database JDBC URL [Connecting through datasource 'HikariDataSource (HikariPool-1)']
	Database driver: undefined/unknown
	Database version: 17.4
	Autocommit mode: undefined/unknown
	Isolation level: undefined/unknown
	Minimum pool size: undefined/unknown
	Maximum pool size: undefined/unknown
2025-05-17 19:21:01.939 [restartedMain] INFO  org.hibernate.engine.transaction.jta.platform.internal.JtaPlatformInitiator - HHH000489: No JTA platform available (set 'hibernate.transaction.jta.platform' to enable JTA platform integration)
2025-05-17 19:21:03.168 [restartedMain] INFO  org.apache.coyote.http11.Http11NioProtocol - Starting ProtocolHandler ["http-nio-9090"]
2025-05-17 19:21:03.285 [restartedMain] INFO  com.eleicao.core.CoreApplication - Started CoreApplication in 5.041 seconds (process running for 5.953)
2025-05-17 19:21:05.315 [SpringApplicationShutdownHook] INFO  com.zaxxer.hikari.HikariDataSource - HikariPool-1 - Shutdown initiated...
2025-05-17 19:21:05.319 [SpringApplicationShutdownHook] INFO  com.zaxxer.hikari.HikariDataSource - HikariPool-1 - Shutdown completed.
2025-05-17 19:21:09.356 [background-preinit] INFO  org.hibernate.validator.internal.util.Version - HV000001: Hibernate Validator 8.0.2.Final
2025-05-17 19:21:09.409 [restartedMain] INFO  com.eleicao.core.CoreApplication - Starting CoreApplication using Java 21.0.6 with PID 6596 (C:\Users\yguilherme\Documents\youknow\nova_pasta\trab_sd_votacao\backend+core\core\target\classes started by yguilherme in C:\Users\yguilherme\Documents\youknow\nova_pasta\trab_sd_votacao\backend+core\core)
2025-05-17 19:21:09.416 [restartedMain] INFO  com.eleicao.core.CoreApplication - No active profile set, falling back to 1 default profile: "default"
2025-05-17 19:21:11.083 [restartedMain] INFO  org.apache.coyote.http11.Http11NioProtocol - Initializing ProtocolHandler ["http-nio-9090"]
2025-05-17 19:21:11.086 [restartedMain] INFO  org.apache.catalina.core.StandardService - Starting service [Tomcat]
2025-05-17 19:21:11.086 [restartedMain] INFO  org.apache.catalina.core.StandardEngine - Starting Servlet engine: [Apache Tomcat/10.1.40]
2025-05-17 19:21:11.130 [restartedMain] INFO  org.apache.catalina.core.ContainerBase.[Tomcat].[localhost].[/] - Initializing Spring embedded WebApplicationContext
2025-05-17 19:21:11.334 [restartedMain] INFO  org.hibernate.jpa.internal.util.LogHelper - HHH000204: Processing PersistenceUnitInfo [name: default]
2025-05-17 19:21:11.414 [restartedMain] INFO  org.hibernate.Version - HHH000412: Hibernate ORM core version 6.6.13.Final
2025-05-17 19:21:11.451 [restartedMain] INFO  org.hibernate.cache.internal.RegionFactoryInitiator - HHH000026: Second-level cache disabled
2025-05-17 19:21:11.806 [restartedMain] INFO  com.zaxxer.hikari.HikariDataSource - HikariPool-1 - Starting...
2025-05-17 19:21:11.936 [restartedMain] INFO  com.zaxxer.hikari.pool.HikariPool - HikariPool-1 - Added connection org.postgresql.jdbc.PgConnection@6a01b4c2
2025-05-17 19:21:11.938 [restartedMain] INFO  com.zaxxer.hikari.HikariDataSource - HikariPool-1 - Start completed.
2025-05-17 19:21:11.961 [restartedMain] WARN  org.hibernate.orm.deprecation - HHH90000025: PostgreSQLDialect does not need to be specified explicitly using 'hibernate.dialect' (remove the property setting and it will be selected by default)
2025-05-17 19:21:11.979 [restartedMain] INFO  org.hibernate.orm.connections.pooling - HHH10001005: Database info:
	Database JDBC URL [Connecting through datasource 'HikariDataSource (HikariPool-1)']
	Database driver: undefined/unknown
	Database version: 17.4
	Autocommit mode: undefined/unknown
	Isolation level: undefined/unknown
	Minimum pool size: undefined/unknown
	Maximum pool size: undefined/unknown
2025-05-17 19:21:12.691 [restartedMain] INFO  org.hibernate.engine.transaction.jta.platform.internal.JtaPlatformInitiator - HHH000489: No JTA platform available (set 'hibernate.transaction.jta.platform' to enable JTA platform integration)
2025-05-17 19:21:13.923 [restartedMain] INFO  org.apache.coyote.http11.Http11NioProtocol - Starting ProtocolHandler ["http-nio-9090"]
2025-05-17 19:21:14.046 [restartedMain] INFO  com.eleicao.core.CoreApplication - Started CoreApplication in 4.949 seconds (process running for 5.778)
2025-05-17 19:21:44.319 [org.springframework.amqp.rabbit.RabbitListenerEndpointContainer#0-1] INFO  com.eleicao.core.component.VotoListener - Candidato criado: CandidatoDTO{nome='papai neymar', foto='link'}
2025-05-17 19:24:28.837 [SpringApplicationShutdownHook] INFO  com.zaxxer.hikari.HikariDataSource - HikariPool-1 - Shutdown initiated...
2025-05-17 19:24:28.843 [SpringApplicationShutdownHook] INFO  com.zaxxer.hikari.HikariDataSource - HikariPool-1 - Shutdown completed.
2025-05-17 19:24:33.153 [background-preinit] INFO  org.hibernate.validator.internal.util.Version - HV000001: Hibernate Validator 8.0.2.Final
2025-05-17 19:24:33.202 [restartedMain] INFO  com.eleicao.core.CoreApplication - Starting CoreApplication using Java 21.0.6 with PID 22392 (C:\Users\yguilherme\Documents\youknow\nova_pasta\trab_sd_votacao\backend+core\core\target\classes started by yguilherme in C:\Users\yguilherme\Documents\youknow\nova_pasta\trab_sd_votacao\backend+core\core)
2025-05-17 19:24:33.209 [restartedMain] INFO  com.eleicao.core.CoreApplication - No active profile set, falling back to 1 default profile: "default"
2025-05-17 19:24:34.747 [restartedMain] INFO  org.apache.coyote.http11.Http11NioProtocol - Initializing ProtocolHandler ["http-nio-9090"]
2025-05-17 19:24:34.749 [restartedMain] INFO  org.apache.catalina.core.StandardService - Starting service [Tomcat]
2025-05-17 19:24:34.749 [restartedMain] INFO  org.apache.catalina.core.StandardEngine - Starting Servlet engine: [Apache Tomcat/10.1.40]
2025-05-17 19:24:34.789 [restartedMain] INFO  org.apache.catalina.core.ContainerBase.[Tomcat].[localhost].[/] - Initializing Spring embedded WebApplicationContext
2025-05-17 19:24:35.023 [restartedMain] INFO  org.hibernate.jpa.internal.util.LogHelper - HHH000204: Processing PersistenceUnitInfo [name: default]
2025-05-17 19:24:35.061 [restartedMain] INFO  org.hibernate.Version - HHH000412: Hibernate ORM core version 6.6.13.Final
2025-05-17 19:24:35.085 [restartedMain] INFO  org.hibernate.cache.internal.RegionFactoryInitiator - HHH000026: Second-level cache disabled
2025-05-17 19:24:35.445 [restartedMain] INFO  com.zaxxer.hikari.HikariDataSource - HikariPool-1 - Starting...
2025-05-17 19:24:35.579 [restartedMain] INFO  com.zaxxer.hikari.pool.HikariPool - HikariPool-1 - Added connection org.postgresql.jdbc.PgConnection@740dcea5
2025-05-17 19:24:35.580 [restartedMain] INFO  com.zaxxer.hikari.HikariDataSource - HikariPool-1 - Start completed.
2025-05-17 19:24:35.605 [restartedMain] WARN  org.hibernate.orm.deprecation - HHH90000025: PostgreSQLDialect does not need to be specified explicitly using 'hibernate.dialect' (remove the property setting and it will be selected by default)
2025-05-17 19:24:35.622 [restartedMain] INFO  org.hibernate.orm.connections.pooling - HHH10001005: Database info:
	Database JDBC URL [Connecting through datasource 'HikariDataSource (HikariPool-1)']
	Database driver: undefined/unknown
	Database version: 17.4
	Autocommit mode: undefined/unknown
	Isolation level: undefined/unknown
	Minimum pool size: undefined/unknown
	Maximum pool size: undefined/unknown
2025-05-17 19:24:36.387 [restartedMain] INFO  org.hibernate.engine.transaction.jta.platform.internal.JtaPlatformInitiator - HHH000489: No JTA platform available (set 'hibernate.transaction.jta.platform' to enable JTA platform integration)
2025-05-17 19:24:37.564 [restartedMain] INFO  org.apache.coyote.http11.Http11NioProtocol - Starting ProtocolHandler ["http-nio-9090"]
2025-05-17 19:24:37.680 [restartedMain] INFO  com.eleicao.core.CoreApplication - Started CoreApplication in 4.799 seconds (process running for 5.705)
2025-05-17 19:25:06.267 [org.springframework.amqp.rabbit.RabbitListenerEndpointContainer#0-1] INFO  com.eleicao.core.component.CandidatoListener - Candidato criado: CandidatoDTO{nome='papai neymar', foto='link'}
2025-05-17 19:25:17.841 [org.springframework.amqp.rabbit.RabbitListenerEndpointContainer#1-1] INFO  com.eleicao.core.component.VotoListener - Voto recebido: VotoDTO{type='eleicao-gp2', object='papai neymar', valor=1, timestamp=2025-05-17T19:25:17.803070900, foto='link'}
2025-05-17 19:25:19.743 [org.springframework.amqp.rabbit.RabbitListenerEndpointContainer#1-1] INFO  com.eleicao.core.component.VotoListener - Voto recebido: VotoDTO{type='eleicao-gp2', object='papai neymar', valor=1, timestamp=2025-05-17T19:25:19.739376900, foto='link'}
2025-05-17 19:26:23.329 [SpringApplicationShutdownHook] INFO  com.zaxxer.hikari.HikariDataSource - HikariPool-1 - Shutdown initiated...
2025-05-17 19:26:23.335 [SpringApplicationShutdownHook] INFO  com.zaxxer.hikari.HikariDataSource - HikariPool-1 - Shutdown completed.
2025-05-17 19:26:27.828 [background-preinit] INFO  org.hibernate.validator.internal.util.Version - HV000001: Hibernate Validator 8.0.2.Final
2025-05-17 19:26:27.887 [restartedMain] INFO  com.eleicao.core.CoreApplication - Starting CoreApplication using Java 21.0.6 with PID 17512 (C:\Users\yguilherme\Documents\youknow\nova_pasta\trab_sd_votacao\backend+core\core\target\classes started by yguilherme in C:\Users\yguilherme\Documents\youknow\nova_pasta\trab_sd_votacao\backend+core\core)
2025-05-17 19:26:27.896 [restartedMain] INFO  com.eleicao.core.CoreApplication - No active profile set, falling back to 1 default profile: "default"
2025-05-17 19:26:29.552 [restartedMain] INFO  org.apache.coyote.http11.Http11NioProtocol - Initializing ProtocolHandler ["http-nio-9090"]
2025-05-17 19:26:29.554 [restartedMain] INFO  org.apache.catalina.core.StandardService - Starting service [Tomcat]
2025-05-17 19:26:29.555 [restartedMain] INFO  org.apache.catalina.core.StandardEngine - Starting Servlet engine: [Apache Tomcat/10.1.40]
2025-05-17 19:26:29.594 [restartedMain] INFO  org.apache.catalina.core.ContainerBase.[Tomcat].[localhost].[/] - Initializing Spring embedded WebApplicationContext
2025-05-17 19:26:29.832 [restartedMain] INFO  org.hibernate.jpa.internal.util.LogHelper - HHH000204: Processing PersistenceUnitInfo [name: default]
2025-05-17 19:26:29.918 [restartedMain] INFO  org.hibernate.Version - HHH000412: Hibernate ORM core version 6.6.13.Final
2025-05-17 19:26:29.958 [restartedMain] INFO  org.hibernate.cache.internal.RegionFactoryInitiator - HHH000026: Second-level cache disabled
2025-05-17 19:26:30.346 [restartedMain] INFO  com.zaxxer.hikari.HikariDataSource - HikariPool-1 - Starting...
2025-05-17 19:26:30.476 [restartedMain] INFO  com.zaxxer.hikari.pool.HikariPool - HikariPool-1 - Added connection org.postgresql.jdbc.PgConnection@5aa2cb3e
2025-05-17 19:26:30.478 [restartedMain] INFO  com.zaxxer.hikari.HikariDataSource - HikariPool-1 - Start completed.
2025-05-17 19:26:30.506 [restartedMain] WARN  org.hibernate.orm.deprecation - HHH90000025: PostgreSQLDialect does not need to be specified explicitly using 'hibernate.dialect' (remove the property setting and it will be selected by default)
2025-05-17 19:26:30.527 [restartedMain] INFO  org.hibernate.orm.connections.pooling - HHH10001005: Database info:
	Database JDBC URL [Connecting through datasource 'HikariDataSource (HikariPool-1)']
	Database driver: undefined/unknown
	Database version: 17.4
	Autocommit mode: undefined/unknown
	Isolation level: undefined/unknown
	Minimum pool size: undefined/unknown
	Maximum pool size: undefined/unknown
2025-05-17 19:26:31.244 [restartedMain] INFO  org.hibernate.engine.transaction.jta.platform.internal.JtaPlatformInitiator - HHH000489: No JTA platform available (set 'hibernate.transaction.jta.platform' to enable JTA platform integration)
2025-05-17 19:26:32.481 [restartedMain] INFO  org.apache.coyote.http11.Http11NioProtocol - Starting ProtocolHandler ["http-nio-9090"]
2025-05-17 19:26:32.594 [restartedMain] INFO  com.eleicao.core.CoreApplication - Started CoreApplication in 5.08 seconds (process running for 6.043)
2025-05-17 19:27:56.744 [org.springframework.amqp.rabbit.RabbitListenerEndpointContainer#0-1] INFO  com.eleicao.core.component.CandidatoListener - Candidato criado: CandidatoDTO{nome='papai neymar', foto='link'}
2025-05-17 19:28:10.282 [org.springframework.amqp.rabbit.RabbitListenerEndpointContainer#1-1] INFO  com.eleicao.core.component.VotoListener - Voto recebido: VotoDTO{type='eleicao-gp2', object='papai neymar', valor=1, timestamp=2025-05-17T19:28:10.261110500}
2025-05-17 19:28:21.514 [org.springframework.amqp.rabbit.RabbitListenerEndpointContainer#1-1] INFO  com.eleicao.core.component.VotoListener - Voto recebido: VotoDTO{type='eleicao-gp2', object='papai neymar', valor=1, timestamp=2025-05-17T19:28:21.510165800}
2025-05-17 19:28:22.681 [org.springframework.amqp.rabbit.RabbitListenerEndpointContainer#1-1] INFO  com.eleicao.core.component.VotoListener - Voto recebido: VotoDTO{type='eleicao-gp2', object='papai neymar', valor=1, timestamp=2025-05-17T19:28:22.676779100}
2025-05-17 19:28:23.703 [org.springframework.amqp.rabbit.RabbitListenerEndpointContainer#1-1] INFO  com.eleicao.core.component.VotoListener - Voto recebido: VotoDTO{type='eleicao-gp2', object='papai neymar', valor=1, timestamp=2025-05-17T19:28:23.699211600}
2025-05-17 19:28:24.702 [org.springframework.amqp.rabbit.RabbitListenerEndpointContainer#1-1] INFO  com.eleicao.core.component.VotoListener - Voto recebido: VotoDTO{type='eleicao-gp2', object='papai neymar', valor=1, timestamp=2025-05-17T19:28:24.697388700}
2025-05-17 19:48:02.086 [SpringApplicationShutdownHook] INFO  com.zaxxer.hikari.HikariDataSource - HikariPool-1 - Shutdown initiated...
2025-05-17 19:48:02.091 [SpringApplicationShutdownHook] INFO  com.zaxxer.hikari.HikariDataSource - HikariPool-1 - Shutdown completed.
2025-05-17 19:48:07.373 [background-preinit] INFO  org.hibernate.validator.internal.util.Version - HV000001: Hibernate Validator 8.0.2.Final
2025-05-17 19:48:07.427 [restartedMain] INFO  com.eleicao.core.CoreApplication - Starting CoreApplication using Java 21.0.6 with PID 9188 (C:\Users\yguilherme\Documents\youknow\nova_pasta\trab_sd_votacao\backend+core\core\target\classes started by yguilherme in C:\Users\yguilherme\Documents\youknow\nova_pasta\trab_sd_votacao\backend+core\core)
2025-05-17 19:48:07.433 [restartedMain] INFO  com.eleicao.core.CoreApplication - No active profile set, falling back to 1 default profile: "default"
2025-05-17 19:48:09.187 [restartedMain] INFO  org.apache.coyote.http11.Http11NioProtocol - Initializing ProtocolHandler ["http-nio-9090"]
2025-05-17 19:48:09.190 [restartedMain] INFO  org.apache.catalina.core.StandardService - Starting service [Tomcat]
2025-05-17 19:48:09.191 [restartedMain] INFO  org.apache.catalina.core.StandardEngine - Starting Servlet engine: [Apache Tomcat/10.1.40]
2025-05-17 19:48:09.259 [restartedMain] INFO  org.apache.catalina.core.ContainerBase.[Tomcat].[localhost].[/] - Initializing Spring embedded WebApplicationContext
2025-05-17 19:48:09.540 [restartedMain] INFO  org.hibernate.jpa.internal.util.LogHelper - HHH000204: Processing PersistenceUnitInfo [name: default]
2025-05-17 19:48:09.654 [restartedMain] INFO  org.hibernate.Version - HHH000412: Hibernate ORM core version 6.6.13.Final
2025-05-17 19:48:09.711 [restartedMain] INFO  org.hibernate.cache.internal.RegionFactoryInitiator - HHH000026: Second-level cache disabled
2025-05-17 19:48:10.240 [restartedMain] INFO  com.zaxxer.hikari.HikariDataSource - HikariPool-1 - Starting...
2025-05-17 19:48:10.391 [restartedMain] INFO  com.zaxxer.hikari.pool.HikariPool - HikariPool-1 - Added connection org.postgresql.jdbc.PgConnection@63ec333b
2025-05-17 19:48:10.393 [restartedMain] INFO  com.zaxxer.hikari.HikariDataSource - HikariPool-1 - Start completed.
2025-05-17 19:48:10.422 [restartedMain] WARN  org.hibernate.orm.deprecation - HHH90000025: PostgreSQLDialect does not need to be specified explicitly using 'hibernate.dialect' (remove the property setting and it will be selected by default)
2025-05-17 19:48:10.443 [restartedMain] INFO  org.hibernate.orm.connections.pooling - HHH10001005: Database info:
	Database JDBC URL [Connecting through datasource 'HikariDataSource (HikariPool-1)']
	Database driver: undefined/unknown
	Database version: 17.4
	Autocommit mode: undefined/unknown
	Isolation level: undefined/unknown
	Minimum pool size: undefined/unknown
	Maximum pool size: undefined/unknown
2025-05-17 19:48:11.268 [restartedMain] INFO  org.hibernate.engine.transaction.jta.platform.internal.JtaPlatformInitiator - HHH000489: No JTA platform available (set 'hibernate.transaction.jta.platform' to enable JTA platform integration)
2025-05-17 19:48:12.559 [restartedMain] INFO  org.apache.coyote.http11.Http11NioProtocol - Starting ProtocolHandler ["http-nio-9090"]
2025-05-17 19:48:12.686 [restartedMain] INFO  com.eleicao.core.CoreApplication - Started CoreApplication in 5.623 seconds (process running for 6.534)
2025-05-17 19:48:47.075 [org.springframework.amqp.rabbit.RabbitListenerEndpointContainer#0-1] ERROR com.eleicao.core.component.CandidatoListener - Candidato ja existe: papai neymar
2025-05-17 19:48:47.097 [org.springframework.amqp.rabbit.RabbitListenerEndpointContainer#0-1] ERROR com.eleicao.core.component.CandidatoListener - Candidato ja existe: papai neymar
2025-05-17 19:48:47.104 [org.springframework.amqp.rabbit.RabbitListenerEndpointContainer#0-1] ERROR com.eleicao.core.component.CandidatoListener - Candidato ja existe: papai neymar
2025-05-17 19:48:47.110 [org.springframework.amqp.rabbit.RabbitListenerEndpointContainer#0-1] ERROR com.eleicao.core.component.CandidatoListener - Candidato ja existe: papai neymar
2025-05-17 19:48:47.116 [org.springframework.amqp.rabbit.RabbitListenerEndpointContainer#0-1] ERROR com.eleicao.core.component.CandidatoListener - Candidato ja existe: papai neymar
2025-05-17 19:48:47.122 [org.springframework.amqp.rabbit.RabbitListenerEndpointContainer#0-1] ERROR com.eleicao.core.component.CandidatoListener - Candidato ja existe: papai neymar
2025-05-17 19:48:47.129 [org.springframework.amqp.rabbit.RabbitListenerEndpointContainer#0-1] ERROR com.eleicao.core.component.CandidatoListener - Candidato ja existe: papai neymar
2025-05-17 19:48:47.144 [org.springframework.amqp.rabbit.RabbitListenerEndpointContainer#0-1] ERROR com.eleicao.core.component.CandidatoListener - Candidato ja existe: papai neymar
2025-05-17 19:48:47.150 [org.springframework.amqp.rabbit.RabbitListenerEndpointContainer#0-1] ERROR com.eleicao.core.component.CandidatoListener - Candidato ja existe: papai neymar
2025-05-17 19:48:47.156 [org.springframework.amqp.rabbit.RabbitListenerEndpointContainer#0-1] ERROR com.eleicao.core.component.CandidatoListener - Candidato ja existe: papai neymar
2025-05-17 19:48:47.162 [org.springframework.amqp.rabbit.RabbitListenerEndpointContainer#0-1] ERROR com.eleicao.core.component.CandidatoListener - Candidato ja existe: papai neymar
2025-05-17 19:48:47.168 [org.springframework.amqp.rabbit.RabbitListenerEndpointContainer#0-1] ERROR com.eleicao.core.component.CandidatoListener - Candidato ja existe: papai neymar
2025-05-17 19:48:47.174 [org.springframework.amqp.rabbit.RabbitListenerEndpointContainer#0-1] ERROR com.eleicao.core.component.CandidatoListener - Candidato ja existe: papai neymar
2025-05-17 19:48:47.179 [org.springframework.amqp.rabbit.RabbitListenerEndpointContainer#0-1] ERROR com.eleicao.core.component.CandidatoListener - Candidato ja existe: papai neymar
2025-05-17 19:48:47.186 [org.springframework.amqp.rabbit.RabbitListenerEndpointContainer#0-1] ERROR com.eleicao.core.component.CandidatoListener - Candidato ja existe: papai neymar
2025-05-17 19:48:47.193 [org.springframework.amqp.rabbit.RabbitListenerEndpointContainer#0-1] ERROR com.eleicao.core.component.CandidatoListener - Candidato ja existe: papai neymar
2025-05-17 19:48:47.200 [org.springframework.amqp.rabbit.RabbitListenerEndpointContainer#0-1] ERROR com.eleicao.core.component.CandidatoListener - Candidato ja existe: papai neymar
2025-05-17 19:48:47.206 [org.springframework.amqp.rabbit.RabbitListenerEndpointContainer#0-1] ERROR com.eleicao.core.component.CandidatoListener - Candidato ja existe: papai neymar
2025-05-17 19:48:47.212 [org.springframework.amqp.rabbit.RabbitListenerEndpointContainer#0-1] ERROR com.eleicao.core.component.CandidatoListener - Candidato ja existe: papai neymar
2025-05-17 19:48:47.220 [org.springframework.amqp.rabbit.RabbitListenerEndpointContainer#0-1] ERROR com.eleicao.core.component.CandidatoListener - Candidato ja existe: papai neymar
2025-05-17 19:48:47.225 [org.springframework.amqp.rabbit.RabbitListenerEndpointContainer#0-1] ERROR com.eleicao.core.component.CandidatoListener - Candidato ja existe: papai neymar
2025-05-17 19:48:47.229 [org.springframework.amqp.rabbit.RabbitListenerEndpointContainer#0-1] ERROR com.eleicao.core.component.CandidatoListener - Candidato ja existe: papai neymar
2025-05-17 19:48:47.236 [org.springframework.amqp.rabbit.RabbitListenerEndpointContainer#0-1] ERROR com.eleicao.core.component.CandidatoListener - Candidato ja existe: papai neymar
2025-05-17 19:48:47.244 [org.springframework.amqp.rabbit.RabbitListenerEndpointContainer#0-1] ERROR com.eleicao.core.component.CandidatoListener - Candidato ja existe: papai neymar
2025-05-17 19:48:47.250 [org.springframework.amqp.rabbit.RabbitListenerEndpointContainer#0-1] ERROR com.eleicao.core.component.CandidatoListener - Candidato ja existe: papai neymar
2025-05-17 19:48:47.256 [org.springframework.amqp.rabbit.RabbitListenerEndpointContainer#0-1] ERROR com.eleicao.core.component.CandidatoListener - Candidato ja existe: papai neymar
2025-05-17 19:48:47.262 [org.springframework.amqp.rabbit.RabbitListenerEndpointContainer#0-1] ERROR com.eleicao.core.component.CandidatoListener - Candidato ja existe: papai neymar
2025-05-17 19:48:47.266 [org.springframework.amqp.rabbit.RabbitListenerEndpointContainer#0-1] ERROR com.eleicao.core.component.CandidatoListener - Candidato ja existe: papai neymar
2025-05-17 19:48:47.273 [org.springframework.amqp.rabbit.RabbitListenerEndpointContainer#0-1] ERROR com.eleicao.core.component.CandidatoListener - Candidato ja existe: papai neymar
2025-05-17 19:48:47.279 [org.springframework.amqp.rabbit.RabbitListenerEndpointContainer#0-1] ERROR com.eleicao.core.component.CandidatoListener - Candidato ja existe: papai neymar
2025-05-17 19:48:47.286 [org.springframework.amqp.rabbit.RabbitListenerEndpointContainer#0-1] ERROR com.eleicao.core.component.CandidatoListener - Candidato ja existe: papai neymar
2025-05-17 19:48:47.294 [org.springframework.amqp.rabbit.RabbitListenerEndpointContainer#0-1] ERROR com.eleicao.core.component.CandidatoListener - Candidato ja existe: papai neymar
2025-05-17 19:48:47.304 [org.springframework.amqp.rabbit.RabbitListenerEndpointContainer#0-1] ERROR com.eleicao.core.component.CandidatoListener - Candidato ja existe: papai neymar
2025-05-17 19:48:47.310 [org.springframework.amqp.rabbit.RabbitListenerEndpointContainer#0-1] ERROR com.eleicao.core.component.CandidatoListener - Candidato ja existe: papai neymar
2025-05-17 19:48:47.316 [org.springframework.amqp.rabbit.RabbitListenerEndpointContainer#0-1] ERROR com.eleicao.core.component.CandidatoListener - Candidato ja existe: papai neymar
2025-05-17 19:48:47.324 [org.springframework.amqp.rabbit.RabbitListenerEndpointContainer#0-1] ERROR com.eleicao.core.component.CandidatoListener - Candidato ja existe: papai neymar
2025-05-17 19:48:47.330 [org.springframework.amqp.rabbit.RabbitListenerEndpointContainer#0-1] ERROR com.eleicao.core.component.CandidatoListener - Candidato ja existe: papai neymar
2025-05-17 19:48:47.338 [org.springframework.amqp.rabbit.RabbitListenerEndpointContainer#0-1] ERROR com.eleicao.core.component.CandidatoListener - Candidato ja existe: papai neymar
2025-05-17 19:48:47.344 [org.springframework.amqp.rabbit.RabbitListenerEndpointContainer#0-1] ERROR com.eleicao.core.component.CandidatoListener - Candidato ja existe: papai neymar
2025-05-17 19:48:47.352 [org.springframework.amqp.rabbit.RabbitListenerEndpointContainer#0-1] ERROR com.eleicao.core.component.CandidatoListener - Candidato ja existe: papai neymar
2025-05-17 19:48:47.359 [org.springframework.amqp.rabbit.RabbitListenerEndpointContainer#0-1] ERROR com.eleicao.core.component.CandidatoListener - Candidato ja existe: papai neymar
2025-05-17 19:48:47.365 [org.springframework.amqp.rabbit.RabbitListenerEndpointContainer#0-1] ERROR com.eleicao.core.component.CandidatoListener - Candidato ja existe: papai neymar
2025-05-17 19:48:47.372 [org.springframework.amqp.rabbit.RabbitListenerEndpointContainer#0-1] ERROR com.eleicao.core.component.CandidatoListener - Candidato ja existe: papai neymar
2025-05-17 19:48:47.379 [org.springframework.amqp.rabbit.RabbitListenerEndpointContainer#0-1] ERROR com.eleicao.core.component.CandidatoListener - Candidato ja existe: papai neymar
2025-05-17 19:48:47.386 [org.springframework.amqp.rabbit.RabbitListenerEndpointContainer#0-1] ERROR com.eleicao.core.component.CandidatoListener - Candidato ja existe: papai neymar
2025-05-17 19:48:47.392 [org.springframework.amqp.rabbit.RabbitListenerEndpointContainer#0-1] ERROR com.eleicao.core.component.CandidatoListener - Candidato ja existe: papai neymar
2025-05-17 19:48:47.398 [org.springframework.amqp.rabbit.RabbitListenerEndpointContainer#0-1] ERROR com.eleicao.core.component.CandidatoListener - Candidato ja existe: papai neymar
2025-05-17 19:48:47.404 [org.springframework.amqp.rabbit.RabbitListenerEndpointContainer#0-1] ERROR com.eleicao.core.component.CandidatoListener - Candidato ja existe: papai neymar
2025-05-17 19:48:47.411 [org.springframework.amqp.rabbit.RabbitListenerEndpointContainer#0-1] ERROR com.eleicao.core.component.CandidatoListener - Candidato ja existe: papai neymar
2025-05-17 19:48:47.419 [org.springframework.amqp.rabbit.RabbitListenerEndpointContainer#0-1] ERROR com.eleicao.core.component.CandidatoListener - Candidato ja existe: papai neymar
2025-05-17 19:48:47.426 [org.springframework.amqp.rabbit.RabbitListenerEndpointContainer#0-1] ERROR com.eleicao.core.component.CandidatoListener - Candidato ja existe: papai neymar
2025-05-17 19:48:47.433 [org.springframework.amqp.rabbit.RabbitListenerEndpointContainer#0-1] ERROR com.eleicao.core.component.CandidatoListener - Candidato ja existe: papai neymar
2025-05-17 19:48:47.440 [org.springframework.amqp.rabbit.RabbitListenerEndpointContainer#0-1] ERROR com.eleicao.core.component.CandidatoListener - Candidato ja existe: papai neymar
2025-05-17 19:48:47.446 [org.springframework.amqp.rabbit.RabbitListenerEndpointContainer#0-1] ERROR com.eleicao.core.component.CandidatoListener - Candidato ja existe: papai neymar
2025-05-17 19:48:47.452 [org.springframework.amqp.rabbit.RabbitListenerEndpointContainer#0-1] ERROR com.eleicao.core.component.CandidatoListener - Candidato ja existe: papai neymar
2025-05-17 19:48:47.459 [org.springframework.amqp.rabbit.RabbitListenerEndpointContainer#0-1] ERROR com.eleicao.core.component.CandidatoListener - Candidato ja existe: papai neymar
2025-05-17 19:48:47.465 [org.springframework.amqp.rabbit.RabbitListenerEndpointContainer#0-1] ERROR com.eleicao.core.component.CandidatoListener - Candidato ja existe: papai neymar
2025-05-17 19:48:47.473 [org.springframework.amqp.rabbit.RabbitListenerEndpointContainer#0-1] ERROR com.eleicao.core.component.CandidatoListener - Candidato ja existe: papai neymar
2025-05-17 19:48:47.480 [org.springframework.amqp.rabbit.RabbitListenerEndpointContainer#0-1] ERROR com.eleicao.core.component.CandidatoListener - Candidato ja existe: papai neymar
2025-05-17 19:48:47.486 [org.springframework.amqp.rabbit.RabbitListenerEndpointContainer#0-1] ERROR com.eleicao.core.component.CandidatoListener - Candidato ja existe: papai neymar
2025-05-17 19:48:47.493 [org.springframework.amqp.rabbit.RabbitListenerEndpointContainer#0-1] ERROR com.eleicao.core.component.CandidatoListener - Candidato ja existe: papai neymar
2025-05-17 19:48:47.499 [org.springframework.amqp.rabbit.RabbitListenerEndpointContainer#0-1] ERROR com.eleicao.core.component.CandidatoListener - Candidato ja existe: papai neymar
2025-05-17 19:48:47.506 [org.springframework.amqp.rabbit.RabbitListenerEndpointContainer#0-1] ERROR com.eleicao.core.component.CandidatoListener - Candidato ja existe: papai neymar
2025-05-17 19:48:47.512 [org.springframework.amqp.rabbit.RabbitListenerEndpointContainer#0-1] ERROR com.eleicao.core.component.CandidatoListener - Candidato ja existe: papai neymar
2025-05-17 19:48:47.519 [org.springframework.amqp.rabbit.RabbitListenerEndpointContainer#0-1] ERROR com.eleicao.core.component.CandidatoListener - Candidato ja existe: papai neymar
2025-05-17 19:48:47.525 [org.springframework.amqp.rabbit.RabbitListenerEndpointContainer#0-1] ERROR com.eleicao.core.component.CandidatoListener - Candidato ja existe: papai neymar
2025-05-17 19:48:47.530 [org.springframework.amqp.rabbit.RabbitListenerEndpointContainer#0-1] ERROR com.eleicao.core.component.CandidatoListener - Candidato ja existe: papai neymar
2025-05-17 19:48:47.535 [org.springframework.amqp.rabbit.RabbitListenerEndpointContainer#0-1] ERROR com.eleicao.core.component.CandidatoListener - Candidato ja existe: papai neymar
2025-05-17 19:48:47.541 [org.springframework.amqp.rabbit.RabbitListenerEndpointContainer#0-1] ERROR com.eleicao.core.component.CandidatoListener - Candidato ja existe: papai neymar
2025-05-17 19:48:47.546 [org.springframework.amqp.rabbit.RabbitListenerEndpointContainer#0-1] ERROR com.eleicao.core.component.CandidatoListener - Candidato ja existe: papai neymar
2025-05-17 19:48:47.551 [org.springframework.amqp.rabbit.RabbitListenerEndpointContainer#0-1] ERROR com.eleicao.core.component.CandidatoListener - Candidato ja existe: papai neymar
2025-05-17 19:48:47.557 [org.springframework.amqp.rabbit.RabbitListenerEndpointContainer#0-1] ERROR com.eleicao.core.component.CandidatoListener - Candidato ja existe: papai neymar
2025-05-17 19:48:47.563 [org.springframework.amqp.rabbit.RabbitListenerEndpointContainer#0-1] ERROR com.eleicao.core.component.CandidatoListener - Candidato ja existe: papai neymar
2025-05-17 19:48:47.570 [org.springframework.amqp.rabbit.RabbitListenerEndpointContainer#0-1] ERROR com.eleicao.core.component.CandidatoListener - Candidato ja existe: papai neymar
2025-05-17 19:48:47.575 [org.springframework.amqp.rabbit.RabbitListenerEndpointContainer#0-1] ERROR com.eleicao.core.component.CandidatoListener - Candidato ja existe: papai neymar
2025-05-17 19:48:47.581 [org.springframework.amqp.rabbit.RabbitListenerEndpointContainer#0-1] ERROR com.eleicao.core.component.CandidatoListener - Candidato ja existe: papai neymar
2025-05-17 19:48:47.587 [org.springframework.amqp.rabbit.RabbitListenerEndpointContainer#0-1] ERROR com.eleicao.core.component.CandidatoListener - Candidato ja existe: papai neymar
2025-05-17 19:48:47.593 [org.springframework.amqp.rabbit.RabbitListenerEndpointContainer#0-1] ERROR com.eleicao.core.component.CandidatoListener - Candidato ja existe: papai neymar
2025-05-17 19:48:47.599 [org.springframework.amqp.rabbit.RabbitListenerEndpointContainer#0-1] ERROR com.eleicao.core.component.CandidatoListener - Candidato ja existe: papai neymar
2025-05-17 19:48:47.606 [org.springframework.amqp.rabbit.RabbitListenerEndpointContainer#0-1] ERROR com.eleicao.core.component.CandidatoListener - Candidato ja existe: papai neymar
2025-05-17 19:48:47.612 [org.springframework.amqp.rabbit.RabbitListenerEndpointContainer#0-1] ERROR com.eleicao.core.component.CandidatoListener - Candidato ja existe: papai neymar
2025-05-17 19:48:47.619 [org.springframework.amqp.rabbit.RabbitListenerEndpointContainer#0-1] ERROR com.eleicao.core.component.CandidatoListener - Candidato ja existe: papai neymar
2025-05-17 19:48:47.625 [org.springframework.amqp.rabbit.RabbitListenerEndpointContainer#0-1] ERROR com.eleicao.core.component.CandidatoListener - Candidato ja existe: papai neymar
2025-05-17 19:48:47.632 [org.springframework.amqp.rabbit.RabbitListenerEndpointContainer#0-1] ERROR com.eleicao.core.component.CandidatoListener - Candidato ja existe: papai neymar
2025-05-17 19:48:47.639 [org.springframework.amqp.rabbit.RabbitListenerEndpointContainer#0-1] ERROR com.eleicao.core.component.CandidatoListener - Candidato ja existe: papai neymar
2025-05-17 19:48:47.645 [org.springframework.amqp.rabbit.RabbitListenerEndpointContainer#0-1] ERROR com.eleicao.core.component.CandidatoListener - Candidato ja existe: papai neymar
2025-05-17 19:48:47.651 [org.springframework.amqp.rabbit.RabbitListenerEndpointContainer#0-1] ERROR com.eleicao.core.component.CandidatoListener - Candidato ja existe: papai neymar
2025-05-17 19:48:47.657 [org.springframework.amqp.rabbit.RabbitListenerEndpointContainer#0-1] ERROR com.eleicao.core.component.CandidatoListener - Candidato ja existe: papai neymar
2025-05-17 19:48:47.663 [org.springframework.amqp.rabbit.RabbitListenerEndpointContainer#0-1] ERROR com.eleicao.core.component.CandidatoListener - Candidato ja existe: papai neymar
2025-05-17 19:48:47.668 [org.springframework.amqp.rabbit.RabbitListenerEndpointContainer#0-1] ERROR com.eleicao.core.component.CandidatoListener - Candidato ja existe: papai neymar
2025-05-17 19:48:47.673 [org.springframework.amqp.rabbit.RabbitListenerEndpointContainer#0-1] ERROR com.eleicao.core.component.CandidatoListener - Candidato ja existe: papai neymar
2025-05-17 19:48:47.678 [org.springframework.amqp.rabbit.RabbitListenerEndpointContainer#0-1] ERROR com.eleicao.core.component.CandidatoListener - Candidato ja existe: papai neymar
2025-05-17 19:48:47.682 [org.springframework.amqp.rabbit.RabbitListenerEndpointContainer#0-1] ERROR com.eleicao.core.component.CandidatoListener - Candidato ja existe: papai neymar
2025-05-17 19:48:47.687 [org.springframework.amqp.rabbit.RabbitListenerEndpointContainer#0-1] ERROR com.eleicao.core.component.CandidatoListener - Candidato ja existe: papai neymar
2025-05-17 19:48:47.693 [org.springframework.amqp.rabbit.RabbitListenerEndpointContainer#0-1] ERROR com.eleicao.core.component.CandidatoListener - Candidato ja existe: papai neymar
2025-05-17 19:48:47.697 [org.springframework.amqp.rabbit.RabbitListenerEndpointContainer#0-1] ERROR com.eleicao.core.component.CandidatoListener - Candidato ja existe: papai neymar
2025-05-17 19:48:47.704 [org.springframework.amqp.rabbit.RabbitListenerEndpointContainer#0-1] ERROR com.eleicao.core.component.CandidatoListener - Candidato ja existe: papai neymar
2025-05-17 19:48:47.709 [org.springframework.amqp.rabbit.RabbitListenerEndpointContainer#0-1] ERROR com.eleicao.core.component.CandidatoListener - Candidato ja existe: papai neymar
2025-05-17 19:48:47.713 [org.springframework.amqp.rabbit.RabbitListenerEndpointContainer#0-1] ERROR com.eleicao.core.component.CandidatoListener - Candidato ja existe: papai neymar
2025-05-17 19:48:47.719 [org.springframework.amqp.rabbit.RabbitListenerEndpointContainer#0-1] ERROR com.eleicao.core.component.CandidatoListener - Candidato ja existe: papai neymar
2025-05-17 19:48:47.725 [org.springframework.amqp.rabbit.RabbitListenerEndpointContainer#0-1] ERROR com.eleicao.core.component.CandidatoListener - Candidato ja existe: papai neymar
2025-05-17 19:48:47.731 [org.springframework.amqp.rabbit.RabbitListenerEndpointContainer#0-1] ERROR com.eleicao.core.component.CandidatoListener - Candidato ja existe: papai neymar
2025-05-17 19:48:47.736 [org.springframework.amqp.rabbit.RabbitListenerEndpointContainer#0-1] ERROR com.eleicao.core.component.CandidatoListener - Candidato ja existe: papai neymar
2025-05-17 19:48:47.741 [org.springframework.amqp.rabbit.RabbitListenerEndpointContainer#0-1] ERROR com.eleicao.core.component.CandidatoListener - Candidato ja existe: papai neymar
2025-05-17 19:48:47.747 [org.springframework.amqp.rabbit.RabbitListenerEndpointContainer#0-1] ERROR com.eleicao.core.component.CandidatoListener - Candidato ja existe: papai neymar
2025-05-17 19:48:47.754 [org.springframework.amqp.rabbit.RabbitListenerEndpointContainer#0-1] ERROR com.eleicao.core.component.CandidatoListener - Candidato ja existe: papai neymar
2025-05-17 19:48:47.759 [org.springframework.amqp.rabbit.RabbitListenerEndpointContainer#0-1] ERROR com.eleicao.core.component.CandidatoListener - Candidato ja existe: papai neymar
2025-05-17 19:48:47.763 [org.springframework.amqp.rabbit.RabbitListenerEndpointContainer#0-1] ERROR com.eleicao.core.component.CandidatoListener - Candidato ja existe: papai neymar
2025-05-17 19:48:47.770 [org.springframework.amqp.rabbit.RabbitListenerEndpointContainer#0-1] ERROR com.eleicao.core.component.CandidatoListener - Candidato ja existe: papai neymar
2025-05-17 19:48:47.776 [org.springframework.amqp.rabbit.RabbitListenerEndpointContainer#0-1] ERROR com.eleicao.core.component.CandidatoListener - Candidato ja existe: papai neymar
2025-05-17 19:48:47.781 [org.springframework.amqp.rabbit.RabbitListenerEndpointContainer#0-1] ERROR com.eleicao.core.component.CandidatoListener - Candidato ja existe: papai neymar
2025-05-17 19:48:47.788 [org.springframework.amqp.rabbit.RabbitListenerEndpointContainer#0-1] ERROR com.eleicao.core.component.CandidatoListener - Candidato ja existe: papai neymar
2025-05-17 19:48:47.793 [org.springframework.amqp.rabbit.RabbitListenerEndpointContainer#0-1] ERROR com.eleicao.core.component.CandidatoListener - Candidato ja existe: papai neymar
2025-05-17 19:48:47.799 [org.springframework.amqp.rabbit.RabbitListenerEndpointContainer#0-1] ERROR com.eleicao.core.component.CandidatoListener - Candidato ja existe: papai neymar
2025-05-17 19:48:47.806 [org.springframework.amqp.rabbit.RabbitListenerEndpointContainer#0-1] ERROR com.eleicao.core.component.CandidatoListener - Candidato ja existe: papai neymar
2025-05-17 19:48:47.815 [org.springframework.amqp.rabbit.RabbitListenerEndpointContainer#0-1] ERROR com.eleicao.core.component.CandidatoListener - Candidato ja existe: papai neymar
2025-05-17 19:48:47.823 [org.springframework.amqp.rabbit.RabbitListenerEndpointContainer#0-1] ERROR com.eleicao.core.component.CandidatoListener - Candidato ja existe: papai neymar
2025-05-17 19:48:47.830 [org.springframework.amqp.rabbit.RabbitListenerEndpointContainer#0-1] ERROR com.eleicao.core.component.CandidatoListener - Candidato ja existe: papai neymar
2025-05-17 19:48:47.837 [org.springframework.amqp.rabbit.RabbitListenerEndpointContainer#0-1] ERROR com.eleicao.core.component.CandidatoListener - Candidato ja existe: papai neymar
2025-05-17 19:48:47.843 [org.springframework.amqp.rabbit.RabbitListenerEndpointContainer#0-1] ERROR com.eleicao.core.component.CandidatoListener - Candidato ja existe: papai neymar
2025-05-17 19:48:47.849 [org.springframework.amqp.rabbit.RabbitListenerEndpointContainer#0-1] ERROR com.eleicao.core.component.CandidatoListener - Candidato ja existe: papai neymar
2025-05-17 19:48:47.856 [org.springframework.amqp.rabbit.RabbitListenerEndpointContainer#0-1] ERROR com.eleicao.core.component.CandidatoListener - Candidato ja existe: papai neymar
2025-05-17 19:48:47.861 [org.springframework.amqp.rabbit.RabbitListenerEndpointContainer#0-1] ERROR com.eleicao.core.component.CandidatoListener - Candidato ja existe: papai neymar
2025-05-17 19:48:47.868 [org.springframework.amqp.rabbit.RabbitListenerEndpointContainer#0-1] ERROR com.eleicao.core.component.CandidatoListener - Candidato ja existe: papai neymar
2025-05-17 19:48:47.874 [org.springframework.amqp.rabbit.RabbitListenerEndpointContainer#0-1] ERROR com.eleicao.core.component.CandidatoListener - Candidato ja existe: papai neymar
2025-05-17 19:48:47.880 [org.springframework.amqp.rabbit.RabbitListenerEndpointContainer#0-1] ERROR com.eleicao.core.component.CandidatoListener - Candidato ja existe: papai neymar
2025-05-17 19:48:47.886 [org.springframework.amqp.rabbit.RabbitListenerEndpointContainer#0-1] ERROR com.eleicao.core.component.CandidatoListener - Candidato ja existe: papai neymar
2025-05-17 19:48:47.896 [org.springframework.amqp.rabbit.RabbitListenerEndpointContainer#0-1] ERROR com.eleicao.core.component.CandidatoListener - Candidato ja existe: papai neymar
2025-05-17 19:48:47.902 [org.springframework.amqp.rabbit.RabbitListenerEndpointContainer#0-1] ERROR com.eleicao.core.component.CandidatoListener - Candidato ja existe: papai neymar
2025-05-17 19:48:47.908 [org.springframework.amqp.rabbit.RabbitListenerEndpointContainer#0-1] ERROR com.eleicao.core.component.CandidatoListener - Candidato ja existe: papai neymar
2025-05-17 19:48:47.914 [org.springframework.amqp.rabbit.RabbitListenerEndpointContainer#0-1] ERROR com.eleicao.core.component.CandidatoListener - Candidato ja existe: papai neymar
2025-05-17 19:48:47.919 [org.springframework.amqp.rabbit.RabbitListenerEndpointContainer#0-1] ERROR com.eleicao.core.component.CandidatoListener - Candidato ja existe: papai neymar
2025-05-17 19:48:47.925 [org.springframework.amqp.rabbit.RabbitListenerEndpointContainer#0-1] ERROR com.eleicao.core.component.CandidatoListener - Candidato ja existe: papai neymar
2025-05-17 19:48:47.931 [org.springframework.amqp.rabbit.RabbitListenerEndpointContainer#0-1] ERROR com.eleicao.core.component.CandidatoListener - Candidato ja existe: papai neymar
2025-05-17 19:48:47.937 [org.springframework.amqp.rabbit.RabbitListenerEndpointContainer#0-1] ERROR com.eleicao.core.component.CandidatoListener - Candidato ja existe: papai neymar
2025-05-17 19:48:47.943 [org.springframework.amqp.rabbit.RabbitListenerEndpointContainer#0-1] ERROR com.eleicao.core.component.CandidatoListener - Candidato ja existe: papai neymar
2025-05-17 19:48:47.949 [org.springframework.amqp.rabbit.RabbitListenerEndpointContainer#0-1] ERROR com.eleicao.core.component.CandidatoListener - Candidato ja existe: papai neymar
2025-05-17 19:48:47.955 [org.springframework.amqp.rabbit.RabbitListenerEndpointContainer#0-1] ERROR com.eleicao.core.component.CandidatoListener - Candidato ja existe: papai neymar
2025-05-17 19:48:47.961 [org.springframework.amqp.rabbit.RabbitListenerEndpointContainer#0-1] ERROR com.eleicao.core.component.CandidatoListener - Candidato ja existe: papai neymar
2025-05-17 19:48:47.967 [org.springframework.amqp.rabbit.RabbitListenerEndpointContainer#0-1] ERROR com.eleicao.core.component.CandidatoListener - Candidato ja existe: papai neymar
2025-05-17 19:48:47.973 [org.springframework.amqp.rabbit.RabbitListenerEndpointContainer#0-1] ERROR com.eleicao.core.component.CandidatoListener - Candidato ja existe: papai neymar
2025-05-17 19:48:47.979 [org.springframework.amqp.rabbit.RabbitListenerEndpointContainer#0-1] ERROR com.eleicao.core.component.CandidatoListener - Candidato ja existe: papai neymar
2025-05-17 19:48:47.985 [org.springframework.amqp.rabbit.RabbitListenerEndpointContainer#0-1] ERROR com.eleicao.core.component.CandidatoListener - Candidato ja existe: papai neymar
2025-05-17 19:48:47.991 [org.springframework.amqp.rabbit.RabbitListenerEndpointContainer#0-1] ERROR com.eleicao.core.component.CandidatoListener - Candidato ja existe: papai neymar
2025-05-17 19:48:47.996 [org.springframework.amqp.rabbit.RabbitListenerEndpointContainer#0-1] ERROR com.eleicao.core.component.CandidatoListener - Candidato ja existe: papai neymar
2025-05-17 19:48:48.002 [org.springframework.amqp.rabbit.RabbitListenerEndpointContainer#0-1] ERROR com.eleicao.core.component.CandidatoListener - Candidato ja existe: papai neymar
2025-05-17 19:48:48.008 [org.springframework.amqp.rabbit.RabbitListenerEndpointContainer#0-1] ERROR com.eleicao.core.component.CandidatoListener - Candidato ja existe: papai neymar
2025-05-17 19:48:48.013 [org.springframework.amqp.rabbit.RabbitListenerEndpointContainer#0-1] ERROR com.eleicao.core.component.CandidatoListener - Candidato ja existe: papai neymar
2025-05-17 19:48:48.020 [org.springframework.amqp.rabbit.RabbitListenerEndpointContainer#0-1] ERROR com.eleicao.core.component.CandidatoListener - Candidato ja existe: papai neymar
2025-05-17 19:48:48.026 [org.springframework.amqp.rabbit.RabbitListenerEndpointContainer#0-1] ERROR com.eleicao.core.component.CandidatoListener - Candidato ja existe: papai neymar
2025-05-17 19:48:48.033 [org.springframework.amqp.rabbit.RabbitListenerEndpointContainer#0-1] ERROR com.eleicao.core.component.CandidatoListener - Candidato ja existe: papai neymar
2025-05-17 19:48:48.039 [org.springframework.amqp.rabbit.RabbitListenerEndpointContainer#0-1] ERROR com.eleicao.core.component.CandidatoListener - Candidato ja existe: papai neymar
2025-05-17 19:48:48.044 [org.springframework.amqp.rabbit.RabbitListenerEndpointContainer#0-1] ERROR com.eleicao.core.component.CandidatoListener - Candidato ja existe: papai neymar
2025-05-17 19:48:48.049 [org.springframework.amqp.rabbit.RabbitListenerEndpointContainer#0-1] ERROR com.eleicao.core.component.CandidatoListener - Candidato ja existe: papai neymar
2025-05-17 19:48:48.055 [org.springframework.amqp.rabbit.RabbitListenerEndpointContainer#0-1] ERROR com.eleicao.core.component.CandidatoListener - Candidato ja existe: papai neymar
2025-05-17 19:48:48.059 [org.springframework.amqp.rabbit.RabbitListenerEndpointContainer#0-1] ERROR com.eleicao.core.component.CandidatoListener - Candidato ja existe: papai neymar
2025-05-17 19:48:48.064 [org.springframework.amqp.rabbit.RabbitListenerEndpointContainer#0-1] ERROR com.eleicao.core.component.CandidatoListener - Candidato ja existe: papai neymar
2025-05-17 19:48:48.070 [org.springframework.amqp.rabbit.RabbitListenerEndpointContainer#0-1] ERROR com.eleicao.core.component.CandidatoListener - Candidato ja existe: papai neymar
2025-05-17 19:48:48.075 [org.springframework.amqp.rabbit.RabbitListenerEndpointContainer#0-1] ERROR com.eleicao.core.component.CandidatoListener - Candidato ja existe: papai neymar
2025-05-17 19:48:48.079 [org.springframework.amqp.rabbit.RabbitListenerEndpointContainer#0-1] ERROR com.eleicao.core.component.CandidatoListener - Candidato ja existe: papai neymar
2025-05-17 19:48:48.084 [org.springframework.amqp.rabbit.RabbitListenerEndpointContainer#0-1] ERROR com.eleicao.core.component.CandidatoListener - Candidato ja existe: papai neymar
2025-05-17 19:48:48.088 [org.springframework.amqp.rabbit.RabbitListenerEndpointContainer#0-1] ERROR com.eleicao.core.component.CandidatoListener - Candidato ja existe: papai neymar
2025-05-17 19:48:48.092 [org.springframework.amqp.rabbit.RabbitListenerEndpointContainer#0-1] ERROR com.eleicao.core.component.CandidatoListener - Candidato ja existe: papai neymar
2025-05-17 19:48:48.095 [org.springframework.amqp.rabbit.RabbitListenerEndpointContainer#0-1] ERROR com.eleicao.core.component.CandidatoListener - Candidato ja existe: papai neymar
2025-05-17 19:48:48.100 [org.springframework.amqp.rabbit.RabbitListenerEndpointContainer#0-1] ERROR com.eleicao.core.component.CandidatoListener - Candidato ja existe: papai neymar
2025-05-17 19:48:48.104 [org.springframework.amqp.rabbit.RabbitListenerEndpointContainer#0-1] ERROR com.eleicao.core.component.CandidatoListener - Candidato ja existe: papai neymar
2025-05-17 19:48:48.109 [org.springframework.amqp.rabbit.RabbitListenerEndpointContainer#0-1] ERROR com.eleicao.core.component.CandidatoListener - Candidato ja existe: papai neymar
2025-05-17 19:48:48.113 [org.springframework.amqp.rabbit.RabbitListenerEndpointContainer#0-1] ERROR com.eleicao.core.component.CandidatoListener - Candidato ja existe: papai neymar
2025-05-17 19:48:48.118 [org.springframework.amqp.rabbit.RabbitListenerEndpointContainer#0-1] ERROR com.eleicao.core.component.CandidatoListener - Candidato ja existe: papai neymar
2025-05-17 19:48:48.122 [org.springframework.amqp.rabbit.RabbitListenerEndpointContainer#0-1] ERROR com.eleicao.core.component.CandidatoListener - Candidato ja existe: papai neymar
2025-05-17 19:48:48.127 [org.springframework.amqp.rabbit.RabbitListenerEndpointContainer#0-1] ERROR com.eleicao.core.component.CandidatoListener - Candidato ja existe: papai neymar
2025-05-17 19:48:48.131 [org.springframework.amqp.rabbit.RabbitListenerEndpointContainer#0-1] ERROR com.eleicao.core.component.CandidatoListener - Candidato ja existe: papai neymar
2025-05-17 19:48:48.136 [org.springframework.amqp.rabbit.RabbitListenerEndpointContainer#0-1] ERROR com.eleicao.core.component.CandidatoListener - Candidato ja existe: papai neymar
2025-05-17 19:48:48.140 [org.springframework.amqp.rabbit.RabbitListenerEndpointContainer#0-1] ERROR com.eleicao.core.component.CandidatoListener - Candidato ja existe: papai neymar
2025-05-17 19:48:48.145 [org.springframework.amqp.rabbit.RabbitListenerEndpointContainer#0-1] ERROR com.eleicao.core.component.CandidatoListener - Candidato ja existe: papai neymar
2025-05-17 19:48:48.150 [org.springframework.amqp.rabbit.RabbitListenerEndpointContainer#0-1] ERROR com.eleicao.core.component.CandidatoListener - Candidato ja existe: papai neymar
2025-05-17 19:48:48.155 [org.springframework.amqp.rabbit.RabbitListenerEndpointContainer#0-1] ERROR com.eleicao.core.component.CandidatoListener - Candidato ja existe: papai neymar
2025-05-17 19:48:48.161 [org.springframework.amqp.rabbit.RabbitListenerEndpointContainer#0-1] ERROR com.eleicao.core.component.CandidatoListener - Candidato ja existe: papai neymar
2025-05-17 19:48:48.166 [org.springframework.amqp.rabbit.RabbitListenerEndpointContainer#0-1] ERROR com.eleicao.core.component.CandidatoListener - Candidato ja existe: papai neymar
2025-05-17 19:48:48.173 [org.springframework.amqp.rabbit.RabbitListenerEndpointContainer#0-1] ERROR com.eleicao.core.component.CandidatoListener - Candidato ja existe: papai neymar
2025-05-17 19:48:48.179 [org.springframework.amqp.rabbit.RabbitListenerEndpointContainer#0-1] ERROR com.eleicao.core.component.CandidatoListener - Candidato ja existe: papai neymar
2025-05-17 19:48:48.185 [org.springframework.amqp.rabbit.RabbitListenerEndpointContainer#0-1] ERROR com.eleicao.core.component.CandidatoListener - Candidato ja existe: papai neymar
2025-05-17 19:48:48.190 [org.springframework.amqp.rabbit.RabbitListenerEndpointContainer#0-1] ERROR com.eleicao.core.component.CandidatoListener - Candidato ja existe: papai neymar
2025-05-17 19:48:48.197 [org.springframework.amqp.rabbit.RabbitListenerEndpointContainer#0-1] ERROR com.eleicao.core.component.CandidatoListener - Candidato ja existe: papai neymar
2025-05-17 19:48:48.203 [org.springframework.amqp.rabbit.RabbitListenerEndpointContainer#0-1] ERROR com.eleicao.core.component.CandidatoListener - Candidato ja existe: papai neymar
2025-05-17 19:48:48.209 [org.springframework.amqp.rabbit.RabbitListenerEndpointContainer#0-1] ERROR com.eleicao.core.component.CandidatoListener - Candidato ja existe: papai neymar
2025-05-17 19:48:48.215 [org.springframework.amqp.rabbit.RabbitListenerEndpointContainer#0-1] ERROR com.eleicao.core.component.CandidatoListener - Candidato ja existe: papai neymar
2025-05-17 19:48:48.221 [org.springframework.amqp.rabbit.RabbitListenerEndpointContainer#0-1] ERROR com.eleicao.core.component.CandidatoListener - Candidato ja existe: papai neymar
2025-05-17 19:48:48.227 [org.springframework.amqp.rabbit.RabbitListenerEndpointContainer#0-1] ERROR com.eleicao.core.component.CandidatoListener - Candidato ja existe: papai neymar
2025-05-17 19:48:48.233 [org.springframework.amqp.rabbit.RabbitListenerEndpointContainer#0-1] ERROR com.eleicao.core.component.CandidatoListener - Candidato ja existe: papai neymar
2025-05-17 19:48:48.240 [org.springframework.amqp.rabbit.RabbitListenerEndpointContainer#0-1] ERROR com.eleicao.core.component.CandidatoListener - Candidato ja existe: papai neymar
2025-05-17 19:48:48.246 [org.springframework.amqp.rabbit.RabbitListenerEndpointContainer#0-1] ERROR com.eleicao.core.component.CandidatoListener - Candidato ja existe: papai neymar
2025-05-17 19:48:48.252 [org.springframework.amqp.rabbit.RabbitListenerEndpointContainer#0-1] ERROR com.eleicao.core.component.CandidatoListener - Candidato ja existe: papai neymar
2025-05-17 19:48:48.259 [org.springframework.amqp.rabbit.RabbitListenerEndpointContainer#0-1] ERROR com.eleicao.core.component.CandidatoListener - Candidato ja existe: papai neymar
2025-05-17 19:48:48.265 [org.springframework.amqp.rabbit.RabbitListenerEndpointContainer#0-1] ERROR com.eleicao.core.component.CandidatoListener - Candidato ja existe: papai neymar
2025-05-17 19:48:48.271 [org.springframework.amqp.rabbit.RabbitListenerEndpointContainer#0-1] ERROR com.eleicao.core.component.CandidatoListener - Candidato ja existe: papai neymar
2025-05-17 19:48:48.276 [org.springframework.amqp.rabbit.RabbitListenerEndpointContainer#0-1] ERROR com.eleicao.core.component.CandidatoListener - Candidato ja existe: papai neymar
2025-05-17 19:48:48.281 [org.springframework.amqp.rabbit.RabbitListenerEndpointContainer#0-1] ERROR com.eleicao.core.component.CandidatoListener - Candidato ja existe: papai neymar
2025-05-17 19:48:48.285 [org.springframework.amqp.rabbit.RabbitListenerEndpointContainer#0-1] ERROR com.eleicao.core.component.CandidatoListener - Candidato ja existe: papai neymar
2025-05-17 19:48:48.290 [org.springframework.amqp.rabbit.RabbitListenerEndpointContainer#0-1] ERROR com.eleicao.core.component.CandidatoListener - Candidato ja existe: papai neymar
2025-05-17 19:48:48.295 [org.springframework.amqp.rabbit.RabbitListenerEndpointContainer#0-1] ERROR com.eleicao.core.component.CandidatoListener - Candidato ja existe: papai neymar
2025-05-17 19:48:48.299 [org.springframework.amqp.rabbit.RabbitListenerEndpointContainer#0-1] ERROR com.eleicao.core.component.CandidatoListener - Candidato ja existe: papai neymar
2025-05-17 19:48:48.304 [org.springframework.amqp.rabbit.RabbitListenerEndpointContainer#0-1] ERROR com.eleicao.core.component.CandidatoListener - Candidato ja existe: papai neymar
2025-05-17 19:48:48.308 [org.springframework.amqp.rabbit.RabbitListenerEndpointContainer#0-1] ERROR com.eleicao.core.component.CandidatoListener - Candidato ja existe: papai neymar
2025-05-17 19:48:48.314 [org.springframework.amqp.rabbit.RabbitListenerEndpointContainer#0-1] ERROR com.eleicao.core.component.CandidatoListener - Candidato ja existe: papai neymar
2025-05-17 19:48:48.321 [org.springframework.amqp.rabbit.RabbitListenerEndpointContainer#0-1] ERROR com.eleicao.core.component.CandidatoListener - Candidato ja existe: papai neymar
2025-05-17 19:48:48.326 [org.springframework.amqp.rabbit.RabbitListenerEndpointContainer#0-1] ERROR com.eleicao.core.component.CandidatoListener - Candidato ja existe: papai neymar
2025-05-17 19:48:48.331 [org.springframework.amqp.rabbit.RabbitListenerEndpointContainer#0-1] ERROR com.eleicao.core.component.CandidatoListener - Candidato ja existe: papai neymar
2025-05-17 19:48:48.337 [org.springframework.amqp.rabbit.RabbitListenerEndpointContainer#0-1] ERROR com.eleicao.core.component.CandidatoListener - Candidato ja existe: papai neymar
2025-05-17 19:48:48.343 [org.springframework.amqp.rabbit.RabbitListenerEndpointContainer#0-1] ERROR com.eleicao.core.component.CandidatoListener - Candidato ja existe: papai neymar
2025-05-17 19:48:48.348 [org.springframework.amqp.rabbit.RabbitListenerEndpointContainer#0-1] ERROR com.eleicao.core.component.CandidatoListener - Candidato ja existe: papai neymar
2025-05-17 19:48:48.353 [org.springframework.amqp.rabbit.RabbitListenerEndpointContainer#0-1] ERROR com.eleicao.core.component.CandidatoListener - Candidato ja existe: papai neymar
2025-05-17 19:48:48.359 [org.springframework.amqp.rabbit.RabbitListenerEndpointContainer#0-1] ERROR com.eleicao.core.component.CandidatoListener - Candidato ja existe: papai neymar
2025-05-17 19:48:48.365 [org.springframework.amqp.rabbit.RabbitListenerEndpointContainer#0-1] ERROR com.eleicao.core.component.CandidatoListener - Candidato ja existe: papai neymar
2025-05-17 19:48:48.373 [org.springframework.amqp.rabbit.RabbitListenerEndpointContainer#0-1] ERROR com.eleicao.core.component.CandidatoListener - Candidato ja existe: papai neymar
2025-05-17 19:48:48.380 [org.springframework.amqp.rabbit.RabbitListenerEndpointContainer#0-1] ERROR com.eleicao.core.component.CandidatoListener - Candidato ja existe: papai neymar
2025-05-17 19:48:48.387 [org.springframework.amqp.rabbit.RabbitListenerEndpointContainer#0-1] ERROR com.eleicao.core.component.CandidatoListener - Candidato ja existe: papai neymar
2025-05-17 19:48:48.394 [org.springframework.amqp.rabbit.RabbitListenerEndpointContainer#0-1] ERROR com.eleicao.core.component.CandidatoListener - Candidato ja existe: papai neymar
2025-05-17 19:48:48.400 [org.springframework.amqp.rabbit.RabbitListenerEndpointContainer#0-1] ERROR com.eleicao.core.component.CandidatoListener - Candidato ja existe: papai neymar
2025-05-17 19:48:48.406 [org.springframework.amqp.rabbit.RabbitListenerEndpointContainer#0-1] ERROR com.eleicao.core.component.CandidatoListener - Candidato ja existe: papai neymar
2025-05-17 19:48:48.413 [org.springframework.amqp.rabbit.RabbitListenerEndpointContainer#0-1] ERROR com.eleicao.core.component.CandidatoListener - Candidato ja existe: papai neymar
2025-05-17 19:48:48.420 [org.springframework.amqp.rabbit.RabbitListenerEndpointContainer#0-1] ERROR com.eleicao.core.component.CandidatoListener - Candidato ja existe: papai neymar
2025-05-17 19:48:48.427 [org.springframework.amqp.rabbit.RabbitListenerEndpointContainer#0-1] ERROR com.eleicao.core.component.CandidatoListener - Candidato ja existe: papai neymar
2025-05-17 19:48:48.433 [org.springframework.amqp.rabbit.RabbitListenerEndpointContainer#0-1] ERROR com.eleicao.core.component.CandidatoListener - Candidato ja existe: papai neymar
2025-05-17 19:48:48.439 [org.springframework.amqp.rabbit.RabbitListenerEndpointContainer#0-1] ERROR com.eleicao.core.component.CandidatoListener - Candidato ja existe: papai neymar
2025-05-17 19:48:48.445 [org.springframework.amqp.rabbit.RabbitListenerEndpointContainer#0-1] ERROR com.eleicao.core.component.CandidatoListener - Candidato ja existe: papai neymar
2025-05-17 19:48:48.453 [org.springframework.amqp.rabbit.RabbitListenerEndpointContainer#0-1] ERROR com.eleicao.core.component.CandidatoListener - Candidato ja existe: papai neymar
2025-05-17 19:48:48.459 [org.springframework.amqp.rabbit.RabbitListenerEndpointContainer#0-1] ERROR com.eleicao.core.component.CandidatoListener - Candidato ja existe: papai neymar
2025-05-17 19:48:48.464 [org.springframework.amqp.rabbit.RabbitListenerEndpointContainer#0-1] ERROR com.eleicao.core.component.CandidatoListener - Candidato ja existe: papai neymar
2025-05-17 19:48:48.470 [org.springframework.amqp.rabbit.RabbitListenerEndpointContainer#0-1] ERROR com.eleicao.core.component.CandidatoListener - Candidato ja existe: papai neymar
2025-05-17 19:48:48.474 [org.springframework.amqp.rabbit.RabbitListenerEndpointContainer#0-1] ERROR com.eleicao.core.component.CandidatoListener - Candidato ja existe: papai neymar
2025-05-17 19:48:48.479 [org.springframework.amqp.rabbit.RabbitListenerEndpointContainer#0-1] ERROR com.eleicao.core.component.CandidatoListener - Candidato ja existe: papai neymar
2025-05-17 19:48:48.484 [org.springframework.amqp.rabbit.RabbitListenerEndpointContainer#0-1] ERROR com.eleicao.core.component.CandidatoListener - Candidato ja existe: papai neymar
2025-05-17 19:48:48.489 [org.springframework.amqp.rabbit.RabbitListenerEndpointContainer#0-1] ERROR com.eleicao.core.component.CandidatoListener - Candidato ja existe: papai neymar
2025-05-17 19:48:48.494 [org.springframework.amqp.rabbit.RabbitListenerEndpointContainer#0-1] ERROR com.eleicao.core.component.CandidatoListener - Candidato ja existe: papai neymar
2025-05-17 19:48:48.499 [org.springframework.amqp.rabbit.RabbitListenerEndpointContainer#0-1] ERROR com.eleicao.core.component.CandidatoListener - Candidato ja existe: papai neymar
2025-05-17 19:48:48.504 [org.springframework.amqp.rabbit.RabbitListenerEndpointContainer#0-1] ERROR com.eleicao.core.component.CandidatoListener - Candidato ja existe: papai neymar
2025-05-17 19:48:48.509 [org.springframework.amqp.rabbit.RabbitListenerEndpointContainer#0-1] ERROR com.eleicao.core.component.CandidatoListener - Candidato ja existe: papai neymar
2025-05-17 19:48:48.515 [org.springframework.amqp.rabbit.RabbitListenerEndpointContainer#0-1] ERROR com.eleicao.core.component.CandidatoListener - Candidato ja existe: papai neymar
2025-05-17 19:48:48.522 [org.springframework.amqp.rabbit.RabbitListenerEndpointContainer#0-1] ERROR com.eleicao.core.component.CandidatoListener - Candidato ja existe: papai neymar
2025-05-17 19:48:48.527 [org.springframework.amqp.rabbit.RabbitListenerEndpointContainer#0-1] ERROR com.eleicao.core.component.CandidatoListener - Candidato ja existe: papai neymar
2025-05-17 19:48:48.534 [org.springframework.amqp.rabbit.RabbitListenerEndpointContainer#0-1] ERROR com.eleicao.core.component.CandidatoListener - Candidato ja existe: papai neymar
2025-05-17 19:48:48.540 [org.springframework.amqp.rabbit.RabbitListenerEndpointContainer#0-1] ERROR com.eleicao.core.component.CandidatoListener - Candidato ja existe: papai neymar
2025-05-17 19:48:48.544 [org.springframework.amqp.rabbit.RabbitListenerEndpointContainer#0-1] ERROR com.eleicao.core.component.CandidatoListener - Candidato ja existe: papai neymar
2025-05-17 19:48:48.550 [org.springframework.amqp.rabbit.RabbitListenerEndpointContainer#0-1] ERROR com.eleicao.core.component.CandidatoListener - Candidato ja existe: papai neymar
2025-05-17 19:48:48.556 [org.springframework.amqp.rabbit.RabbitListenerEndpointContainer#0-1] ERROR com.eleicao.core.component.CandidatoListener - Candidato ja existe: papai neymar
2025-05-17 19:48:48.562 [org.springframework.amqp.rabbit.RabbitListenerEndpointContainer#0-1] ERROR com.eleicao.core.component.CandidatoListener - Candidato ja existe: papai neymar
2025-05-17 19:48:48.568 [org.springframework.amqp.rabbit.RabbitListenerEndpointContainer#0-1] ERROR com.eleicao.core.component.CandidatoListener - Candidato ja existe: papai neymar
2025-05-17 19:48:48.573 [org.springframework.amqp.rabbit.RabbitListenerEndpointContainer#0-1] ERROR com.eleicao.core.component.CandidatoListener - Candidato ja existe: papai neymar
2025-05-17 19:48:48.580 [org.springframework.amqp.rabbit.RabbitListenerEndpointContainer#0-1] ERROR com.eleicao.core.component.CandidatoListener - Candidato ja existe: papai neymar
2025-05-17 19:48:48.588 [org.springframework.amqp.rabbit.RabbitListenerEndpointContainer#0-1] ERROR com.eleicao.core.component.CandidatoListener - Candidato ja existe: papai neymar
2025-05-17 19:48:48.595 [org.springframework.amqp.rabbit.RabbitListenerEndpointContainer#0-1] ERROR com.eleicao.core.component.CandidatoListener - Candidato ja existe: papai neymar
2025-05-17 19:48:48.601 [org.springframework.amqp.rabbit.RabbitListenerEndpointContainer#0-1] ERROR com.eleicao.core.component.CandidatoListener - Candidato ja existe: papai neymar
2025-05-17 19:48:48.607 [org.springframework.amqp.rabbit.RabbitListenerEndpointContainer#0-1] ERROR com.eleicao.core.component.CandidatoListener - Candidato ja existe: papai neymar
2025-05-17 19:48:48.614 [org.springframework.amqp.rabbit.RabbitListenerEndpointContainer#0-1] ERROR com.eleicao.core.component.CandidatoListener - Candidato ja existe: papai neymar
2025-05-17 19:48:48.622 [org.springframework.amqp.rabbit.RabbitListenerEndpointContainer#0-1] ERROR com.eleicao.core.component.CandidatoListener - Candidato ja existe: papai neymar
2025-05-17 19:48:48.630 [org.springframework.amqp.rabbit.RabbitListenerEndpointContainer#0-1] ERROR com.eleicao.core.component.CandidatoListener - Candidato ja existe: papai neymar
2025-05-17 19:48:48.636 [org.springframework.amqp.rabbit.RabbitListenerEndpointContainer#0-1] ERROR com.eleicao.core.component.CandidatoListener - Candidato ja existe: papai neymar
2025-05-17 19:48:48.642 [org.springframework.amqp.rabbit.RabbitListenerEndpointContainer#0-1] ERROR com.eleicao.core.component.CandidatoListener - Candidato ja existe: papai neymar
2025-05-17 19:48:48.649 [org.springframework.amqp.rabbit.RabbitListenerEndpointContainer#0-1] ERROR com.eleicao.core.component.CandidatoListener - Candidato ja existe: papai neymar
2025-05-17 19:48:48.656 [org.springframework.amqp.rabbit.RabbitListenerEndpointContainer#0-1] ERROR com.eleicao.core.component.CandidatoListener - Candidato ja existe: papai neymar
2025-05-17 19:48:48.662 [org.springframework.amqp.rabbit.RabbitListenerEndpointContainer#0-1] ERROR com.eleicao.core.component.CandidatoListener - Candidato ja existe: papai neymar
2025-05-17 19:48:48.669 [org.springframework.amqp.rabbit.RabbitListenerEndpointContainer#0-1] ERROR com.eleicao.core.component.CandidatoListener - Candidato ja existe: papai neymar
2025-05-17 19:48:48.675 [org.springframework.amqp.rabbit.RabbitListenerEndpointContainer#0-1] ERROR com.eleicao.core.component.CandidatoListener - Candidato ja existe: papai neymar
2025-05-17 19:48:48.681 [org.springframework.amqp.rabbit.RabbitListenerEndpointContainer#0-1] ERROR com.eleicao.core.component.CandidatoListener - Candidato ja existe: papai neymar
2025-05-17 19:48:48.687 [org.springframework.amqp.rabbit.RabbitListenerEndpointContainer#0-1] ERROR com.eleicao.core.component.CandidatoListener - Candidato ja existe: papai neymar
2025-05-17 19:48:48.692 [org.springframework.amqp.rabbit.RabbitListenerEndpointContainer#0-1] ERROR com.eleicao.core.component.CandidatoListener - Candidato ja existe: papai neymar
2025-05-17 19:48:48.700 [org.springframework.amqp.rabbit.RabbitListenerEndpointContainer#0-1] ERROR com.eleicao.core.component.CandidatoListener - Candidato ja existe: papai neymar
2025-05-17 19:48:48.705 [org.springframework.amqp.rabbit.RabbitListenerEndpointContainer#0-1] ERROR com.eleicao.core.component.CandidatoListener - Candidato ja existe: papai neymar
2025-05-17 19:48:48.712 [org.springframework.amqp.rabbit.RabbitListenerEndpointContainer#0-1] ERROR com.eleicao.core.component.CandidatoListener - Candidato ja existe: papai neymar
2025-05-17 19:48:48.720 [org.springframework.amqp.rabbit.RabbitListenerEndpointContainer#0-1] ERROR com.eleicao.core.component.CandidatoListener - Candidato ja existe: papai neymar
2025-05-17 19:48:48.729 [org.springframework.amqp.rabbit.RabbitListenerEndpointContainer#0-1] ERROR com.eleicao.core.component.CandidatoListener - Candidato ja existe: papai neymar
2025-05-17 19:48:48.736 [org.springframework.amqp.rabbit.RabbitListenerEndpointContainer#0-1] ERROR com.eleicao.core.component.CandidatoListener - Candidato ja existe: papai neymar
2025-05-17 19:48:48.741 [org.springframework.amqp.rabbit.RabbitListenerEndpointContainer#0-1] ERROR com.eleicao.core.component.CandidatoListener - Candidato ja existe: papai neymar
2025-05-17 19:48:48.746 [org.springframework.amqp.rabbit.RabbitListenerEndpointContainer#0-1] ERROR com.eleicao.core.component.CandidatoListener - Candidato ja existe: papai neymar
2025-05-17 19:48:48.752 [org.springframework.amqp.rabbit.RabbitListenerEndpointContainer#0-1] ERROR com.eleicao.core.component.CandidatoListener - Candidato ja existe: papai neymar
2025-05-17 19:48:48.757 [org.springframework.amqp.rabbit.RabbitListenerEndpointContainer#0-1] ERROR com.eleicao.core.component.CandidatoListener - Candidato ja existe: papai neymar
2025-05-17 19:48:48.762 [org.springframework.amqp.rabbit.RabbitListenerEndpointContainer#0-1] ERROR com.eleicao.core.component.CandidatoListener - Candidato ja existe: papai neymar
2025-05-17 19:48:48.767 [org.springframework.amqp.rabbit.RabbitListenerEndpointContainer#0-1] ERROR com.eleicao.core.component.CandidatoListener - Candidato ja existe: papai neymar
2025-05-17 19:48:48.773 [org.springframework.amqp.rabbit.RabbitListenerEndpointContainer#0-1] ERROR com.eleicao.core.component.CandidatoListener - Candidato ja existe: papai neymar
2025-05-17 19:48:48.777 [org.springframework.amqp.rabbit.RabbitListenerEndpointContainer#0-1] ERROR com.eleicao.core.component.CandidatoListener - Candidato ja existe: papai neymar
2025-05-17 19:48:48.781 [org.springframework.amqp.rabbit.RabbitListenerEndpointContainer#0-1] ERROR com.eleicao.core.component.CandidatoListener - Candidato ja existe: papai neymar
2025-05-17 19:48:48.787 [org.springframework.amqp.rabbit.RabbitListenerEndpointContainer#0-1] ERROR com.eleicao.core.component.CandidatoListener - Candidato ja existe: papai neymar
2025-05-17 19:48:48.793 [org.springframework.amqp.rabbit.RabbitListenerEndpointContainer#0-1] ERROR com.eleicao.core.component.CandidatoListener - Candidato ja existe: papai neymar
2025-05-17 19:48:48.798 [org.springframework.amqp.rabbit.RabbitListenerEndpointContainer#0-1] ERROR com.eleicao.core.component.CandidatoListener - Candidato ja existe: papai neymar
2025-05-17 19:48:48.804 [org.springframework.amqp.rabbit.RabbitListenerEndpointContainer#0-1] ERROR com.eleicao.core.component.CandidatoListener - Candidato ja existe: papai neymar
2025-05-17 19:48:48.811 [org.springframework.amqp.rabbit.RabbitListenerEndpointContainer#0-1] ERROR com.eleicao.core.component.CandidatoListener - Candidato ja existe: papai neymar
2025-05-17 19:48:48.816 [org.springframework.amqp.rabbit.RabbitListenerEndpointContainer#0-1] ERROR com.eleicao.core.component.CandidatoListener - Candidato ja existe: papai neymar
2025-05-17 19:48:48.822 [org.springframework.amqp.rabbit.RabbitListenerEndpointContainer#0-1] ERROR com.eleicao.core.component.CandidatoListener - Candidato ja existe: papai neymar
2025-05-17 19:48:48.827 [org.springframework.amqp.rabbit.RabbitListenerEndpointContainer#0-1] ERROR com.eleicao.core.component.CandidatoListener - Candidato ja existe: papai neymar
2025-05-17 19:48:48.832 [org.springframework.amqp.rabbit.RabbitListenerEndpointContainer#0-1] ERROR com.eleicao.core.component.CandidatoListener - Candidato ja existe: papai neymar
2025-05-17 19:48:48.837 [org.springframework.amqp.rabbit.RabbitListenerEndpointContainer#0-1] ERROR com.eleicao.core.component.CandidatoListener - Candidato ja existe: papai neymar
2025-05-17 19:48:48.843 [org.springframework.amqp.rabbit.RabbitListenerEndpointContainer#0-1] ERROR com.eleicao.core.component.CandidatoListener - Candidato ja existe: papai neymar
2025-05-17 19:48:48.848 [org.springframework.amqp.rabbit.RabbitListenerEndpointContainer#0-1] ERROR com.eleicao.core.component.CandidatoListener - Candidato ja existe: papai neymar
2025-05-17 19:48:48.854 [org.springframework.amqp.rabbit.RabbitListenerEndpointContainer#0-1] ERROR com.eleicao.core.component.CandidatoListener - Candidato ja existe: papai neymar
2025-05-17 19:48:48.859 [org.springframework.amqp.rabbit.RabbitListenerEndpointContainer#0-1] ERROR com.eleicao.core.component.CandidatoListener - Candidato ja existe: papai neymar
2025-05-17 19:48:48.864 [org.springframework.amqp.rabbit.RabbitListenerEndpointContainer#0-1] ERROR com.eleicao.core.component.CandidatoListener - Candidato ja existe: papai neymar
2025-05-17 19:48:48.871 [org.springframework.amqp.rabbit.RabbitListenerEndpointContainer#0-1] ERROR com.eleicao.core.component.CandidatoListener - Candidato ja existe: papai neymar
2025-05-17 19:48:48.876 [org.springframework.amqp.rabbit.RabbitListenerEndpointContainer#0-1] ERROR com.eleicao.core.component.CandidatoListener - Candidato ja existe: papai neymar
2025-05-17 19:48:48.881 [org.springframework.amqp.rabbit.RabbitListenerEndpointContainer#0-1] ERROR com.eleicao.core.component.CandidatoListener - Candidato ja existe: papai neymar
2025-05-17 19:48:48.888 [org.springframework.amqp.rabbit.RabbitListenerEndpointContainer#0-1] ERROR com.eleicao.core.component.CandidatoListener - Candidato ja existe: papai neymar
2025-05-17 19:48:48.893 [org.springframework.amqp.rabbit.RabbitListenerEndpointContainer#0-1] ERROR com.eleicao.core.component.CandidatoListener - Candidato ja existe: papai neymar
2025-05-17 19:48:48.898 [org.springframework.amqp.rabbit.RabbitListenerEndpointContainer#0-1] ERROR com.eleicao.core.component.CandidatoListener - Candidato ja existe: papai neymar
2025-05-17 19:48:48.904 [org.springframework.amqp.rabbit.RabbitListenerEndpointContainer#0-1] ERROR com.eleicao.core.component.CandidatoListener - Candidato ja existe: papai neymar
2025-05-17 19:48:48.910 [org.springframework.amqp.rabbit.RabbitListenerEndpointContainer#0-1] ERROR com.eleicao.core.component.CandidatoListener - Candidato ja existe: papai neymar
2025-05-17 19:48:48.916 [org.springframework.amqp.rabbit.RabbitListenerEndpointContainer#0-1] ERROR com.eleicao.core.component.CandidatoListener - Candidato ja existe: papai neymar
2025-05-17 19:48:48.922 [org.springframework.amqp.rabbit.RabbitListenerEndpointContainer#0-1] ERROR com.eleicao.core.component.CandidatoListener - Candidato ja existe: papai neymar
2025-05-17 19:48:48.925 [org.springframework.amqp.rabbit.RabbitListenerEndpointContainer#0-1] ERROR com.eleicao.core.component.CandidatoListener - Candidato ja existe: papai neymar
2025-05-17 19:48:48.930 [org.springframework.amqp.rabbit.RabbitListenerEndpointContainer#0-1] ERROR com.eleicao.core.component.CandidatoListener - Candidato ja existe: papai neymar
2025-05-17 19:48:48.936 [org.springframework.amqp.rabbit.RabbitListenerEndpointContainer#0-1] ERROR com.eleicao.core.component.CandidatoListener - Candidato ja existe: papai neymar
2025-05-17 19:48:48.941 [org.springframework.amqp.rabbit.RabbitListenerEndpointContainer#0-1] ERROR com.eleicao.core.component.CandidatoListener - Candidato ja existe: papai neymar
2025-05-17 19:48:48.947 [org.springframework.amqp.rabbit.RabbitListenerEndpointContainer#0-1] ERROR com.eleicao.core.component.CandidatoListener - Candidato ja existe: papai neymar
2025-05-17 19:48:48.953 [org.springframework.amqp.rabbit.RabbitListenerEndpointContainer#0-1] ERROR com.eleicao.core.component.CandidatoListener - Candidato ja existe: papai neymar
2025-05-17 19:48:48.958 [org.springframework.amqp.rabbit.RabbitListenerEndpointContainer#0-1] ERROR com.eleicao.core.component.CandidatoListener - Candidato ja existe: papai neymar
2025-05-17 19:48:48.964 [org.springframework.amqp.rabbit.RabbitListenerEndpointContainer#0-1] ERROR com.eleicao.core.component.CandidatoListener - Candidato ja existe: papai neymar
2025-05-17 19:48:48.969 [org.springframework.amqp.rabbit.RabbitListenerEndpointContainer#0-1] ERROR com.eleicao.core.component.CandidatoListener - Candidato ja existe: papai neymar
2025-05-17 19:48:48.973 [org.springframework.amqp.rabbit.RabbitListenerEndpointContainer#0-1] ERROR com.eleicao.core.component.CandidatoListener - Candidato ja existe: papai neymar
2025-05-17 19:48:48.977 [org.springframework.amqp.rabbit.RabbitListenerEndpointContainer#0-1] ERROR com.eleicao.core.component.CandidatoListener - Candidato ja existe: papai neymar
2025-05-17 19:48:48.981 [org.springframework.amqp.rabbit.RabbitListenerEndpointContainer#0-1] ERROR com.eleicao.core.component.CandidatoListener - Candidato ja existe: papai neymar
2025-05-17 19:48:48.986 [org.springframework.amqp.rabbit.RabbitListenerEndpointContainer#0-1] ERROR com.eleicao.core.component.CandidatoListener - Candidato ja existe: papai neymar
2025-05-17 19:48:48.992 [org.springframework.amqp.rabbit.RabbitListenerEndpointContainer#0-1] ERROR com.eleicao.core.component.CandidatoListener - Candidato ja existe: papai neymar
2025-05-17 19:48:48.996 [org.springframework.amqp.rabbit.RabbitListenerEndpointContainer#0-1] ERROR com.eleicao.core.component.CandidatoListener - Candidato ja existe: papai neymar
2025-05-17 19:48:49.002 [org.springframework.amqp.rabbit.RabbitListenerEndpointContainer#0-1] ERROR com.eleicao.core.component.CandidatoListener - Candidato ja existe: papai neymar
2025-05-17 19:48:49.008 [org.springframework.amqp.rabbit.RabbitListenerEndpointContainer#0-1] ERROR com.eleicao.core.component.CandidatoListener - Candidato ja existe: papai neymar
2025-05-17 19:48:49.013 [org.springframework.amqp.rabbit.RabbitListenerEndpointContainer#0-1] ERROR com.eleicao.core.component.CandidatoListener - Candidato ja existe: papai neymar
2025-05-17 19:48:49.019 [org.springframework.amqp.rabbit.RabbitListenerEndpointContainer#0-1] ERROR com.eleicao.core.component.CandidatoListener - Candidato ja existe: papai neymar
2025-05-17 19:48:49.024 [org.springframework.amqp.rabbit.RabbitListenerEndpointContainer#0-1] ERROR com.eleicao.core.component.CandidatoListener - Candidato ja existe: papai neymar
2025-05-17 19:48:49.029 [org.springframework.amqp.rabbit.RabbitListenerEndpointContainer#0-1] ERROR com.eleicao.core.component.CandidatoListener - Candidato ja existe: papai neymar
2025-05-17 19:48:49.034 [org.springframework.amqp.rabbit.RabbitListenerEndpointContainer#0-1] ERROR com.eleicao.core.component.CandidatoListener - Candidato ja existe: papai neymar
2025-05-17 19:48:49.041 [org.springframework.amqp.rabbit.RabbitListenerEndpointContainer#0-1] ERROR com.eleicao.core.component.CandidatoListener - Candidato ja existe: papai neymar
2025-05-17 19:48:49.046 [org.springframework.amqp.rabbit.RabbitListenerEndpointContainer#0-1] ERROR com.eleicao.core.component.CandidatoListener - Candidato ja existe: papai neymar
2025-05-17 19:48:49.053 [org.springframework.amqp.rabbit.RabbitListenerEndpointContainer#0-1] ERROR com.eleicao.core.component.CandidatoListener - Candidato ja existe: papai neymar
2025-05-17 19:48:49.059 [org.springframework.amqp.rabbit.RabbitListenerEndpointContainer#0-1] ERROR com.eleicao.core.component.CandidatoListener - Candidato ja existe: papai neymar
2025-05-17 19:48:49.063 [org.springframework.amqp.rabbit.RabbitListenerEndpointContainer#0-1] ERROR com.eleicao.core.component.CandidatoListener - Candidato ja existe: papai neymar
2025-05-17 19:48:49.070 [org.springframework.amqp.rabbit.RabbitListenerEndpointContainer#0-1] ERROR com.eleicao.core.component.CandidatoListener - Candidato ja existe: papai neymar
2025-05-17 19:48:49.076 [org.springframework.amqp.rabbit.RabbitListenerEndpointContainer#0-1] ERROR com.eleicao.core.component.CandidatoListener - Candidato ja existe: papai neymar
2025-05-17 19:48:49.082 [org.springframework.amqp.rabbit.RabbitListenerEndpointContainer#0-1] ERROR com.eleicao.core.component.CandidatoListener - Candidato ja existe: papai neymar
2025-05-17 19:48:49.088 [org.springframework.amqp.rabbit.RabbitListenerEndpointContainer#0-1] ERROR com.eleicao.core.component.CandidatoListener - Candidato ja existe: papai neymar
2025-05-17 19:48:49.093 [org.springframework.amqp.rabbit.RabbitListenerEndpointContainer#0-1] ERROR com.eleicao.core.component.CandidatoListener - Candidato ja existe: papai neymar
2025-05-17 19:48:49.097 [org.springframework.amqp.rabbit.RabbitListenerEndpointContainer#0-1] ERROR com.eleicao.core.component.CandidatoListener - Candidato ja existe: papai neymar
2025-05-17 19:48:49.102 [org.springframework.amqp.rabbit.RabbitListenerEndpointContainer#0-1] ERROR com.eleicao.core.component.CandidatoListener - Candidato ja existe: papai neymar
2025-05-17 19:48:49.108 [org.springframework.amqp.rabbit.RabbitListenerEndpointContainer#0-1] ERROR com.eleicao.core.component.CandidatoListener - Candidato ja existe: papai neymar
2025-05-17 19:48:49.113 [org.springframework.amqp.rabbit.RabbitListenerEndpointContainer#0-1] ERROR com.eleicao.core.component.CandidatoListener - Candidato ja existe: papai neymar
2025-05-17 19:48:49.117 [org.springframework.amqp.rabbit.RabbitListenerEndpointContainer#0-1] ERROR com.eleicao.core.component.CandidatoListener - Candidato ja existe: papai neymar
2025-05-17 19:48:49.123 [org.springframework.amqp.rabbit.RabbitListenerEndpointContainer#0-1] ERROR com.eleicao.core.component.CandidatoListener - Candidato ja existe: papai neymar
2025-05-17 19:48:49.127 [org.springframework.amqp.rabbit.RabbitListenerEndpointContainer#0-1] ERROR com.eleicao.core.component.CandidatoListener - Candidato ja existe: papai neymar
2025-05-17 19:48:49.131 [org.springframework.amqp.rabbit.RabbitListenerEndpointContainer#0-1] ERROR com.eleicao.core.component.CandidatoListener - Candidato ja existe: papai neymar
2025-05-17 19:48:49.136 [org.springframework.amqp.rabbit.RabbitListenerEndpointContainer#0-1] ERROR com.eleicao.core.component.CandidatoListener - Candidato ja existe: papai neymar
2025-05-17 19:48:49.140 [org.springframework.amqp.rabbit.RabbitListenerEndpointContainer#0-1] ERROR com.eleicao.core.component.CandidatoListener - Candidato ja existe: papai neymar
2025-05-17 19:48:49.145 [org.springframework.amqp.rabbit.RabbitListenerEndpointContainer#0-1] ERROR com.eleicao.core.component.CandidatoListener - Candidato ja existe: papai neymar
2025-05-17 19:48:49.149 [org.springframework.amqp.rabbit.RabbitListenerEndpointContainer#0-1] ERROR com.eleicao.core.component.CandidatoListener - Candidato ja existe: papai neymar
2025-05-17 19:48:49.154 [org.springframework.amqp.rabbit.RabbitListenerEndpointContainer#0-1] ERROR com.eleicao.core.component.CandidatoListener - Candidato ja existe: papai neymar
2025-05-17 19:48:49.159 [org.springframework.amqp.rabbit.RabbitListenerEndpointContainer#0-1] ERROR com.eleicao.core.component.CandidatoListener - Candidato ja existe: papai neymar
2025-05-17 19:48:49.163 [org.springframework.amqp.rabbit.RabbitListenerEndpointContainer#0-1] ERROR com.eleicao.core.component.CandidatoListener - Candidato ja existe: papai neymar
2025-05-17 19:48:49.168 [org.springframework.amqp.rabbit.RabbitListenerEndpointContainer#0-1] ERROR com.eleicao.core.component.CandidatoListener - Candidato ja existe: papai neymar
2025-05-17 19:48:49.173 [org.springframework.amqp.rabbit.RabbitListenerEndpointContainer#0-1] ERROR com.eleicao.core.component.CandidatoListener - Candidato ja existe: papai neymar
2025-05-17 19:48:49.177 [org.springframework.amqp.rabbit.RabbitListenerEndpointContainer#0-1] ERROR com.eleicao.core.component.CandidatoListener - Candidato ja existe: papai neymar
2025-05-17 19:48:49.182 [org.springframework.amqp.rabbit.RabbitListenerEndpointContainer#0-1] ERROR com.eleicao.core.component.CandidatoListener - Candidato ja existe: papai neymar
2025-05-17 19:48:49.187 [org.springframework.amqp.rabbit.RabbitListenerEndpointContainer#0-1] ERROR com.eleicao.core.component.CandidatoListener - Candidato ja existe: papai neymar
2025-05-17 19:48:49.193 [org.springframework.amqp.rabbit.RabbitListenerEndpointContainer#0-1] ERROR com.eleicao.core.component.CandidatoListener - Candidato ja existe: papai neymar
2025-05-17 19:48:49.198 [org.springframework.amqp.rabbit.RabbitListenerEndpointContainer#0-1] ERROR com.eleicao.core.component.CandidatoListener - Candidato ja existe: papai neymar
2025-05-17 19:48:49.204 [org.springframework.amqp.rabbit.RabbitListenerEndpointContainer#0-1] ERROR com.eleicao.core.component.CandidatoListener - Candidato ja existe: papai neymar
2025-05-17 19:48:49.207 [org.springframework.amqp.rabbit.RabbitListenerEndpointContainer#0-1] ERROR com.eleicao.core.component.CandidatoListener - Candidato ja existe: papai neymar
2025-05-17 19:48:49.213 [org.springframework.amqp.rabbit.RabbitListenerEndpointContainer#0-1] ERROR com.eleicao.core.component.CandidatoListener - Candidato ja existe: papai neymar
2025-05-17 19:48:49.218 [org.springframework.amqp.rabbit.RabbitListenerEndpointContainer#0-1] ERROR com.eleicao.core.component.CandidatoListener - Candidato ja existe: papai neymar
2025-05-17 19:48:49.223 [org.springframework.amqp.rabbit.RabbitListenerEndpointContainer#0-1] ERROR com.eleicao.core.component.CandidatoListener - Candidato ja existe: papai neymar
2025-05-17 19:48:49.228 [org.springframework.amqp.rabbit.RabbitListenerEndpointContainer#0-1] ERROR com.eleicao.core.component.CandidatoListener - Candidato ja existe: papai neymar
2025-05-17 19:48:49.235 [org.springframework.amqp.rabbit.RabbitListenerEndpointContainer#0-1] ERROR com.eleicao.core.component.CandidatoListener - Candidato ja existe: papai neymar
2025-05-17 19:48:49.240 [org.springframework.amqp.rabbit.RabbitListenerEndpointContainer#0-1] ERROR com.eleicao.core.component.CandidatoListener - Candidato ja existe: papai neymar
2025-05-17 19:48:49.246 [org.springframework.amqp.rabbit.RabbitListenerEndpointContainer#0-1] ERROR com.eleicao.core.component.CandidatoListener - Candidato ja existe: papai neymar
2025-05-17 19:48:49.252 [org.springframework.amqp.rabbit.RabbitListenerEndpointContainer#0-1] ERROR com.eleicao.core.component.CandidatoListener - Candidato ja existe: papai neymar
2025-05-17 19:48:49.257 [org.springframework.amqp.rabbit.RabbitListenerEndpointContainer#0-1] ERROR com.eleicao.core.component.CandidatoListener - Candidato ja existe: papai neymar
2025-05-17 19:48:49.263 [org.springframework.amqp.rabbit.RabbitListenerEndpointContainer#0-1] ERROR com.eleicao.core.component.CandidatoListener - Candidato ja existe: papai neymar
2025-05-17 19:48:49.270 [org.springframework.amqp.rabbit.RabbitListenerEndpointContainer#0-1] ERROR com.eleicao.core.component.CandidatoListener - Candidato ja existe: papai neymar
2025-05-17 19:48:49.276 [org.springframework.amqp.rabbit.RabbitListenerEndpointContainer#0-1] ERROR com.eleicao.core.component.CandidatoListener - Candidato ja existe: papai neymar
2025-05-17 19:48:49.282 [org.springframework.amqp.rabbit.RabbitListenerEndpointContainer#0-1] ERROR com.eleicao.core.component.CandidatoListener - Candidato ja existe: papai neymar
2025-05-17 19:48:49.287 [org.springframework.amqp.rabbit.RabbitListenerEndpointContainer#0-1] ERROR com.eleicao.core.component.CandidatoListener - Candidato ja existe: papai neymar
2025-05-17 19:48:49.291 [org.springframework.amqp.rabbit.RabbitListenerEndpointContainer#0-1] ERROR com.eleicao.core.component.CandidatoListener - Candidato ja existe: papai neymar
2025-05-17 19:48:49.296 [org.springframework.amqp.rabbit.RabbitListenerEndpointContainer#0-1] ERROR com.eleicao.core.component.CandidatoListener - Candidato ja existe: papai neymar
2025-05-17 19:48:49.301 [org.springframework.amqp.rabbit.RabbitListenerEndpointContainer#0-1] ERROR com.eleicao.core.component.CandidatoListener - Candidato ja existe: papai neymar
2025-05-17 19:48:49.307 [org.springframework.amqp.rabbit.RabbitListenerEndpointContainer#0-1] ERROR com.eleicao.core.component.CandidatoListener - Candidato ja existe: papai neymar
2025-05-17 19:48:49.312 [org.springframework.amqp.rabbit.RabbitListenerEndpointContainer#0-1] ERROR com.eleicao.core.component.CandidatoListener - Candidato ja existe: papai neymar
2025-05-17 19:48:49.318 [org.springframework.amqp.rabbit.RabbitListenerEndpointContainer#0-1] ERROR com.eleicao.core.component.CandidatoListener - Candidato ja existe: papai neymar
2025-05-17 19:48:49.324 [org.springframework.amqp.rabbit.RabbitListenerEndpointContainer#0-1] ERROR com.eleicao.core.component.CandidatoListener - Candidato ja existe: papai neymar
2025-05-17 19:48:49.328 [org.springframework.amqp.rabbit.RabbitListenerEndpointContainer#0-1] ERROR com.eleicao.core.component.CandidatoListener - Candidato ja existe: papai neymar
2025-05-17 19:48:49.334 [org.springframework.amqp.rabbit.RabbitListenerEndpointContainer#0-1] ERROR com.eleicao.core.component.CandidatoListener - Candidato ja existe: papai neymar
2025-05-17 19:48:49.339 [org.springframework.amqp.rabbit.RabbitListenerEndpointContainer#0-1] ERROR com.eleicao.core.component.CandidatoListener - Candidato ja existe: papai neymar
2025-05-17 19:48:49.344 [org.springframework.amqp.rabbit.RabbitListenerEndpointContainer#0-1] ERROR com.eleicao.core.component.CandidatoListener - Candidato ja existe: papai neymar
2025-05-17 19:48:49.348 [org.springframework.amqp.rabbit.RabbitListenerEndpointContainer#0-1] ERROR com.eleicao.core.component.CandidatoListener - Candidato ja existe: papai neymar
2025-05-17 19:48:49.352 [org.springframework.amqp.rabbit.RabbitListenerEndpointContainer#0-1] ERROR com.eleicao.core.component.CandidatoListener - Candidato ja existe: papai neymar
2025-05-17 19:48:49.357 [org.springframework.amqp.rabbit.RabbitListenerEndpointContainer#0-1] ERROR com.eleicao.core.component.CandidatoListener - Candidato ja existe: papai neymar
2025-05-17 19:48:49.362 [org.springframework.amqp.rabbit.RabbitListenerEndpointContainer#0-1] ERROR com.eleicao.core.component.CandidatoListener - Candidato ja existe: papai neymar
2025-05-17 19:48:49.367 [org.springframework.amqp.rabbit.RabbitListenerEndpointContainer#0-1] ERROR com.eleicao.core.component.CandidatoListener - Candidato ja existe: papai neymar
2025-05-17 19:48:49.373 [org.springframework.amqp.rabbit.RabbitListenerEndpointContainer#0-1] ERROR com.eleicao.core.component.CandidatoListener - Candidato ja existe: papai neymar
2025-05-17 19:48:49.378 [org.springframework.amqp.rabbit.RabbitListenerEndpointContainer#0-1] ERROR com.eleicao.core.component.CandidatoListener - Candidato ja existe: papai neymar
2025-05-17 19:48:49.385 [org.springframework.amqp.rabbit.RabbitListenerEndpointContainer#0-1] ERROR com.eleicao.core.component.CandidatoListener - Candidato ja existe: papai neymar
2025-05-17 19:48:49.390 [org.springframework.amqp.rabbit.RabbitListenerEndpointContainer#0-1] ERROR com.eleicao.core.component.CandidatoListener - Candidato ja existe: papai neymar
2025-05-17 19:48:49.396 [org.springframework.amqp.rabbit.RabbitListenerEndpointContainer#0-1] ERROR com.eleicao.core.component.CandidatoListener - Candidato ja existe: papai neymar
2025-05-17 19:48:49.401 [org.springframework.amqp.rabbit.RabbitListenerEndpointContainer#0-1] ERROR com.eleicao.core.component.CandidatoListener - Candidato ja existe: papai neymar
2025-05-17 19:48:49.406 [org.springframework.amqp.rabbit.RabbitListenerEndpointContainer#0-1] ERROR com.eleicao.core.component.CandidatoListener - Candidato ja existe: papai neymar
2025-05-17 19:48:49.411 [org.springframework.amqp.rabbit.RabbitListenerEndpointContainer#0-1] ERROR com.eleicao.core.component.CandidatoListener - Candidato ja existe: papai neymar
2025-05-17 19:48:49.416 [org.springframework.amqp.rabbit.RabbitListenerEndpointContainer#0-1] ERROR com.eleicao.core.component.CandidatoListener - Candidato ja existe: papai neymar
2025-05-17 19:48:49.422 [org.springframework.amqp.rabbit.RabbitListenerEndpointContainer#0-1] ERROR com.eleicao.core.component.CandidatoListener - Candidato ja existe: papai neymar
2025-05-17 19:48:49.427 [org.springframework.amqp.rabbit.RabbitListenerEndpointContainer#0-1] ERROR com.eleicao.core.component.CandidatoListener - Candidato ja existe: papai neymar
2025-05-17 19:48:49.433 [org.springframework.amqp.rabbit.RabbitListenerEndpointContainer#0-1] ERROR com.eleicao.core.component.CandidatoListener - Candidato ja existe: papai neymar
2025-05-17 19:48:49.438 [org.springframework.amqp.rabbit.RabbitListenerEndpointContainer#0-1] ERROR com.eleicao.core.component.CandidatoListener - Candidato ja existe: papai neymar
2025-05-17 19:48:49.443 [org.springframework.amqp.rabbit.RabbitListenerEndpointContainer#0-1] ERROR com.eleicao.core.component.CandidatoListener - Candidato ja existe: papai neymar
2025-05-17 19:48:49.449 [org.springframework.amqp.rabbit.RabbitListenerEndpointContainer#0-1] ERROR com.eleicao.core.component.CandidatoListener - Candidato ja existe: papai neymar
2025-05-17 19:48:49.454 [org.springframework.amqp.rabbit.RabbitListenerEndpointContainer#0-1] ERROR com.eleicao.core.component.CandidatoListener - Candidato ja existe: papai neymar
2025-05-17 19:48:49.460 [org.springframework.amqp.rabbit.RabbitListenerEndpointContainer#0-1] ERROR com.eleicao.core.component.CandidatoListener - Candidato ja existe: papai neymar
2025-05-17 19:48:49.467 [org.springframework.amqp.rabbit.RabbitListenerEndpointContainer#0-1] ERROR com.eleicao.core.component.CandidatoListener - Candidato ja existe: papai neymar
2025-05-17 19:48:49.473 [org.springframework.amqp.rabbit.RabbitListenerEndpointContainer#0-1] ERROR com.eleicao.core.component.CandidatoListener - Candidato ja existe: papai neymar
2025-05-17 19:48:49.478 [org.springframework.amqp.rabbit.RabbitListenerEndpointContainer#0-1] ERROR com.eleicao.core.component.CandidatoListener - Candidato ja existe: papai neymar
2025-05-17 19:48:49.484 [org.springframework.amqp.rabbit.RabbitListenerEndpointContainer#0-1] ERROR com.eleicao.core.component.CandidatoListener - Candidato ja existe: papai neymar
2025-05-17 19:48:49.490 [org.springframework.amqp.rabbit.RabbitListenerEndpointContainer#0-1] ERROR com.eleicao.core.component.CandidatoListener - Candidato ja existe: papai neymar
2025-05-17 19:48:49.496 [org.springframework.amqp.rabbit.RabbitListenerEndpointContainer#0-1] ERROR com.eleicao.core.component.CandidatoListener - Candidato ja existe: papai neymar
2025-05-17 19:48:49.502 [org.springframework.amqp.rabbit.RabbitListenerEndpointContainer#0-1] ERROR com.eleicao.core.component.CandidatoListener - Candidato ja existe: papai neymar
2025-05-17 19:48:49.508 [org.springframework.amqp.rabbit.RabbitListenerEndpointContainer#0-1] ERROR com.eleicao.core.component.CandidatoListener - Candidato ja existe: papai neymar
2025-05-17 19:48:49.514 [org.springframework.amqp.rabbit.RabbitListenerEndpointContainer#0-1] ERROR com.eleicao.core.component.CandidatoListener - Candidato ja existe: papai neymar
2025-05-17 19:48:49.520 [org.springframework.amqp.rabbit.RabbitListenerEndpointContainer#0-1] ERROR com.eleicao.core.component.CandidatoListener - Candidato ja existe: papai neymar
2025-05-17 19:48:49.526 [org.springframework.amqp.rabbit.RabbitListenerEndpointContainer#0-1] ERROR com.eleicao.core.component.CandidatoListener - Candidato ja existe: papai neymar
2025-05-17 19:48:49.532 [org.springframework.amqp.rabbit.RabbitListenerEndpointContainer#0-1] ERROR com.eleicao.core.component.CandidatoListener - Candidato ja existe: papai neymar
2025-05-17 19:48:49.538 [org.springframework.amqp.rabbit.RabbitListenerEndpointContainer#0-1] ERROR com.eleicao.core.component.CandidatoListener - Candidato ja existe: papai neymar
2025-05-17 19:48:49.545 [org.springframework.amqp.rabbit.RabbitListenerEndpointContainer#0-1] ERROR com.eleicao.core.component.CandidatoListener - Candidato ja existe: papai neymar
2025-05-17 19:48:49.551 [org.springframework.amqp.rabbit.RabbitListenerEndpointContainer#0-1] ERROR com.eleicao.core.component.CandidatoListener - Candidato ja existe: papai neymar
2025-05-17 19:48:49.557 [org.springframework.amqp.rabbit.RabbitListenerEndpointContainer#0-1] ERROR com.eleicao.core.component.CandidatoListener - Candidato ja existe: papai neymar
2025-05-17 19:48:49.563 [org.springframework.amqp.rabbit.RabbitListenerEndpointContainer#0-1] ERROR com.eleicao.core.component.CandidatoListener - Candidato ja existe: papai neymar
2025-05-17 19:48:49.570 [org.springframework.amqp.rabbit.RabbitListenerEndpointContainer#0-1] ERROR com.eleicao.core.component.CandidatoListener - Candidato ja existe: papai neymar
2025-05-17 19:48:49.575 [org.springframework.amqp.rabbit.RabbitListenerEndpointContainer#0-1] ERROR com.eleicao.core.component.CandidatoListener - Candidato ja existe: papai neymar
2025-05-17 19:48:49.581 [org.springframework.amqp.rabbit.RabbitListenerEndpointContainer#0-1] ERROR com.eleicao.core.component.CandidatoListener - Candidato ja existe: papai neymar
2025-05-17 19:48:49.587 [org.springframework.amqp.rabbit.RabbitListenerEndpointContainer#0-1] ERROR com.eleicao.core.component.CandidatoListener - Candidato ja existe: papai neymar
2025-05-17 19:48:49.593 [org.springframework.amqp.rabbit.RabbitListenerEndpointContainer#0-1] ERROR com.eleicao.core.component.CandidatoListener - Candidato ja existe: papai neymar
2025-05-17 19:48:49.598 [org.springframework.amqp.rabbit.RabbitListenerEndpointContainer#0-1] ERROR com.eleicao.core.component.CandidatoListener - Candidato ja existe: papai neymar
2025-05-17 19:48:49.603 [org.springframework.amqp.rabbit.RabbitListenerEndpointContainer#0-1] ERROR com.eleicao.core.component.CandidatoListener - Candidato ja existe: papai neymar
2025-05-17 19:48:49.608 [org.springframework.amqp.rabbit.RabbitListenerEndpointContainer#0-1] ERROR com.eleicao.core.component.CandidatoListener - Candidato ja existe: papai neymar
2025-05-17 19:48:49.612 [org.springframework.amqp.rabbit.RabbitListenerEndpointContainer#0-1] ERROR com.eleicao.core.component.CandidatoListener - Candidato ja existe: papai neymar
2025-05-17 19:48:49.617 [org.springframework.amqp.rabbit.RabbitListenerEndpointContainer#0-1] ERROR com.eleicao.core.component.CandidatoListener - Candidato ja existe: papai neymar
2025-05-17 19:48:49.622 [org.springframework.amqp.rabbit.RabbitListenerEndpointContainer#0-1] ERROR com.eleicao.core.component.CandidatoListener - Candidato ja existe: papai neymar
2025-05-17 19:48:49.626 [org.springframework.amqp.rabbit.RabbitListenerEndpointContainer#0-1] ERROR com.eleicao.core.component.CandidatoListener - Candidato ja existe: papai neymar
2025-05-17 19:48:49.630 [org.springframework.amqp.rabbit.RabbitListenerEndpointContainer#0-1] ERROR com.eleicao.core.component.CandidatoListener - Candidato ja existe: papai neymar
2025-05-17 19:48:49.634 [org.springframework.amqp.rabbit.RabbitListenerEndpointContainer#0-1] ERROR com.eleicao.core.component.CandidatoListener - Candidato ja existe: papai neymar
2025-05-17 19:48:49.638 [org.springframework.amqp.rabbit.RabbitListenerEndpointContainer#0-1] ERROR com.eleicao.core.component.CandidatoListener - Candidato ja existe: papai neymar
2025-05-17 19:48:49.642 [org.springframework.amqp.rabbit.RabbitListenerEndpointContainer#0-1] ERROR com.eleicao.core.component.CandidatoListener - Candidato ja existe: papai neymar
2025-05-17 19:48:49.647 [org.springframework.amqp.rabbit.RabbitListenerEndpointContainer#0-1] ERROR com.eleicao.core.component.CandidatoListener - Candidato ja existe: papai neymar
2025-05-17 19:48:49.651 [org.springframework.amqp.rabbit.RabbitListenerEndpointContainer#0-1] ERROR com.eleicao.core.component.CandidatoListener - Candidato ja existe: papai neymar
2025-05-17 19:48:49.657 [org.springframework.amqp.rabbit.RabbitListenerEndpointContainer#0-1] ERROR com.eleicao.core.component.CandidatoListener - Candidato ja existe: papai neymar
2025-05-17 19:48:49.664 [org.springframework.amqp.rabbit.RabbitListenerEndpointContainer#0-1] ERROR com.eleicao.core.component.CandidatoListener - Candidato ja existe: papai neymar
2025-05-17 19:48:49.670 [org.springframework.amqp.rabbit.RabbitListenerEndpointContainer#0-1] ERROR com.eleicao.core.component.CandidatoListener - Candidato ja existe: papai neymar
2025-05-17 19:48:49.678 [org.springframework.amqp.rabbit.RabbitListenerEndpointContainer#0-1] ERROR com.eleicao.core.component.CandidatoListener - Candidato ja existe: papai neymar
2025-05-17 19:48:49.686 [org.springframework.amqp.rabbit.RabbitListenerEndpointContainer#0-1] ERROR com.eleicao.core.component.CandidatoListener - Candidato ja existe: papai neymar
2025-05-17 19:48:49.692 [org.springframework.amqp.rabbit.RabbitListenerEndpointContainer#0-1] ERROR com.eleicao.core.component.CandidatoListener - Candidato ja existe: papai neymar
2025-05-17 19:48:49.698 [org.springframework.amqp.rabbit.RabbitListenerEndpointContainer#0-1] ERROR com.eleicao.core.component.CandidatoListener - Candidato ja existe: papai neymar
2025-05-17 19:48:49.704 [org.springframework.amqp.rabbit.RabbitListenerEndpointContainer#0-1] ERROR com.eleicao.core.component.CandidatoListener - Candidato ja existe: papai neymar
2025-05-17 19:48:49.709 [org.springframework.amqp.rabbit.RabbitListenerEndpointContainer#0-1] ERROR com.eleicao.core.component.CandidatoListener - Candidato ja existe: papai neymar
2025-05-17 19:48:49.713 [org.springframework.amqp.rabbit.RabbitListenerEndpointContainer#0-1] ERROR com.eleicao.core.component.CandidatoListener - Candidato ja existe: papai neymar
2025-05-17 19:48:49.720 [org.springframework.amqp.rabbit.RabbitListenerEndpointContainer#0-1] ERROR com.eleicao.core.component.CandidatoListener - Candidato ja existe: papai neymar
2025-05-17 19:48:49.725 [org.springframework.amqp.rabbit.RabbitListenerEndpointContainer#0-1] ERROR com.eleicao.core.component.CandidatoListener - Candidato ja existe: papai neymar
2025-05-17 19:48:49.730 [org.springframework.amqp.rabbit.RabbitListenerEndpointContainer#0-1] ERROR com.eleicao.core.component.CandidatoListener - Candidato ja existe: papai neymar
2025-05-17 19:48:49.736 [org.springframework.amqp.rabbit.RabbitListenerEndpointContainer#0-1] ERROR com.eleicao.core.component.CandidatoListener - Candidato ja existe: papai neymar
2025-05-17 19:48:49.741 [org.springframework.amqp.rabbit.RabbitListenerEndpointContainer#0-1] ERROR com.eleicao.core.component.CandidatoListener - Candidato ja existe: papai neymar
2025-05-17 19:48:49.748 [org.springframework.amqp.rabbit.RabbitListenerEndpointContainer#0-1] ERROR com.eleicao.core.component.CandidatoListener - Candidato ja existe: papai neymar
2025-05-17 19:48:49.753 [org.springframework.amqp.rabbit.RabbitListenerEndpointContainer#0-1] ERROR com.eleicao.core.component.CandidatoListener - Candidato ja existe: papai neymar
2025-05-17 19:48:49.758 [org.springframework.amqp.rabbit.RabbitListenerEndpointContainer#0-1] ERROR com.eleicao.core.component.CandidatoListener - Candidato ja existe: papai neymar
2025-05-17 19:48:49.763 [org.springframework.amqp.rabbit.RabbitListenerEndpointContainer#0-1] ERROR com.eleicao.core.component.CandidatoListener - Candidato ja existe: papai neymar
2025-05-17 19:48:49.769 [org.springframework.amqp.rabbit.RabbitListenerEndpointContainer#0-1] ERROR com.eleicao.core.component.CandidatoListener - Candidato ja existe: papai neymar
2025-05-17 19:48:49.775 [org.springframework.amqp.rabbit.RabbitListenerEndpointContainer#0-1] ERROR com.eleicao.core.component.CandidatoListener - Candidato ja existe: papai neymar
2025-05-17 19:48:49.781 [org.springframework.amqp.rabbit.RabbitListenerEndpointContainer#0-1] ERROR com.eleicao.core.component.CandidatoListener - Candidato ja existe: papai neymar
2025-05-17 19:48:49.787 [org.springframework.amqp.rabbit.RabbitListenerEndpointContainer#0-1] ERROR com.eleicao.core.component.CandidatoListener - Candidato ja existe: papai neymar
2025-05-17 19:48:49.792 [org.springframework.amqp.rabbit.RabbitListenerEndpointContainer#0-1] ERROR com.eleicao.core.component.CandidatoListener - Candidato ja existe: papai neymar
2025-05-17 19:48:49.797 [org.springframework.amqp.rabbit.RabbitListenerEndpointContainer#0-1] ERROR com.eleicao.core.component.CandidatoListener - Candidato ja existe: papai neymar
2025-05-17 19:48:49.803 [org.springframework.amqp.rabbit.RabbitListenerEndpointContainer#0-1] ERROR com.eleicao.core.component.CandidatoListener - Candidato ja existe: papai neymar
2025-05-17 19:48:49.807 [org.springframework.amqp.rabbit.RabbitListenerEndpointContainer#0-1] ERROR com.eleicao.core.component.CandidatoListener - Candidato ja existe: papai neymar
2025-05-17 19:48:49.812 [org.springframework.amqp.rabbit.RabbitListenerEndpointContainer#0-1] ERROR com.eleicao.core.component.CandidatoListener - Candidato ja existe: papai neymar
2025-05-17 19:48:49.817 [org.springframework.amqp.rabbit.RabbitListenerEndpointContainer#0-1] ERROR com.eleicao.core.component.CandidatoListener - Candidato ja existe: papai neymar
2025-05-17 19:48:49.821 [org.springframework.amqp.rabbit.RabbitListenerEndpointContainer#0-1] ERROR com.eleicao.core.component.CandidatoListener - Candidato ja existe: papai neymar
2025-05-17 19:48:49.826 [org.springframework.amqp.rabbit.RabbitListenerEndpointContainer#0-1] ERROR com.eleicao.core.component.CandidatoListener - Candidato ja existe: papai neymar
2025-05-17 19:48:49.831 [org.springframework.amqp.rabbit.RabbitListenerEndpointContainer#0-1] ERROR com.eleicao.core.component.CandidatoListener - Candidato ja existe: papai neymar
2025-05-17 19:48:49.836 [org.springframework.amqp.rabbit.RabbitListenerEndpointContainer#0-1] ERROR com.eleicao.core.component.CandidatoListener - Candidato ja existe: papai neymar
2025-05-17 19:48:49.840 [org.springframework.amqp.rabbit.RabbitListenerEndpointContainer#0-1] ERROR com.eleicao.core.component.CandidatoListener - Candidato ja existe: papai neymar
2025-05-17 19:48:49.843 [org.springframework.amqp.rabbit.RabbitListenerEndpointContainer#0-1] ERROR com.eleicao.core.component.CandidatoListener - Candidato ja existe: papai neymar
2025-05-17 19:48:49.847 [org.springframework.amqp.rabbit.RabbitListenerEndpointContainer#0-1] ERROR com.eleicao.core.component.CandidatoListener - Candidato ja existe: papai neymar
2025-05-17 19:48:49.854 [org.springframework.amqp.rabbit.RabbitListenerEndpointContainer#0-1] ERROR com.eleicao.core.component.CandidatoListener - Candidato ja existe: papai neymar
2025-05-17 19:48:49.859 [org.springframework.amqp.rabbit.RabbitListenerEndpointContainer#0-1] ERROR com.eleicao.core.component.CandidatoListener - Candidato ja existe: papai neymar
2025-05-17 19:48:49.863 [org.springframework.amqp.rabbit.RabbitListenerEndpointContainer#0-1] ERROR com.eleicao.core.component.CandidatoListener - Candidato ja existe: papai neymar
2025-05-17 19:48:49.868 [org.springframework.amqp.rabbit.RabbitListenerEndpointContainer#0-1] ERROR com.eleicao.core.component.CandidatoListener - Candidato ja existe: papai neymar
2025-05-17 19:48:49.873 [org.springframework.amqp.rabbit.RabbitListenerEndpointContainer#0-1] ERROR com.eleicao.core.component.CandidatoListener - Candidato ja existe: papai neymar
2025-05-17 19:48:49.878 [org.springframework.amqp.rabbit.RabbitListenerEndpointContainer#0-1] ERROR com.eleicao.core.component.CandidatoListener - Candidato ja existe: papai neymar
2025-05-17 19:48:49.882 [org.springframework.amqp.rabbit.RabbitListenerEndpointContainer#0-1] ERROR com.eleicao.core.component.CandidatoListener - Candidato ja existe: papai neymar
2025-05-17 19:48:49.887 [org.springframework.amqp.rabbit.RabbitListenerEndpointContainer#0-1] ERROR com.eleicao.core.component.CandidatoListener - Candidato ja existe: papai neymar
2025-05-17 19:48:49.892 [org.springframework.amqp.rabbit.RabbitListenerEndpointContainer#0-1] ERROR com.eleicao.core.component.CandidatoListener - Candidato ja existe: papai neymar
2025-05-17 19:48:49.897 [org.springframework.amqp.rabbit.RabbitListenerEndpointContainer#0-1] ERROR com.eleicao.core.component.CandidatoListener - Candidato ja existe: papai neymar
2025-05-17 19:48:49.903 [org.springframework.amqp.rabbit.RabbitListenerEndpointContainer#0-1] ERROR com.eleicao.core.component.CandidatoListener - Candidato ja existe: papai neymar
2025-05-17 19:48:49.908 [org.springframework.amqp.rabbit.RabbitListenerEndpointContainer#0-1] ERROR com.eleicao.core.component.CandidatoListener - Candidato ja existe: papai neymar
2025-05-17 19:48:49.914 [org.springframework.amqp.rabbit.RabbitListenerEndpointContainer#0-1] ERROR com.eleicao.core.component.CandidatoListener - Candidato ja existe: papai neymar
2025-05-17 19:48:49.919 [org.springframework.amqp.rabbit.RabbitListenerEndpointContainer#0-1] ERROR com.eleicao.core.component.CandidatoListener - Candidato ja existe: papai neymar
2025-05-17 19:48:49.924 [org.springframework.amqp.rabbit.RabbitListenerEndpointContainer#0-1] ERROR com.eleicao.core.component.CandidatoListener - Candidato ja existe: papai neymar
2025-05-17 19:48:49.930 [org.springframework.amqp.rabbit.RabbitListenerEndpointContainer#0-1] ERROR com.eleicao.core.component.CandidatoListener - Candidato ja existe: papai neymar
2025-05-17 19:48:49.936 [org.springframework.amqp.rabbit.RabbitListenerEndpointContainer#0-1] ERROR com.eleicao.core.component.CandidatoListener - Candidato ja existe: papai neymar
2025-05-17 19:48:49.941 [org.springframework.amqp.rabbit.RabbitListenerEndpointContainer#0-1] ERROR com.eleicao.core.component.CandidatoListener - Candidato ja existe: papai neymar
2025-05-17 19:48:49.946 [org.springframework.amqp.rabbit.RabbitListenerEndpointContainer#0-1] ERROR com.eleicao.core.component.CandidatoListener - Candidato ja existe: papai neymar
2025-05-17 19:48:49.953 [org.springframework.amqp.rabbit.RabbitListenerEndpointContainer#0-1] ERROR com.eleicao.core.component.CandidatoListener - Candidato ja existe: papai neymar
2025-05-17 19:48:49.958 [org.springframework.amqp.rabbit.RabbitListenerEndpointContainer#0-1] ERROR com.eleicao.core.component.CandidatoListener - Candidato ja existe: papai neymar
2025-05-17 19:48:49.967 [org.springframework.amqp.rabbit.RabbitListenerEndpointContainer#0-1] ERROR com.eleicao.core.component.CandidatoListener - Candidato ja existe: papai neymar
2025-05-17 19:48:49.973 [org.springframework.amqp.rabbit.RabbitListenerEndpointContainer#0-1] ERROR com.eleicao.core.component.CandidatoListener - Candidato ja existe: papai neymar
2025-05-17 19:48:49.979 [org.springframework.amqp.rabbit.RabbitListenerEndpointContainer#0-1] ERROR com.eleicao.core.component.CandidatoListener - Candidato ja existe: papai neymar
2025-05-17 19:48:49.986 [org.springframework.amqp.rabbit.RabbitListenerEndpointContainer#0-1] ERROR com.eleicao.core.component.CandidatoListener - Candidato ja existe: papai neymar
2025-05-17 19:48:49.991 [org.springframework.amqp.rabbit.RabbitListenerEndpointContainer#0-1] ERROR com.eleicao.core.component.CandidatoListener - Candidato ja existe: papai neymar
2025-05-17 19:48:49.998 [org.springframework.amqp.rabbit.RabbitListenerEndpointContainer#0-1] ERROR com.eleicao.core.component.CandidatoListener - Candidato ja existe: papai neymar
2025-05-17 19:48:50.005 [org.springframework.amqp.rabbit.RabbitListenerEndpointContainer#0-1] ERROR com.eleicao.core.component.CandidatoListener - Candidato ja existe: papai neymar
2025-05-17 19:48:50.011 [org.springframework.amqp.rabbit.RabbitListenerEndpointContainer#0-1] ERROR com.eleicao.core.component.CandidatoListener - Candidato ja existe: papai neymar
2025-05-17 19:48:50.018 [org.springframework.amqp.rabbit.RabbitListenerEndpointContainer#0-1] ERROR com.eleicao.core.component.CandidatoListener - Candidato ja existe: papai neymar
2025-05-17 19:48:50.028 [org.springframework.amqp.rabbit.RabbitListenerEndpointContainer#0-1] ERROR com.eleicao.core.component.CandidatoListener - Candidato ja existe: papai neymar
2025-05-17 19:48:50.036 [org.springframework.amqp.rabbit.RabbitListenerEndpointContainer#0-1] ERROR com.eleicao.core.component.CandidatoListener - Candidato ja existe: papai neymar
2025-05-17 19:48:50.042 [org.springframework.amqp.rabbit.RabbitListenerEndpointContainer#0-1] ERROR com.eleicao.core.component.CandidatoListener - Candidato ja existe: papai neymar
2025-05-17 19:48:50.047 [org.springframework.amqp.rabbit.RabbitListenerEndpointContainer#0-1] ERROR com.eleicao.core.component.CandidatoListener - Candidato ja existe: papai neymar
2025-05-17 19:48:50.054 [org.springframework.amqp.rabbit.RabbitListenerEndpointContainer#0-1] ERROR com.eleicao.core.component.CandidatoListener - Candidato ja existe: papai neymar
2025-05-17 19:48:50.059 [org.springframework.amqp.rabbit.RabbitListenerEndpointContainer#0-1] ERROR com.eleicao.core.component.CandidatoListener - Candidato ja existe: papai neymar
2025-05-17 19:48:50.064 [org.springframework.amqp.rabbit.RabbitListenerEndpointContainer#0-1] ERROR com.eleicao.core.component.CandidatoListener - Candidato ja existe: papai neymar
2025-05-17 19:48:50.071 [org.springframework.amqp.rabbit.RabbitListenerEndpointContainer#0-1] ERROR com.eleicao.core.component.CandidatoListener - Candidato ja existe: papai neymar
2025-05-17 19:48:50.075 [org.springframework.amqp.rabbit.RabbitListenerEndpointContainer#0-1] ERROR com.eleicao.core.component.CandidatoListener - Candidato ja existe: papai neymar
2025-05-17 19:48:50.080 [org.springframework.amqp.rabbit.RabbitListenerEndpointContainer#0-1] ERROR com.eleicao.core.component.CandidatoListener - Candidato ja existe: papai neymar
2025-05-17 19:48:50.088 [org.springframework.amqp.rabbit.RabbitListenerEndpointContainer#0-1] ERROR com.eleicao.core.component.CandidatoListener - Candidato ja existe: papai neymar
2025-05-17 19:48:50.093 [org.springframework.amqp.rabbit.RabbitListenerEndpointContainer#0-1] ERROR com.eleicao.core.component.CandidatoListener - Candidato ja existe: papai neymar
2025-05-17 19:48:50.097 [org.springframework.amqp.rabbit.RabbitListenerEndpointContainer#0-1] ERROR com.eleicao.core.component.CandidatoListener - Candidato ja existe: papai neymar
2025-05-17 19:48:50.103 [org.springframework.amqp.rabbit.RabbitListenerEndpointContainer#0-1] ERROR com.eleicao.core.component.CandidatoListener - Candidato ja existe: papai neymar
2025-05-17 19:48:50.108 [org.springframework.amqp.rabbit.RabbitListenerEndpointContainer#0-1] ERROR com.eleicao.core.component.CandidatoListener - Candidato ja existe: papai neymar
2025-05-17 19:48:50.114 [org.springframework.amqp.rabbit.RabbitListenerEndpointContainer#0-1] ERROR com.eleicao.core.component.CandidatoListener - Candidato ja existe: papai neymar
2025-05-17 19:48:50.120 [org.springframework.amqp.rabbit.RabbitListenerEndpointContainer#0-1] ERROR com.eleicao.core.component.CandidatoListener - Candidato ja existe: papai neymar
2025-05-17 19:48:50.125 [org.springframework.amqp.rabbit.RabbitListenerEndpointContainer#0-1] ERROR com.eleicao.core.component.CandidatoListener - Candidato ja existe: papai neymar
2025-05-17 19:48:50.131 [org.springframework.amqp.rabbit.RabbitListenerEndpointContainer#0-1] ERROR com.eleicao.core.component.CandidatoListener - Candidato ja existe: papai neymar
2025-05-17 19:48:50.137 [org.springframework.amqp.rabbit.RabbitListenerEndpointContainer#0-1] ERROR com.eleicao.core.component.CandidatoListener - Candidato ja existe: papai neymar
2025-05-17 19:48:50.143 [org.springframework.amqp.rabbit.RabbitListenerEndpointContainer#0-1] ERROR com.eleicao.core.component.CandidatoListener - Candidato ja existe: papai neymar
2025-05-17 19:48:50.147 [org.springframework.amqp.rabbit.RabbitListenerEndpointContainer#0-1] ERROR com.eleicao.core.component.CandidatoListener - Candidato ja existe: papai neymar
2025-05-17 19:48:50.154 [org.springframework.amqp.rabbit.RabbitListenerEndpointContainer#0-1] ERROR com.eleicao.core.component.CandidatoListener - Candidato ja existe: papai neymar
2025-05-17 19:48:50.158 [org.springframework.amqp.rabbit.RabbitListenerEndpointContainer#0-1] ERROR com.eleicao.core.component.CandidatoListener - Candidato ja existe: papai neymar
2025-05-17 19:48:50.162 [org.springframework.amqp.rabbit.RabbitListenerEndpointContainer#0-1] ERROR com.eleicao.core.component.CandidatoListener - Candidato ja existe: papai neymar
2025-05-17 19:48:50.169 [org.springframework.amqp.rabbit.RabbitListenerEndpointContainer#0-1] ERROR com.eleicao.core.component.CandidatoListener - Candidato ja existe: papai neymar
2025-05-17 19:48:50.174 [org.springframework.amqp.rabbit.RabbitListenerEndpointContainer#0-1] ERROR com.eleicao.core.component.CandidatoListener - Candidato ja existe: papai neymar
2025-05-17 19:48:50.179 [org.springframework.amqp.rabbit.RabbitListenerEndpointContainer#0-1] ERROR com.eleicao.core.component.CandidatoListener - Candidato ja existe: papai neymar
2025-05-17 19:48:50.185 [org.springframework.amqp.rabbit.RabbitListenerEndpointContainer#0-1] ERROR com.eleicao.core.component.CandidatoListener - Candidato ja existe: papai neymar
2025-05-17 19:48:50.195 [org.springframework.amqp.rabbit.RabbitListenerEndpointContainer#0-1] ERROR com.eleicao.core.component.CandidatoListener - Candidato ja existe: papai neymar
2025-05-17 19:48:50.202 [org.springframework.amqp.rabbit.RabbitListenerEndpointContainer#0-1] ERROR com.eleicao.core.component.CandidatoListener - Candidato ja existe: papai neymar
2025-05-17 19:48:50.207 [org.springframework.amqp.rabbit.RabbitListenerEndpointContainer#0-1] ERROR com.eleicao.core.component.CandidatoListener - Candidato ja existe: papai neymar
2025-05-17 19:48:50.213 [org.springframework.amqp.rabbit.RabbitListenerEndpointContainer#0-1] ERROR com.eleicao.core.component.CandidatoListener - Candidato ja existe: papai neymar
2025-05-17 19:48:50.219 [org.springframework.amqp.rabbit.RabbitListenerEndpointContainer#0-1] ERROR com.eleicao.core.component.CandidatoListener - Candidato ja existe: papai neymar
2025-05-17 19:48:50.225 [org.springframework.amqp.rabbit.RabbitListenerEndpointContainer#0-1] ERROR com.eleicao.core.component.CandidatoListener - Candidato ja existe: papai neymar
2025-05-17 19:48:50.230 [org.springframework.amqp.rabbit.RabbitListenerEndpointContainer#0-1] ERROR com.eleicao.core.component.CandidatoListener - Candidato ja existe: papai neymar
2025-05-17 19:48:50.234 [org.springframework.amqp.rabbit.RabbitListenerEndpointContainer#0-1] ERROR com.eleicao.core.component.CandidatoListener - Candidato ja existe: papai neymar
2025-05-17 19:48:50.238 [org.springframework.amqp.rabbit.RabbitListenerEndpointContainer#0-1] ERROR com.eleicao.core.component.CandidatoListener - Candidato ja existe: papai neymar
2025-05-17 19:48:50.241 [org.springframework.amqp.rabbit.RabbitListenerEndpointContainer#0-1] ERROR com.eleicao.core.component.CandidatoListener - Candidato ja existe: papai neymar
2025-05-17 19:48:50.244 [org.springframework.amqp.rabbit.RabbitListenerEndpointContainer#0-1] ERROR com.eleicao.core.component.CandidatoListener - Candidato ja existe: papai neymar
2025-05-17 19:48:50.246 [org.springframework.amqp.rabbit.RabbitListenerEndpointContainer#0-1] ERROR com.eleicao.core.component.CandidatoListener - Candidato ja existe: papai neymar
2025-05-17 19:48:50.250 [org.springframework.amqp.rabbit.RabbitListenerEndpointContainer#0-1] ERROR com.eleicao.core.component.CandidatoListener - Candidato ja existe: papai neymar
2025-05-17 19:48:50.253 [org.springframework.amqp.rabbit.RabbitListenerEndpointContainer#0-1] ERROR com.eleicao.core.component.CandidatoListener - Candidato ja existe: papai neymar
2025-05-17 19:48:50.258 [org.springframework.amqp.rabbit.RabbitListenerEndpointContainer#0-1] ERROR com.eleicao.core.component.CandidatoListener - Candidato ja existe: papai neymar
2025-05-17 19:48:50.264 [org.springframework.amqp.rabbit.RabbitListenerEndpointContainer#0-1] ERROR com.eleicao.core.component.CandidatoListener - Candidato ja existe: papai neymar
2025-05-17 19:48:50.270 [org.springframework.amqp.rabbit.RabbitListenerEndpointContainer#0-1] ERROR com.eleicao.core.component.CandidatoListener - Candidato ja existe: papai neymar
2025-05-17 19:48:50.274 [org.springframework.amqp.rabbit.RabbitListenerEndpointContainer#0-1] ERROR com.eleicao.core.component.CandidatoListener - Candidato ja existe: papai neymar
2025-05-17 19:48:50.278 [org.springframework.amqp.rabbit.RabbitListenerEndpointContainer#0-1] ERROR com.eleicao.core.component.CandidatoListener - Candidato ja existe: papai neymar
2025-05-17 19:48:50.282 [org.springframework.amqp.rabbit.RabbitListenerEndpointContainer#0-1] ERROR com.eleicao.core.component.CandidatoListener - Candidato ja existe: papai neymar
2025-05-17 19:48:50.287 [org.springframework.amqp.rabbit.RabbitListenerEndpointContainer#0-1] ERROR com.eleicao.core.component.CandidatoListener - Candidato ja existe: papai neymar
2025-05-17 19:48:50.291 [org.springframework.amqp.rabbit.RabbitListenerEndpointContainer#0-1] ERROR com.eleicao.core.component.CandidatoListener - Candidato ja existe: papai neymar
2025-05-17 19:48:50.296 [org.springframework.amqp.rabbit.RabbitListenerEndpointContainer#0-1] ERROR com.eleicao.core.component.CandidatoListener - Candidato ja existe: papai neymar
2025-05-17 19:48:50.301 [org.springframework.amqp.rabbit.RabbitListenerEndpointContainer#0-1] ERROR com.eleicao.core.component.CandidatoListener - Candidato ja existe: papai neymar
2025-05-17 19:48:50.305 [org.springframework.amqp.rabbit.RabbitListenerEndpointContainer#0-1] ERROR com.eleicao.core.component.CandidatoListener - Candidato ja existe: papai neymar
2025-05-17 19:48:50.310 [org.springframework.amqp.rabbit.RabbitListenerEndpointContainer#0-1] ERROR com.eleicao.core.component.CandidatoListener - Candidato ja existe: papai neymar
2025-05-17 19:48:50.317 [org.springframework.amqp.rabbit.RabbitListenerEndpointContainer#0-1] ERROR com.eleicao.core.component.CandidatoListener - Candidato ja existe: papai neymar
2025-05-17 19:48:50.322 [org.springframework.amqp.rabbit.RabbitListenerEndpointContainer#0-1] ERROR com.eleicao.core.component.CandidatoListener - Candidato ja existe: papai neymar
2025-05-17 19:48:50.328 [org.springframework.amqp.rabbit.RabbitListenerEndpointContainer#0-1] ERROR com.eleicao.core.component.CandidatoListener - Candidato ja existe: papai neymar
2025-05-17 19:48:50.334 [org.springframework.amqp.rabbit.RabbitListenerEndpointContainer#0-1] ERROR com.eleicao.core.component.CandidatoListener - Candidato ja existe: papai neymar
2025-05-17 19:48:50.340 [org.springframework.amqp.rabbit.RabbitListenerEndpointContainer#0-1] ERROR com.eleicao.core.component.CandidatoListener - Candidato ja existe: papai neymar
2025-05-17 19:48:50.345 [org.springframework.amqp.rabbit.RabbitListenerEndpointContainer#0-1] ERROR com.eleicao.core.component.CandidatoListener - Candidato ja existe: papai neymar
2025-05-17 19:48:50.351 [org.springframework.amqp.rabbit.RabbitListenerEndpointContainer#0-1] ERROR com.eleicao.core.component.CandidatoListener - Candidato ja existe: papai neymar
2025-05-17 19:48:50.356 [org.springframework.amqp.rabbit.RabbitListenerEndpointContainer#0-1] ERROR com.eleicao.core.component.CandidatoListener - Candidato ja existe: papai neymar
2025-05-17 19:48:50.362 [org.springframework.amqp.rabbit.RabbitListenerEndpointContainer#0-1] ERROR com.eleicao.core.component.CandidatoListener - Candidato ja existe: papai neymar
2025-05-17 19:48:50.368 [org.springframework.amqp.rabbit.RabbitListenerEndpointContainer#0-1] ERROR com.eleicao.core.component.CandidatoListener - Candidato ja existe: papai neymar
2025-05-17 19:48:50.372 [org.springframework.amqp.rabbit.RabbitListenerEndpointContainer#0-1] ERROR com.eleicao.core.component.CandidatoListener - Candidato ja existe: papai neymar
2025-05-17 19:48:50.376 [org.springframework.amqp.rabbit.RabbitListenerEndpointContainer#0-1] ERROR com.eleicao.core.component.CandidatoListener - Candidato ja existe: papai neymar
2025-05-17 19:48:50.382 [org.springframework.amqp.rabbit.RabbitListenerEndpointContainer#0-1] ERROR com.eleicao.core.component.CandidatoListener - Candidato ja existe: papai neymar
2025-05-17 19:48:50.387 [org.springframework.amqp.rabbit.RabbitListenerEndpointContainer#0-1] ERROR com.eleicao.core.component.CandidatoListener - Candidato ja existe: papai neymar
2025-05-17 19:48:50.391 [org.springframework.amqp.rabbit.RabbitListenerEndpointContainer#0-1] ERROR com.eleicao.core.component.CandidatoListener - Candidato ja existe: papai neymar
2025-05-17 19:48:50.396 [org.springframework.amqp.rabbit.RabbitListenerEndpointContainer#0-1] ERROR com.eleicao.core.component.CandidatoListener - Candidato ja existe: papai neymar
2025-05-17 19:48:50.402 [org.springframework.amqp.rabbit.RabbitListenerEndpointContainer#0-1] ERROR com.eleicao.core.component.CandidatoListener - Candidato ja existe: papai neymar
2025-05-17 19:48:50.406 [org.springframework.amqp.rabbit.RabbitListenerEndpointContainer#0-1] ERROR com.eleicao.core.component.CandidatoListener - Candidato ja existe: papai neymar
2025-05-17 19:48:50.411 [org.springframework.amqp.rabbit.RabbitListenerEndpointContainer#0-1] ERROR com.eleicao.core.component.CandidatoListener - Candidato ja existe: papai neymar
2025-05-17 19:48:50.417 [org.springframework.amqp.rabbit.RabbitListenerEndpointContainer#0-1] ERROR com.eleicao.core.component.CandidatoListener - Candidato ja existe: papai neymar
2025-05-17 19:48:50.422 [org.springframework.amqp.rabbit.RabbitListenerEndpointContainer#0-1] ERROR com.eleicao.core.component.CandidatoListener - Candidato ja existe: papai neymar
2025-05-17 19:48:50.429 [org.springframework.amqp.rabbit.RabbitListenerEndpointContainer#0-1] ERROR com.eleicao.core.component.CandidatoListener - Candidato ja existe: papai neymar
2025-05-17 19:48:50.434 [org.springframework.amqp.rabbit.RabbitListenerEndpointContainer#0-1] ERROR com.eleicao.core.component.CandidatoListener - Candidato ja existe: papai neymar
2025-05-17 19:48:50.440 [org.springframework.amqp.rabbit.RabbitListenerEndpointContainer#0-1] ERROR com.eleicao.core.component.CandidatoListener - Candidato ja existe: papai neymar
2025-05-17 19:48:50.444 [org.springframework.amqp.rabbit.RabbitListenerEndpointContainer#0-1] ERROR com.eleicao.core.component.CandidatoListener - Candidato ja existe: papai neymar
2025-05-17 19:48:50.449 [org.springframework.amqp.rabbit.RabbitListenerEndpointContainer#0-1] ERROR com.eleicao.core.component.CandidatoListener - Candidato ja existe: papai neymar
2025-05-17 19:48:50.453 [org.springframework.amqp.rabbit.RabbitListenerEndpointContainer#0-1] ERROR com.eleicao.core.component.CandidatoListener - Candidato ja existe: papai neymar
2025-05-17 19:48:50.458 [org.springframework.amqp.rabbit.RabbitListenerEndpointContainer#0-1] ERROR com.eleicao.core.component.CandidatoListener - Candidato ja existe: papai neymar
2025-05-17 19:48:50.462 [org.springframework.amqp.rabbit.RabbitListenerEndpointContainer#0-1] ERROR com.eleicao.core.component.CandidatoListener - Candidato ja existe: papai neymar
2025-05-17 19:48:50.467 [org.springframework.amqp.rabbit.RabbitListenerEndpointContainer#0-1] ERROR com.eleicao.core.component.CandidatoListener - Candidato ja existe: papai neymar
2025-05-17 19:48:50.472 [org.springframework.amqp.rabbit.RabbitListenerEndpointContainer#0-1] ERROR com.eleicao.core.component.CandidatoListener - Candidato ja existe: papai neymar
2025-05-17 19:48:50.476 [org.springframework.amqp.rabbit.RabbitListenerEndpointContainer#0-1] ERROR com.eleicao.core.component.CandidatoListener - Candidato ja existe: papai neymar
2025-05-17 19:48:50.480 [org.springframework.amqp.rabbit.RabbitListenerEndpointContainer#0-1] ERROR com.eleicao.core.component.CandidatoListener - Candidato ja existe: papai neymar
2025-05-17 19:48:50.485 [org.springframework.amqp.rabbit.RabbitListenerEndpointContainer#0-1] ERROR com.eleicao.core.component.CandidatoListener - Candidato ja existe: papai neymar
2025-05-17 19:48:50.489 [org.springframework.amqp.rabbit.RabbitListenerEndpointContainer#0-1] ERROR com.eleicao.core.component.CandidatoListener - Candidato ja existe: papai neymar
2025-05-17 19:48:50.494 [org.springframework.amqp.rabbit.RabbitListenerEndpointContainer#0-1] ERROR com.eleicao.core.component.CandidatoListener - Candidato ja existe: papai neymar
2025-05-17 19:48:50.498 [org.springframework.amqp.rabbit.RabbitListenerEndpointContainer#0-1] ERROR com.eleicao.core.component.CandidatoListener - Candidato ja existe: papai neymar
2025-05-17 19:48:50.503 [org.springframework.amqp.rabbit.RabbitListenerEndpointContainer#0-1] ERROR com.eleicao.core.component.CandidatoListener - Candidato ja existe: papai neymar
2025-05-17 19:48:50.508 [org.springframework.amqp.rabbit.RabbitListenerEndpointContainer#0-1] ERROR com.eleicao.core.component.CandidatoListener - Candidato ja existe: papai neymar
2025-05-17 19:48:50.514 [org.springframework.amqp.rabbit.RabbitListenerEndpointContainer#0-1] ERROR com.eleicao.core.component.CandidatoListener - Candidato ja existe: papai neymar
2025-05-17 19:48:50.522 [org.springframework.amqp.rabbit.RabbitListenerEndpointContainer#0-1] ERROR com.eleicao.core.component.CandidatoListener - Candidato ja existe: papai neymar
2025-05-17 19:48:50.527 [org.springframework.amqp.rabbit.RabbitListenerEndpointContainer#0-1] ERROR com.eleicao.core.component.CandidatoListener - Candidato ja existe: papai neymar
2025-05-17 19:48:50.533 [org.springframework.amqp.rabbit.RabbitListenerEndpointContainer#0-1] ERROR com.eleicao.core.component.CandidatoListener - Candidato ja existe: papai neymar
2025-05-17 19:48:50.537 [org.springframework.amqp.rabbit.RabbitListenerEndpointContainer#0-1] ERROR com.eleicao.core.component.CandidatoListener - Candidato ja existe: papai neymar
2025-05-17 19:48:50.542 [org.springframework.amqp.rabbit.RabbitListenerEndpointContainer#0-1] ERROR com.eleicao.core.component.CandidatoListener - Candidato ja existe: papai neymar
2025-05-17 19:48:50.546 [org.springframework.amqp.rabbit.RabbitListenerEndpointContainer#0-1] ERROR com.eleicao.core.component.CandidatoListener - Candidato ja existe: papai neymar
2025-05-17 19:48:50.553 [org.springframework.amqp.rabbit.RabbitListenerEndpointContainer#0-1] ERROR com.eleicao.core.component.CandidatoListener - Candidato ja existe: papai neymar
2025-05-17 19:48:50.558 [org.springframework.amqp.rabbit.RabbitListenerEndpointContainer#0-1] ERROR com.eleicao.core.component.CandidatoListener - Candidato ja existe: papai neymar
2025-05-17 19:48:50.562 [org.springframework.amqp.rabbit.RabbitListenerEndpointContainer#0-1] ERROR com.eleicao.core.component.CandidatoListener - Candidato ja existe: papai neymar
2025-05-17 19:48:50.567 [org.springframework.amqp.rabbit.RabbitListenerEndpointContainer#0-1] ERROR com.eleicao.core.component.CandidatoListener - Candidato ja existe: papai neymar
2025-05-17 19:48:50.572 [org.springframework.amqp.rabbit.RabbitListenerEndpointContainer#0-1] ERROR com.eleicao.core.component.CandidatoListener - Candidato ja existe: papai neymar
2025-05-17 19:48:50.576 [org.springframework.amqp.rabbit.RabbitListenerEndpointContainer#0-1] ERROR com.eleicao.core.component.CandidatoListener - Candidato ja existe: papai neymar
2025-05-17 19:48:50.579 [org.springframework.amqp.rabbit.RabbitListenerEndpointContainer#0-1] ERROR com.eleicao.core.component.CandidatoListener - Candidato ja existe: papai neymar
2025-05-17 19:48:50.585 [org.springframework.amqp.rabbit.RabbitListenerEndpointContainer#0-1] ERROR com.eleicao.core.component.CandidatoListener - Candidato ja existe: papai neymar
2025-05-17 19:48:50.590 [org.springframework.amqp.rabbit.RabbitListenerEndpointContainer#0-1] ERROR com.eleicao.core.component.CandidatoListener - Candidato ja existe: papai neymar
2025-05-17 19:48:50.593 [org.springframework.amqp.rabbit.RabbitListenerEndpointContainer#0-1] ERROR com.eleicao.core.component.CandidatoListener - Candidato ja existe: papai neymar
2025-05-17 19:48:50.600 [org.springframework.amqp.rabbit.RabbitListenerEndpointContainer#0-1] ERROR com.eleicao.core.component.CandidatoListener - Candidato ja existe: papai neymar
2025-05-17 19:48:50.605 [org.springframework.amqp.rabbit.RabbitListenerEndpointContainer#0-1] ERROR com.eleicao.core.component.CandidatoListener - Candidato ja existe: papai neymar
2025-05-17 19:48:50.609 [org.springframework.amqp.rabbit.RabbitListenerEndpointContainer#0-1] ERROR com.eleicao.core.component.CandidatoListener - Candidato ja existe: papai neymar
2025-05-17 19:48:50.613 [org.springframework.amqp.rabbit.RabbitListenerEndpointContainer#0-1] ERROR com.eleicao.core.component.CandidatoListener - Candidato ja existe: papai neymar
2025-05-17 19:48:50.618 [org.springframework.amqp.rabbit.RabbitListenerEndpointContainer#0-1] ERROR com.eleicao.core.component.CandidatoListener - Candidato ja existe: papai neymar
2025-05-17 19:48:50.622 [org.springframework.amqp.rabbit.RabbitListenerEndpointContainer#0-1] ERROR com.eleicao.core.component.CandidatoListener - Candidato ja existe: papai neymar
2025-05-17 19:48:50.626 [org.springframework.amqp.rabbit.RabbitListenerEndpointContainer#0-1] ERROR com.eleicao.core.component.CandidatoListener - Candidato ja existe: papai neymar
2025-05-17 19:48:50.630 [org.springframework.amqp.rabbit.RabbitListenerEndpointContainer#0-1] ERROR com.eleicao.core.component.CandidatoListener - Candidato ja existe: papai neymar
2025-05-17 19:48:50.635 [org.springframework.amqp.rabbit.RabbitListenerEndpointContainer#0-1] ERROR com.eleicao.core.component.CandidatoListener - Candidato ja existe: papai neymar
2025-05-17 19:48:50.638 [org.springframework.amqp.rabbit.RabbitListenerEndpointContainer#0-1] ERROR com.eleicao.core.component.CandidatoListener - Candidato ja existe: papai neymar
2025-05-17 19:48:50.642 [org.springframework.amqp.rabbit.RabbitListenerEndpointContainer#0-1] ERROR com.eleicao.core.component.CandidatoListener - Candidato ja existe: papai neymar
2025-05-17 19:48:50.647 [org.springframework.amqp.rabbit.RabbitListenerEndpointContainer#0-1] ERROR com.eleicao.core.component.CandidatoListener - Candidato ja existe: papai neymar
2025-05-17 19:48:50.650 [org.springframework.amqp.rabbit.RabbitListenerEndpointContainer#0-1] ERROR com.eleicao.core.component.CandidatoListener - Candidato ja existe: papai neymar
2025-05-17 19:48:50.654 [org.springframework.amqp.rabbit.RabbitListenerEndpointContainer#0-1] ERROR com.eleicao.core.component.CandidatoListener - Candidato ja existe: papai neymar
2025-05-17 19:48:50.658 [org.springframework.amqp.rabbit.RabbitListenerEndpointContainer#0-1] ERROR com.eleicao.core.component.CandidatoListener - Candidato ja existe: papai neymar
2025-05-17 19:48:50.662 [org.springframework.amqp.rabbit.RabbitListenerEndpointContainer#0-1] ERROR com.eleicao.core.component.CandidatoListener - Candidato ja existe: papai neymar
2025-05-17 19:48:50.667 [org.springframework.amqp.rabbit.RabbitListenerEndpointContainer#0-1] ERROR com.eleicao.core.component.CandidatoListener - Candidato ja existe: papai neymar
2025-05-17 19:48:50.671 [org.springframework.amqp.rabbit.RabbitListenerEndpointContainer#0-1] ERROR com.eleicao.core.component.CandidatoListener - Candidato ja existe: papai neymar
2025-05-17 19:48:50.676 [org.springframework.amqp.rabbit.RabbitListenerEndpointContainer#0-1] ERROR com.eleicao.core.component.CandidatoListener - Candidato ja existe: papai neymar
2025-05-17 19:48:50.679 [org.springframework.amqp.rabbit.RabbitListenerEndpointContainer#0-1] ERROR com.eleicao.core.component.CandidatoListener - Candidato ja existe: papai neymar
2025-05-17 19:48:50.683 [org.springframework.amqp.rabbit.RabbitListenerEndpointContainer#0-1] ERROR com.eleicao.core.component.CandidatoListener - Candidato ja existe: papai neymar
2025-05-17 19:48:50.687 [org.springframework.amqp.rabbit.RabbitListenerEndpointContainer#0-1] ERROR com.eleicao.core.component.CandidatoListener - Candidato ja existe: papai neymar
2025-05-17 19:48:50.691 [org.springframework.amqp.rabbit.RabbitListenerEndpointContainer#0-1] ERROR com.eleicao.core.component.CandidatoListener - Candidato ja existe: papai neymar
2025-05-17 19:48:50.694 [org.springframework.amqp.rabbit.RabbitListenerEndpointContainer#0-1] ERROR com.eleicao.core.component.CandidatoListener - Candidato ja existe: papai neymar
2025-05-17 19:48:50.697 [org.springframework.amqp.rabbit.RabbitListenerEndpointContainer#0-1] ERROR com.eleicao.core.component.CandidatoListener - Candidato ja existe: papai neymar
2025-05-17 19:48:50.701 [org.springframework.amqp.rabbit.RabbitListenerEndpointContainer#0-1] ERROR com.eleicao.core.component.CandidatoListener - Candidato ja existe: papai neymar
2025-05-17 19:48:50.704 [org.springframework.amqp.rabbit.RabbitListenerEndpointContainer#0-1] ERROR com.eleicao.core.component.CandidatoListener - Candidato ja existe: papai neymar
2025-05-17 19:48:50.707 [org.springframework.amqp.rabbit.RabbitListenerEndpointContainer#0-1] ERROR com.eleicao.core.component.CandidatoListener - Candidato ja existe: papai neymar
2025-05-17 19:48:50.711 [org.springframework.amqp.rabbit.RabbitListenerEndpointContainer#0-1] ERROR com.eleicao.core.component.CandidatoListener - Candidato ja existe: papai neymar
2025-05-17 19:48:50.715 [org.springframework.amqp.rabbit.RabbitListenerEndpointContainer#0-1] ERROR com.eleicao.core.component.CandidatoListener - Candidato ja existe: papai neymar
2025-05-17 19:48:50.719 [org.springframework.amqp.rabbit.RabbitListenerEndpointContainer#0-1] ERROR com.eleicao.core.component.CandidatoListener - Candidato ja existe: papai neymar
2025-05-17 19:48:50.723 [org.springframework.amqp.rabbit.RabbitListenerEndpointContainer#0-1] ERROR com.eleicao.core.component.CandidatoListener - Candidato ja existe: papai neymar
2025-05-17 19:48:50.727 [org.springframework.amqp.rabbit.RabbitListenerEndpointContainer#0-1] ERROR com.eleicao.core.component.CandidatoListener - Candidato ja existe: papai neymar
2025-05-17 19:48:50.733 [org.springframework.amqp.rabbit.RabbitListenerEndpointContainer#0-1] ERROR com.eleicao.core.component.CandidatoListener - Candidato ja existe: papai neymar
2025-05-17 19:48:50.738 [org.springframework.amqp.rabbit.RabbitListenerEndpointContainer#0-1] ERROR com.eleicao.core.component.CandidatoListener - Candidato ja existe: papai neymar
2025-05-17 19:48:50.743 [org.springframework.amqp.rabbit.RabbitListenerEndpointContainer#0-1] ERROR com.eleicao.core.component.CandidatoListener - Candidato ja existe: papai neymar
2025-05-17 19:48:50.748 [org.springframework.amqp.rabbit.RabbitListenerEndpointContainer#0-1] ERROR com.eleicao.core.component.CandidatoListener - Candidato ja existe: papai neymar
2025-05-17 19:48:50.753 [org.springframework.amqp.rabbit.RabbitListenerEndpointContainer#0-1] ERROR com.eleicao.core.component.CandidatoListener - Candidato ja existe: papai neymar
2025-05-17 19:48:50.759 [org.springframework.amqp.rabbit.RabbitListenerEndpointContainer#0-1] ERROR com.eleicao.core.component.CandidatoListener - Candidato ja existe: papai neymar
2025-05-17 19:48:50.763 [org.springframework.amqp.rabbit.RabbitListenerEndpointContainer#0-1] ERROR com.eleicao.core.component.CandidatoListener - Candidato ja existe: papai neymar
2025-05-17 19:48:50.768 [org.springframework.amqp.rabbit.RabbitListenerEndpointContainer#0-1] ERROR com.eleicao.core.component.CandidatoListener - Candidato ja existe: papai neymar
2025-05-17 19:48:50.773 [org.springframework.amqp.rabbit.RabbitListenerEndpointContainer#0-1] ERROR com.eleicao.core.component.CandidatoListener - Candidato ja existe: papai neymar
2025-05-17 19:48:50.778 [org.springframework.amqp.rabbit.RabbitListenerEndpointContainer#0-1] ERROR com.eleicao.core.component.CandidatoListener - Candidato ja existe: papai neymar
2025-05-17 19:48:50.784 [org.springframework.amqp.rabbit.RabbitListenerEndpointContainer#0-1] ERROR com.eleicao.core.component.CandidatoListener - Candidato ja existe: papai neymar
2025-05-17 19:48:50.789 [org.springframework.amqp.rabbit.RabbitListenerEndpointContainer#0-1] ERROR com.eleicao.core.component.CandidatoListener - Candidato ja existe: papai neymar
2025-05-17 19:48:50.793 [org.springframework.amqp.rabbit.RabbitListenerEndpointContainer#0-1] ERROR com.eleicao.core.component.CandidatoListener - Candidato ja existe: papai neymar
2025-05-17 19:48:50.798 [org.springframework.amqp.rabbit.RabbitListenerEndpointContainer#0-1] ERROR com.eleicao.core.component.CandidatoListener - Candidato ja existe: papai neymar
2025-05-17 19:48:50.803 [org.springframework.amqp.rabbit.RabbitListenerEndpointContainer#0-1] ERROR com.eleicao.core.component.CandidatoListener - Candidato ja existe: papai neymar
2025-05-17 19:48:50.810 [org.springframework.amqp.rabbit.RabbitListenerEndpointContainer#0-1] ERROR com.eleicao.core.component.CandidatoListener - Candidato ja existe: papai neymar
2025-05-17 19:48:50.816 [org.springframework.amqp.rabbit.RabbitListenerEndpointContainer#0-1] ERROR com.eleicao.core.component.CandidatoListener - Candidato ja existe: papai neymar
2025-05-17 19:48:50.821 [org.springframework.amqp.rabbit.RabbitListenerEndpointContainer#0-1] ERROR com.eleicao.core.component.CandidatoListener - Candidato ja existe: papai neymar
2025-05-17 19:48:50.826 [org.springframework.amqp.rabbit.RabbitListenerEndpointContainer#0-1] ERROR com.eleicao.core.component.CandidatoListener - Candidato ja existe: papai neymar
2025-05-17 19:48:50.832 [org.springframework.amqp.rabbit.RabbitListenerEndpointContainer#0-1] ERROR com.eleicao.core.component.CandidatoListener - Candidato ja existe: papai neymar
2025-05-17 19:48:50.837 [org.springframework.amqp.rabbit.RabbitListenerEndpointContainer#0-1] ERROR com.eleicao.core.component.CandidatoListener - Candidato ja existe: papai neymar
2025-05-17 19:48:50.842 [org.springframework.amqp.rabbit.RabbitListenerEndpointContainer#0-1] ERROR com.eleicao.core.component.CandidatoListener - Candidato ja existe: papai neymar
2025-05-17 19:48:50.847 [org.springframework.amqp.rabbit.RabbitListenerEndpointContainer#0-1] ERROR com.eleicao.core.component.CandidatoListener - Candidato ja existe: papai neymar
2025-05-17 19:48:50.852 [org.springframework.amqp.rabbit.RabbitListenerEndpointContainer#0-1] ERROR com.eleicao.core.component.CandidatoListener - Candidato ja existe: papai neymar
2025-05-17 19:48:50.857 [org.springframework.amqp.rabbit.RabbitListenerEndpointContainer#0-1] ERROR com.eleicao.core.component.CandidatoListener - Candidato ja existe: papai neymar
2025-05-17 19:48:50.861 [org.springframework.amqp.rabbit.RabbitListenerEndpointContainer#0-1] ERROR com.eleicao.core.component.CandidatoListener - Candidato ja existe: papai neymar
2025-05-17 19:48:50.866 [org.springframework.amqp.rabbit.RabbitListenerEndpointContainer#0-1] ERROR com.eleicao.core.component.CandidatoListener - Candidato ja existe: papai neymar
2025-05-17 19:48:50.870 [org.springframework.amqp.rabbit.RabbitListenerEndpointContainer#0-1] ERROR com.eleicao.core.component.CandidatoListener - Candidato ja existe: papai neymar
2025-05-17 19:48:50.875 [org.springframework.amqp.rabbit.RabbitListenerEndpointContainer#0-1] ERROR com.eleicao.core.component.CandidatoListener - Candidato ja existe: papai neymar
2025-05-17 19:48:50.880 [org.springframework.amqp.rabbit.RabbitListenerEndpointContainer#0-1] ERROR com.eleicao.core.component.CandidatoListener - Candidato ja existe: papai neymar
2025-05-17 19:48:50.886 [org.springframework.amqp.rabbit.RabbitListenerEndpointContainer#0-1] ERROR com.eleicao.core.component.CandidatoListener - Candidato ja existe: papai neymar
2025-05-17 19:48:50.890 [org.springframework.amqp.rabbit.RabbitListenerEndpointContainer#0-1] ERROR com.eleicao.core.component.CandidatoListener - Candidato ja existe: papai neymar
2025-05-17 19:48:50.894 [org.springframework.amqp.rabbit.RabbitListenerEndpointContainer#0-1] ERROR com.eleicao.core.component.CandidatoListener - Candidato ja existe: papai neymar
2025-05-17 19:48:50.898 [org.springframework.amqp.rabbit.RabbitListenerEndpointContainer#0-1] ERROR com.eleicao.core.component.CandidatoListener - Candidato ja existe: papai neymar
2025-05-17 19:48:50.903 [org.springframework.amqp.rabbit.RabbitListenerEndpointContainer#0-1] ERROR com.eleicao.core.component.CandidatoListener - Candidato ja existe: papai neymar
2025-05-17 19:48:50.909 [org.springframework.amqp.rabbit.RabbitListenerEndpointContainer#0-1] ERROR com.eleicao.core.component.CandidatoListener - Candidato ja existe: papai neymar
2025-05-17 19:48:50.913 [org.springframework.amqp.rabbit.RabbitListenerEndpointContainer#0-1] ERROR com.eleicao.core.component.CandidatoListener - Candidato ja existe: papai neymar
2025-05-17 19:48:50.916 [org.springframework.amqp.rabbit.RabbitListenerEndpointContainer#0-1] ERROR com.eleicao.core.component.CandidatoListener - Candidato ja existe: papai neymar
2025-05-17 19:48:50.921 [org.springframework.amqp.rabbit.RabbitListenerEndpointContainer#0-1] ERROR com.eleicao.core.component.CandidatoListener - Candidato ja existe: papai neymar
2025-05-17 19:48:50.926 [org.springframework.amqp.rabbit.RabbitListenerEndpointContainer#0-1] ERROR com.eleicao.core.component.CandidatoListener - Candidato ja existe: papai neymar
2025-05-17 19:48:50.931 [org.springframework.amqp.rabbit.RabbitListenerEndpointContainer#0-1] ERROR com.eleicao.core.component.CandidatoListener - Candidato ja existe: papai neymar
2025-05-17 19:48:50.935 [org.springframework.amqp.rabbit.RabbitListenerEndpointContainer#0-1] ERROR com.eleicao.core.component.CandidatoListener - Candidato ja existe: papai neymar
2025-05-17 19:48:50.939 [org.springframework.amqp.rabbit.RabbitListenerEndpointContainer#0-1] ERROR com.eleicao.core.component.CandidatoListener - Candidato ja existe: papai neymar
2025-05-17 19:48:50.943 [org.springframework.amqp.rabbit.RabbitListenerEndpointContainer#0-1] ERROR com.eleicao.core.component.CandidatoListener - Candidato ja existe: papai neymar
2025-05-17 19:48:50.950 [org.springframework.amqp.rabbit.RabbitListenerEndpointContainer#0-1] ERROR com.eleicao.core.component.CandidatoListener - Candidato ja existe: papai neymar
2025-05-17 19:48:50.955 [org.springframework.amqp.rabbit.RabbitListenerEndpointContainer#0-1] ERROR com.eleicao.core.component.CandidatoListener - Candidato ja existe: papai neymar
2025-05-17 19:48:50.960 [org.springframework.amqp.rabbit.RabbitListenerEndpointContainer#0-1] ERROR com.eleicao.core.component.CandidatoListener - Candidato ja existe: papai neymar
2025-05-17 19:48:50.966 [org.springframework.amqp.rabbit.RabbitListenerEndpointContainer#0-1] ERROR com.eleicao.core.component.CandidatoListener - Candidato ja existe: papai neymar
2025-05-17 19:48:50.971 [org.springframework.amqp.rabbit.RabbitListenerEndpointContainer#0-1] ERROR com.eleicao.core.component.CandidatoListener - Candidato ja existe: papai neymar
2025-05-17 19:48:50.976 [org.springframework.amqp.rabbit.RabbitListenerEndpointContainer#0-1] ERROR com.eleicao.core.component.CandidatoListener - Candidato ja existe: papai neymar
2025-05-17 19:48:50.983 [org.springframework.amqp.rabbit.RabbitListenerEndpointContainer#0-1] ERROR com.eleicao.core.component.CandidatoListener - Candidato ja existe: papai neymar
2025-05-17 19:48:50.988 [org.springframework.amqp.rabbit.RabbitListenerEndpointContainer#0-1] ERROR com.eleicao.core.component.CandidatoListener - Candidato ja existe: papai neymar
2025-05-17 19:48:50.994 [org.springframework.amqp.rabbit.RabbitListenerEndpointContainer#0-1] ERROR com.eleicao.core.component.CandidatoListener - Candidato ja existe: papai neymar
2025-05-17 19:48:50.999 [org.springframework.amqp.rabbit.RabbitListenerEndpointContainer#0-1] ERROR com.eleicao.core.component.CandidatoListener - Candidato ja existe: papai neymar
2025-05-17 19:48:51.004 [org.springframework.amqp.rabbit.RabbitListenerEndpointContainer#0-1] ERROR com.eleicao.core.component.CandidatoListener - Candidato ja existe: papai neymar
2025-05-17 19:48:51.008 [org.springframework.amqp.rabbit.RabbitListenerEndpointContainer#0-1] ERROR com.eleicao.core.component.CandidatoListener - Candidato ja existe: papai neymar
2025-05-17 19:48:51.012 [org.springframework.amqp.rabbit.RabbitListenerEndpointContainer#0-1] ERROR com.eleicao.core.component.CandidatoListener - Candidato ja existe: papai neymar
2025-05-17 19:48:51.016 [org.springframework.amqp.rabbit.RabbitListenerEndpointContainer#0-1] ERROR com.eleicao.core.component.CandidatoListener - Candidato ja existe: papai neymar
2025-05-17 19:48:51.021 [org.springframework.amqp.rabbit.RabbitListenerEndpointContainer#0-1] ERROR com.eleicao.core.component.CandidatoListener - Candidato ja existe: papai neymar
2025-05-17 19:48:51.025 [org.springframework.amqp.rabbit.RabbitListenerEndpointContainer#0-1] ERROR com.eleicao.core.component.CandidatoListener - Candidato ja existe: papai neymar
2025-05-17 19:48:51.028 [org.springframework.amqp.rabbit.RabbitListenerEndpointContainer#0-1] ERROR com.eleicao.core.component.CandidatoListener - Candidato ja existe: papai neymar
2025-05-17 19:48:51.032 [org.springframework.amqp.rabbit.RabbitListenerEndpointContainer#0-1] ERROR com.eleicao.core.component.CandidatoListener - Candidato ja existe: papai neymar
2025-05-17 19:48:51.035 [org.springframework.amqp.rabbit.RabbitListenerEndpointContainer#0-1] ERROR com.eleicao.core.component.CandidatoListener - Candidato ja existe: papai neymar
2025-05-17 19:48:51.040 [org.springframework.amqp.rabbit.RabbitListenerEndpointContainer#0-1] ERROR com.eleicao.core.component.CandidatoListener - Candidato ja existe: papai neymar
2025-05-17 19:48:51.045 [org.springframework.amqp.rabbit.RabbitListenerEndpointContainer#0-1] ERROR com.eleicao.core.component.CandidatoListener - Candidato ja existe: papai neymar
2025-05-17 19:48:51.049 [org.springframework.amqp.rabbit.RabbitListenerEndpointContainer#0-1] ERROR com.eleicao.core.component.CandidatoListener - Candidato ja existe: papai neymar
2025-05-17 19:48:51.053 [org.springframework.amqp.rabbit.RabbitListenerEndpointContainer#0-1] ERROR com.eleicao.core.component.CandidatoListener - Candidato ja existe: papai neymar
2025-05-17 19:48:51.058 [org.springframework.amqp.rabbit.RabbitListenerEndpointContainer#0-1] ERROR com.eleicao.core.component.CandidatoListener - Candidato ja existe: papai neymar
2025-05-17 19:48:51.064 [org.springframework.amqp.rabbit.RabbitListenerEndpointContainer#0-1] ERROR com.eleicao.core.component.CandidatoListener - Candidato ja existe: papai neymar
2025-05-17 19:48:51.068 [org.springframework.amqp.rabbit.RabbitListenerEndpointContainer#0-1] ERROR com.eleicao.core.component.CandidatoListener - Candidato ja existe: papai neymar
2025-05-17 19:48:51.072 [org.springframework.amqp.rabbit.RabbitListenerEndpointContainer#0-1] ERROR com.eleicao.core.component.CandidatoListener - Candidato ja existe: papai neymar
2025-05-17 19:48:51.076 [org.springframework.amqp.rabbit.RabbitListenerEndpointContainer#0-1] ERROR com.eleicao.core.component.CandidatoListener - Candidato ja existe: papai neymar
2025-05-17 19:48:51.079 [org.springframework.amqp.rabbit.RabbitListenerEndpointContainer#0-1] ERROR com.eleicao.core.component.CandidatoListener - Candidato ja existe: papai neymar
2025-05-17 19:48:51.083 [org.springframework.amqp.rabbit.RabbitListenerEndpointContainer#0-1] ERROR com.eleicao.core.component.CandidatoListener - Candidato ja existe: papai neymar
2025-05-17 19:48:51.088 [org.springframework.amqp.rabbit.RabbitListenerEndpointContainer#0-1] ERROR com.eleicao.core.component.CandidatoListener - Candidato ja existe: papai neymar
2025-05-17 19:48:51.092 [org.springframework.amqp.rabbit.RabbitListenerEndpointContainer#0-1] ERROR com.eleicao.core.component.CandidatoListener - Candidato ja existe: papai neymar
2025-05-17 19:48:51.096 [org.springframework.amqp.rabbit.RabbitListenerEndpointContainer#0-1] ERROR com.eleicao.core.component.CandidatoListener - Candidato ja existe: papai neymar
2025-05-17 19:48:51.101 [org.springframework.amqp.rabbit.RabbitListenerEndpointContainer#0-1] ERROR com.eleicao.core.component.CandidatoListener - Candidato ja existe: papai neymar
2025-05-17 19:48:51.105 [org.springframework.amqp.rabbit.RabbitListenerEndpointContainer#0-1] ERROR com.eleicao.core.component.CandidatoListener - Candidato ja existe: papai neymar
2025-05-17 19:48:51.108 [org.springframework.amqp.rabbit.RabbitListenerEndpointContainer#0-1] ERROR com.eleicao.core.component.CandidatoListener - Candidato ja existe: papai neymar
2025-05-17 19:48:51.111 [org.springframework.amqp.rabbit.RabbitListenerEndpointContainer#0-1] ERROR com.eleicao.core.component.CandidatoListener - Candidato ja existe: papai neymar
2025-05-17 19:48:51.117 [org.springframework.amqp.rabbit.RabbitListenerEndpointContainer#0-1] ERROR com.eleicao.core.component.CandidatoListener - Candidato ja existe: papai neymar
2025-05-17 19:48:51.122 [org.springframework.amqp.rabbit.RabbitListenerEndpointContainer#0-1] ERROR com.eleicao.core.component.CandidatoListener - Candidato ja existe: papai neymar
2025-05-17 19:48:51.126 [org.springframework.amqp.rabbit.RabbitListenerEndpointContainer#0-1] ERROR com.eleicao.core.component.CandidatoListener - Candidato ja existe: papai neymar
2025-05-17 19:48:51.132 [org.springframework.amqp.rabbit.RabbitListenerEndpointContainer#0-1] ERROR com.eleicao.core.component.CandidatoListener - Candidato ja existe: papai neymar
2025-05-17 19:48:51.137 [org.springframework.amqp.rabbit.RabbitListenerEndpointContainer#0-1] ERROR com.eleicao.core.component.CandidatoListener - Candidato ja existe: papai neymar
2025-05-17 19:48:51.141 [org.springframework.amqp.rabbit.RabbitListenerEndpointContainer#0-1] ERROR com.eleicao.core.component.CandidatoListener - Candidato ja existe: papai neymar
2025-05-17 19:48:51.147 [org.springframework.amqp.rabbit.RabbitListenerEndpointContainer#0-1] ERROR com.eleicao.core.component.CandidatoListener - Candidato ja existe: papai neymar
2025-05-17 19:48:51.153 [org.springframework.amqp.rabbit.RabbitListenerEndpointContainer#0-1] ERROR com.eleicao.core.component.CandidatoListener - Candidato ja existe: papai neymar
2025-05-17 19:48:51.159 [org.springframework.amqp.rabbit.RabbitListenerEndpointContainer#0-1] ERROR com.eleicao.core.component.CandidatoListener - Candidato ja existe: papai neymar
2025-05-17 19:48:51.165 [org.springframework.amqp.rabbit.RabbitListenerEndpointContainer#0-1] ERROR com.eleicao.core.component.CandidatoListener - Candidato ja existe: papai neymar
2025-05-17 19:48:51.170 [org.springframework.amqp.rabbit.RabbitListenerEndpointContainer#0-1] ERROR com.eleicao.core.component.CandidatoListener - Candidato ja existe: papai neymar
2025-05-17 19:48:51.175 [org.springframework.amqp.rabbit.RabbitListenerEndpointContainer#0-1] ERROR com.eleicao.core.component.CandidatoListener - Candidato ja existe: papai neymar
2025-05-17 19:48:51.180 [org.springframework.amqp.rabbit.RabbitListenerEndpointContainer#0-1] ERROR com.eleicao.core.component.CandidatoListener - Candidato ja existe: papai neymar
2025-05-17 19:48:51.186 [org.springframework.amqp.rabbit.RabbitListenerEndpointContainer#0-1] ERROR com.eleicao.core.component.CandidatoListener - Candidato ja existe: papai neymar
2025-05-17 19:48:51.190 [org.springframework.amqp.rabbit.RabbitListenerEndpointContainer#0-1] ERROR com.eleicao.core.component.CandidatoListener - Candidato ja existe: papai neymar
2025-05-17 19:48:51.195 [org.springframework.amqp.rabbit.RabbitListenerEndpointContainer#0-1] ERROR com.eleicao.core.component.CandidatoListener - Candidato ja existe: papai neymar
2025-05-17 19:48:51.200 [org.springframework.amqp.rabbit.RabbitListenerEndpointContainer#0-1] ERROR com.eleicao.core.component.CandidatoListener - Candidato ja existe: papai neymar
2025-05-17 19:48:51.205 [org.springframework.amqp.rabbit.RabbitListenerEndpointContainer#0-1] ERROR com.eleicao.core.component.CandidatoListener - Candidato ja existe: papai neymar
2025-05-17 19:48:51.211 [org.springframework.amqp.rabbit.RabbitListenerEndpointContainer#0-1] ERROR com.eleicao.core.component.CandidatoListener - Candidato ja existe: papai neymar
2025-05-17 19:48:51.216 [org.springframework.amqp.rabbit.RabbitListenerEndpointContainer#0-1] ERROR com.eleicao.core.component.CandidatoListener - Candidato ja existe: papai neymar
2025-05-17 19:48:51.222 [org.springframework.amqp.rabbit.RabbitListenerEndpointContainer#0-1] ERROR com.eleicao.core.component.CandidatoListener - Candidato ja existe: papai neymar
2025-05-17 19:48:51.227 [org.springframework.amqp.rabbit.RabbitListenerEndpointContainer#0-1] ERROR com.eleicao.core.component.CandidatoListener - Candidato ja existe: papai neymar
2025-05-17 19:48:51.232 [org.springframework.amqp.rabbit.RabbitListenerEndpointContainer#0-1] ERROR com.eleicao.core.component.CandidatoListener - Candidato ja existe: papai neymar
2025-05-17 19:48:51.238 [org.springframework.amqp.rabbit.RabbitListenerEndpointContainer#0-1] ERROR com.eleicao.core.component.CandidatoListener - Candidato ja existe: papai neymar
2025-05-17 19:48:51.243 [org.springframework.amqp.rabbit.RabbitListenerEndpointContainer#0-1] ERROR com.eleicao.core.component.CandidatoListener - Candidato ja existe: papai neymar
2025-05-17 19:48:51.248 [org.springframework.amqp.rabbit.RabbitListenerEndpointContainer#0-1] ERROR com.eleicao.core.component.CandidatoListener - Candidato ja existe: papai neymar
2025-05-17 19:48:51.254 [org.springframework.amqp.rabbit.RabbitListenerEndpointContainer#0-1] ERROR com.eleicao.core.component.CandidatoListener - Candidato ja existe: papai neymar
2025-05-17 19:48:51.259 [org.springframework.amqp.rabbit.RabbitListenerEndpointContainer#0-1] ERROR com.eleicao.core.component.CandidatoListener - Candidato ja existe: papai neymar
2025-05-17 19:48:51.264 [org.springframework.amqp.rabbit.RabbitListenerEndpointContainer#0-1] ERROR com.eleicao.core.component.CandidatoListener - Candidato ja existe: papai neymar
2025-05-17 19:48:51.271 [org.springframework.amqp.rabbit.RabbitListenerEndpointContainer#0-1] ERROR com.eleicao.core.component.CandidatoListener - Candidato ja existe: papai neymar
2025-05-17 19:48:51.278 [org.springframework.amqp.rabbit.RabbitListenerEndpointContainer#0-1] ERROR com.eleicao.core.component.CandidatoListener - Candidato ja existe: papai neymar
2025-05-17 19:48:51.284 [org.springframework.amqp.rabbit.RabbitListenerEndpointContainer#0-1] ERROR com.eleicao.core.component.CandidatoListener - Candidato ja existe: papai neymar
2025-05-17 19:48:51.290 [org.springframework.amqp.rabbit.RabbitListenerEndpointContainer#0-1] ERROR com.eleicao.core.component.CandidatoListener - Candidato ja existe: papai neymar
2025-05-17 19:48:51.297 [org.springframework.amqp.rabbit.RabbitListenerEndpointContainer#0-1] ERROR com.eleicao.core.component.CandidatoListener - Candidato ja existe: papai neymar
2025-05-17 19:48:51.303 [org.springframework.amqp.rabbit.RabbitListenerEndpointContainer#0-1] ERROR com.eleicao.core.component.CandidatoListener - Candidato ja existe: papai neymar
2025-05-17 19:48:51.308 [org.springframework.amqp.rabbit.RabbitListenerEndpointContainer#0-1] ERROR com.eleicao.core.component.CandidatoListener - Candidato ja existe: papai neymar
2025-05-17 19:48:51.311 [org.springframework.amqp.rabbit.RabbitListenerEndpointContainer#0-1] ERROR com.eleicao.core.component.CandidatoListener - Candidato ja existe: papai neymar
2025-05-17 19:48:51.316 [org.springframework.amqp.rabbit.RabbitListenerEndpointContainer#0-1] ERROR com.eleicao.core.component.CandidatoListener - Candidato ja existe: papai neymar
2025-05-17 19:48:51.321 [org.springframework.amqp.rabbit.RabbitListenerEndpointContainer#0-1] ERROR com.eleicao.core.component.CandidatoListener - Candidato ja existe: papai neymar
2025-05-17 19:48:51.325 [org.springframework.amqp.rabbit.RabbitListenerEndpointContainer#0-1] ERROR com.eleicao.core.component.CandidatoListener - Candidato ja existe: papai neymar
2025-05-17 19:48:51.329 [org.springframework.amqp.rabbit.RabbitListenerEndpointContainer#0-1] ERROR com.eleicao.core.component.CandidatoListener - Candidato ja existe: papai neymar
2025-05-17 19:48:51.333 [org.springframework.amqp.rabbit.RabbitListenerEndpointContainer#0-1] ERROR com.eleicao.core.component.CandidatoListener - Candidato ja existe: papai neymar
2025-05-17 19:48:51.338 [org.springframework.amqp.rabbit.RabbitListenerEndpointContainer#0-1] ERROR com.eleicao.core.component.CandidatoListener - Candidato ja existe: papai neymar
2025-05-17 19:48:51.343 [org.springframework.amqp.rabbit.RabbitListenerEndpointContainer#0-1] ERROR com.eleicao.core.component.CandidatoListener - Candidato ja existe: papai neymar
2025-05-17 19:48:51.347 [org.springframework.amqp.rabbit.RabbitListenerEndpointContainer#0-1] ERROR com.eleicao.core.component.CandidatoListener - Candidato ja existe: papai neymar
2025-05-17 19:48:51.352 [org.springframework.amqp.rabbit.RabbitListenerEndpointContainer#0-1] ERROR com.eleicao.core.component.CandidatoListener - Candidato ja existe: papai neymar
2025-05-17 19:48:51.357 [org.springframework.amqp.rabbit.RabbitListenerEndpointContainer#0-1] ERROR com.eleicao.core.component.CandidatoListener - Candidato ja existe: papai neymar
2025-05-17 19:48:51.361 [org.springframework.amqp.rabbit.RabbitListenerEndpointContainer#0-1] ERROR com.eleicao.core.component.CandidatoListener - Candidato ja existe: papai neymar
2025-05-17 19:48:51.365 [org.springframework.amqp.rabbit.RabbitListenerEndpointContainer#0-1] ERROR com.eleicao.core.component.CandidatoListener - Candidato ja existe: papai neymar
2025-05-17 19:48:51.370 [org.springframework.amqp.rabbit.RabbitListenerEndpointContainer#0-1] ERROR com.eleicao.core.component.CandidatoListener - Candidato ja existe: papai neymar
2025-05-17 19:48:51.374 [org.springframework.amqp.rabbit.RabbitListenerEndpointContainer#0-1] ERROR com.eleicao.core.component.CandidatoListener - Candidato ja existe: papai neymar
2025-05-17 19:48:51.377 [org.springframework.amqp.rabbit.RabbitListenerEndpointContainer#0-1] ERROR com.eleicao.core.component.CandidatoListener - Candidato ja existe: papai neymar
2025-05-17 19:48:51.382 [org.springframework.amqp.rabbit.RabbitListenerEndpointContainer#0-1] ERROR com.eleicao.core.component.CandidatoListener - Candidato ja existe: papai neymar
2025-05-17 19:48:51.387 [org.springframework.amqp.rabbit.RabbitListenerEndpointContainer#0-1] ERROR com.eleicao.core.component.CandidatoListener - Candidato ja existe: papai neymar
2025-05-17 19:48:51.391 [org.springframework.amqp.rabbit.RabbitListenerEndpointContainer#0-1] ERROR com.eleicao.core.component.CandidatoListener - Candidato ja existe: papai neymar
2025-05-17 19:48:51.396 [org.springframework.amqp.rabbit.RabbitListenerEndpointContainer#0-1] ERROR com.eleicao.core.component.CandidatoListener - Candidato ja existe: papai neymar
2025-05-17 19:48:51.401 [org.springframework.amqp.rabbit.RabbitListenerEndpointContainer#0-1] ERROR com.eleicao.core.component.CandidatoListener - Candidato ja existe: papai neymar
2025-05-17 19:48:51.405 [org.springframework.amqp.rabbit.RabbitListenerEndpointContainer#0-1] ERROR com.eleicao.core.component.CandidatoListener - Candidato ja existe: papai neymar
2025-05-17 19:48:51.411 [org.springframework.amqp.rabbit.RabbitListenerEndpointContainer#0-1] ERROR com.eleicao.core.component.CandidatoListener - Candidato ja existe: papai neymar
2025-05-17 19:48:51.415 [org.springframework.amqp.rabbit.RabbitListenerEndpointContainer#0-1] ERROR com.eleicao.core.component.CandidatoListener - Candidato ja existe: papai neymar
2025-05-17 19:48:51.420 [org.springframework.amqp.rabbit.RabbitListenerEndpointContainer#0-1] ERROR com.eleicao.core.component.CandidatoListener - Candidato ja existe: papai neymar
2025-05-17 19:48:51.425 [org.springframework.amqp.rabbit.RabbitListenerEndpointContainer#0-1] ERROR com.eleicao.core.component.CandidatoListener - Candidato ja existe: papai neymar
2025-05-17 19:48:51.431 [org.springframework.amqp.rabbit.RabbitListenerEndpointContainer#0-1] ERROR com.eleicao.core.component.CandidatoListener - Candidato ja existe: papai neymar
2025-05-17 19:48:51.437 [org.springframework.amqp.rabbit.RabbitListenerEndpointContainer#0-1] ERROR com.eleicao.core.component.CandidatoListener - Candidato ja existe: papai neymar
2025-05-17 19:48:51.442 [org.springframework.amqp.rabbit.RabbitListenerEndpointContainer#0-1] ERROR com.eleicao.core.component.CandidatoListener - Candidato ja existe: papai neymar
2025-05-17 19:48:51.446 [org.springframework.amqp.rabbit.RabbitListenerEndpointContainer#0-1] ERROR com.eleicao.core.component.CandidatoListener - Candidato ja existe: papai neymar
2025-05-17 19:48:51.452 [org.springframework.amqp.rabbit.RabbitListenerEndpointContainer#0-1] ERROR com.eleicao.core.component.CandidatoListener - Candidato ja existe: papai neymar
2025-05-17 19:48:51.457 [org.springframework.amqp.rabbit.RabbitListenerEndpointContainer#0-1] ERROR com.eleicao.core.component.CandidatoListener - Candidato ja existe: papai neymar
2025-05-17 19:48:51.462 [org.springframework.amqp.rabbit.RabbitListenerEndpointContainer#0-1] ERROR com.eleicao.core.component.CandidatoListener - Candidato ja existe: papai neymar
2025-05-17 19:48:51.467 [org.springframework.amqp.rabbit.RabbitListenerEndpointContainer#0-1] ERROR com.eleicao.core.component.CandidatoListener - Candidato ja existe: papai neymar
2025-05-17 19:48:51.472 [org.springframework.amqp.rabbit.RabbitListenerEndpointContainer#0-1] ERROR com.eleicao.core.component.CandidatoListener - Candidato ja existe: papai neymar
2025-05-17 19:48:51.478 [org.springframework.amqp.rabbit.RabbitListenerEndpointContainer#0-1] ERROR com.eleicao.core.component.CandidatoListener - Candidato ja existe: papai neymar
2025-05-17 19:48:51.483 [org.springframework.amqp.rabbit.RabbitListenerEndpointContainer#0-1] ERROR com.eleicao.core.component.CandidatoListener - Candidato ja existe: papai neymar
2025-05-17 19:48:51.489 [org.springframework.amqp.rabbit.RabbitListenerEndpointContainer#0-1] ERROR com.eleicao.core.component.CandidatoListener - Candidato ja existe: papai neymar
2025-05-17 19:48:51.494 [org.springframework.amqp.rabbit.RabbitListenerEndpointContainer#0-1] ERROR com.eleicao.core.component.CandidatoListener - Candidato ja existe: papai neymar
2025-05-17 19:48:51.499 [org.springframework.amqp.rabbit.RabbitListenerEndpointContainer#0-1] ERROR com.eleicao.core.component.CandidatoListener - Candidato ja existe: papai neymar
2025-05-17 19:48:51.504 [org.springframework.amqp.rabbit.RabbitListenerEndpointContainer#0-1] ERROR com.eleicao.core.component.CandidatoListener - Candidato ja existe: papai neymar
2025-05-17 19:48:51.509 [org.springframework.amqp.rabbit.RabbitListenerEndpointContainer#0-1] ERROR com.eleicao.core.component.CandidatoListener - Candidato ja existe: papai neymar
2025-05-17 19:48:51.514 [org.springframework.amqp.rabbit.RabbitListenerEndpointContainer#0-1] ERROR com.eleicao.core.component.CandidatoListener - Candidato ja existe: papai neymar
2025-05-17 19:48:51.519 [org.springframework.amqp.rabbit.RabbitListenerEndpointContainer#0-1] ERROR com.eleicao.core.component.CandidatoListener - Candidato ja existe: papai neymar
2025-05-17 19:48:51.524 [org.springframework.amqp.rabbit.RabbitListenerEndpointContainer#0-1] ERROR com.eleicao.core.component.CandidatoListener - Candidato ja existe: papai neymar
2025-05-17 19:48:51.529 [org.springframework.amqp.rabbit.RabbitListenerEndpointContainer#0-1] ERROR com.eleicao.core.component.CandidatoListener - Candidato ja existe: papai neymar
2025-05-17 19:48:51.534 [org.springframework.amqp.rabbit.RabbitListenerEndpointContainer#0-1] ERROR com.eleicao.core.component.CandidatoListener - Candidato ja existe: papai neymar
2025-05-17 19:48:51.539 [org.springframework.amqp.rabbit.RabbitListenerEndpointContainer#0-1] ERROR com.eleicao.core.component.CandidatoListener - Candidato ja existe: papai neymar
2025-05-17 19:48:51.544 [org.springframework.amqp.rabbit.RabbitListenerEndpointContainer#0-1] ERROR com.eleicao.core.component.CandidatoListener - Candidato ja existe: papai neymar
2025-05-17 19:48:51.549 [org.springframework.amqp.rabbit.RabbitListenerEndpointContainer#0-1] ERROR com.eleicao.core.component.CandidatoListener - Candidato ja existe: papai neymar
2025-05-17 19:48:51.553 [org.springframework.amqp.rabbit.RabbitListenerEndpointContainer#0-1] ERROR com.eleicao.core.component.CandidatoListener - Candidato ja existe: papai neymar
2025-05-17 19:48:51.557 [org.springframework.amqp.rabbit.RabbitListenerEndpointContainer#0-1] ERROR com.eleicao.core.component.CandidatoListener - Candidato ja existe: papai neymar
2025-05-17 19:48:51.560 [org.springframework.amqp.rabbit.RabbitListenerEndpointContainer#0-1] ERROR com.eleicao.core.component.CandidatoListener - Candidato ja existe: papai neymar
2025-05-17 19:48:51.564 [org.springframework.amqp.rabbit.RabbitListenerEndpointContainer#0-1] ERROR com.eleicao.core.component.CandidatoListener - Candidato ja existe: papai neymar
2025-05-17 19:48:51.569 [org.springframework.amqp.rabbit.RabbitListenerEndpointContainer#0-1] ERROR com.eleicao.core.component.CandidatoListener - Candidato ja existe: papai neymar
2025-05-17 19:48:51.573 [org.springframework.amqp.rabbit.RabbitListenerEndpointContainer#0-1] ERROR com.eleicao.core.component.CandidatoListener - Candidato ja existe: papai neymar
2025-05-17 19:48:51.577 [org.springframework.amqp.rabbit.RabbitListenerEndpointContainer#0-1] ERROR com.eleicao.core.component.CandidatoListener - Candidato ja existe: papai neymar
2025-05-17 19:48:51.580 [org.springframework.amqp.rabbit.RabbitListenerEndpointContainer#0-1] ERROR com.eleicao.core.component.CandidatoListener - Candidato ja existe: papai neymar
2025-05-17 19:48:51.585 [org.springframework.amqp.rabbit.RabbitListenerEndpointContainer#0-1] ERROR com.eleicao.core.component.CandidatoListener - Candidato ja existe: papai neymar
2025-05-17 19:48:51.588 [org.springframework.amqp.rabbit.RabbitListenerEndpointContainer#0-1] ERROR com.eleicao.core.component.CandidatoListener - Candidato ja existe: papai neymar
2025-05-17 19:48:51.591 [org.springframework.amqp.rabbit.RabbitListenerEndpointContainer#0-1] ERROR com.eleicao.core.component.CandidatoListener - Candidato ja existe: papai neymar
2025-05-17 19:48:51.595 [org.springframework.amqp.rabbit.RabbitListenerEndpointContainer#0-1] ERROR com.eleicao.core.component.CandidatoListener - Candidato ja existe: papai neymar
2025-05-17 19:48:51.599 [org.springframework.amqp.rabbit.RabbitListenerEndpointContainer#0-1] ERROR com.eleicao.core.component.CandidatoListener - Candidato ja existe: papai neymar
2025-05-17 19:48:51.603 [org.springframework.amqp.rabbit.RabbitListenerEndpointContainer#0-1] ERROR com.eleicao.core.component.CandidatoListener - Candidato ja existe: papai neymar
2025-05-17 19:48:51.606 [org.springframework.amqp.rabbit.RabbitListenerEndpointContainer#0-1] ERROR com.eleicao.core.component.CandidatoListener - Candidato ja existe: papai neymar
2025-05-17 19:48:51.610 [org.springframework.amqp.rabbit.RabbitListenerEndpointContainer#0-1] ERROR com.eleicao.core.component.CandidatoListener - Candidato ja existe: papai neymar
2025-05-17 19:48:51.615 [org.springframework.amqp.rabbit.RabbitListenerEndpointContainer#0-1] ERROR com.eleicao.core.component.CandidatoListener - Candidato ja existe: papai neymar
2025-05-17 19:48:51.621 [org.springframework.amqp.rabbit.RabbitListenerEndpointContainer#0-1] ERROR com.eleicao.core.component.CandidatoListener - Candidato ja existe: papai neymar
2025-05-17 19:48:51.625 [org.springframework.amqp.rabbit.RabbitListenerEndpointContainer#0-1] ERROR com.eleicao.core.component.CandidatoListener - Candidato ja existe: papai neymar
2025-05-17 19:48:51.630 [org.springframework.amqp.rabbit.RabbitListenerEndpointContainer#0-1] ERROR com.eleicao.core.component.CandidatoListener - Candidato ja existe: papai neymar
2025-05-17 19:48:51.635 [org.springframework.amqp.rabbit.RabbitListenerEndpointContainer#0-1] ERROR com.eleicao.core.component.CandidatoListener - Candidato ja existe: papai neymar
2025-05-17 19:48:51.641 [org.springframework.amqp.rabbit.RabbitListenerEndpointContainer#0-1] ERROR com.eleicao.core.component.CandidatoListener - Candidato ja existe: papai neymar
2025-05-17 19:48:51.646 [org.springframework.amqp.rabbit.RabbitListenerEndpointContainer#0-1] ERROR com.eleicao.core.component.CandidatoListener - Candidato ja existe: papai neymar
2025-05-17 19:48:51.652 [org.springframework.amqp.rabbit.RabbitListenerEndpointContainer#0-1] ERROR com.eleicao.core.component.CandidatoListener - Candidato ja existe: papai neymar
2025-05-17 19:48:51.657 [org.springframework.amqp.rabbit.RabbitListenerEndpointContainer#0-1] ERROR com.eleicao.core.component.CandidatoListener - Candidato ja existe: papai neymar
2025-05-17 19:48:51.662 [org.springframework.amqp.rabbit.RabbitListenerEndpointContainer#0-1] ERROR com.eleicao.core.component.CandidatoListener - Candidato ja existe: papai neymar
2025-05-17 19:48:51.668 [org.springframework.amqp.rabbit.RabbitListenerEndpointContainer#0-1] ERROR com.eleicao.core.component.CandidatoListener - Candidato ja existe: papai neymar
2025-05-17 19:48:51.673 [org.springframework.amqp.rabbit.RabbitListenerEndpointContainer#0-1] ERROR com.eleicao.core.component.CandidatoListener - Candidato ja existe: papai neymar
2025-05-17 19:48:51.678 [org.springframework.amqp.rabbit.RabbitListenerEndpointContainer#0-1] ERROR com.eleicao.core.component.CandidatoListener - Candidato ja existe: papai neymar
2025-05-17 19:48:51.685 [org.springframework.amqp.rabbit.RabbitListenerEndpointContainer#0-1] ERROR com.eleicao.core.component.CandidatoListener - Candidato ja existe: papai neymar
2025-05-17 19:48:51.693 [org.springframework.amqp.rabbit.RabbitListenerEndpointContainer#0-1] ERROR com.eleicao.core.component.CandidatoListener - Candidato ja existe: papai neymar
2025-05-17 19:48:51.700 [org.springframework.amqp.rabbit.RabbitListenerEndpointContainer#0-1] ERROR com.eleicao.core.component.CandidatoListener - Candidato ja existe: papai neymar
2025-05-17 19:48:51.705 [org.springframework.amqp.rabbit.RabbitListenerEndpointContainer#0-1] ERROR com.eleicao.core.component.CandidatoListener - Candidato ja existe: papai neymar
2025-05-17 19:48:51.709 [org.springframework.amqp.rabbit.RabbitListenerEndpointContainer#0-1] ERROR com.eleicao.core.component.CandidatoListener - Candidato ja existe: papai neymar
2025-05-17 19:48:51.714 [org.springframework.amqp.rabbit.RabbitListenerEndpointContainer#0-1] ERROR com.eleicao.core.component.CandidatoListener - Candidato ja existe: papai neymar
2025-05-17 19:48:51.720 [org.springframework.amqp.rabbit.RabbitListenerEndpointContainer#0-1] ERROR com.eleicao.core.component.CandidatoListener - Candidato ja existe: papai neymar
2025-05-17 19:48:51.725 [org.springframework.amqp.rabbit.RabbitListenerEndpointContainer#0-1] ERROR com.eleicao.core.component.CandidatoListener - Candidato ja existe: papai neymar
2025-05-17 19:48:51.729 [org.springframework.amqp.rabbit.RabbitListenerEndpointContainer#0-1] ERROR com.eleicao.core.component.CandidatoListener - Candidato ja existe: papai neymar
2025-05-17 19:48:51.735 [org.springframework.amqp.rabbit.RabbitListenerEndpointContainer#0-1] ERROR com.eleicao.core.component.CandidatoListener - Candidato ja existe: papai neymar
2025-05-17 19:48:51.740 [org.springframework.amqp.rabbit.RabbitListenerEndpointContainer#0-1] ERROR com.eleicao.core.component.CandidatoListener - Candidato ja existe: papai neymar
2025-05-17 19:48:51.744 [org.springframework.amqp.rabbit.RabbitListenerEndpointContainer#0-1] ERROR com.eleicao.core.component.CandidatoListener - Candidato ja existe: papai neymar
2025-05-17 19:48:51.748 [org.springframework.amqp.rabbit.RabbitListenerEndpointContainer#0-1] ERROR com.eleicao.core.component.CandidatoListener - Candidato ja existe: papai neymar
2025-05-17 19:48:51.752 [org.springframework.amqp.rabbit.RabbitListenerEndpointContainer#0-1] ERROR com.eleicao.core.component.CandidatoListener - Candidato ja existe: papai neymar
2025-05-17 19:48:51.756 [org.springframework.amqp.rabbit.RabbitListenerEndpointContainer#0-1] ERROR com.eleicao.core.component.CandidatoListener - Candidato ja existe: papai neymar
2025-05-17 19:48:51.759 [org.springframework.amqp.rabbit.RabbitListenerEndpointContainer#0-1] ERROR com.eleicao.core.component.CandidatoListener - Candidato ja existe: papai neymar
2025-05-17 19:48:51.763 [org.springframework.amqp.rabbit.RabbitListenerEndpointContainer#0-1] ERROR com.eleicao.core.component.CandidatoListener - Candidato ja existe: papai neymar
2025-05-17 19:48:51.768 [org.springframework.amqp.rabbit.RabbitListenerEndpointContainer#0-1] ERROR com.eleicao.core.component.CandidatoListener - Candidato ja existe: papai neymar
2025-05-17 19:48:51.772 [org.springframework.amqp.rabbit.RabbitListenerEndpointContainer#0-1] ERROR com.eleicao.core.component.CandidatoListener - Candidato ja existe: papai neymar
2025-05-17 19:48:51.778 [org.springframework.amqp.rabbit.RabbitListenerEndpointContainer#0-1] ERROR com.eleicao.core.component.CandidatoListener - Candidato ja existe: papai neymar
2025-05-17 19:48:51.784 [org.springframework.amqp.rabbit.RabbitListenerEndpointContainer#0-1] ERROR com.eleicao.core.component.CandidatoListener - Candidato ja existe: papai neymar
2025-05-17 19:48:51.787 [org.springframework.amqp.rabbit.RabbitListenerEndpointContainer#0-1] ERROR com.eleicao.core.component.CandidatoListener - Candidato ja existe: papai neymar
2025-05-17 19:48:51.790 [org.springframework.amqp.rabbit.RabbitListenerEndpointContainer#0-1] ERROR com.eleicao.core.component.CandidatoListener - Candidato ja existe: papai neymar
2025-05-17 19:48:51.793 [org.springframework.amqp.rabbit.RabbitListenerEndpointContainer#0-1] ERROR com.eleicao.core.component.CandidatoListener - Candidato ja existe: papai neymar
2025-05-17 19:48:51.796 [org.springframework.amqp.rabbit.RabbitListenerEndpointContainer#0-1] ERROR com.eleicao.core.component.CandidatoListener - Candidato ja existe: papai neymar
2025-05-17 19:48:51.800 [org.springframework.amqp.rabbit.RabbitListenerEndpointContainer#0-1] ERROR com.eleicao.core.component.CandidatoListener - Candidato ja existe: papai neymar
2025-05-17 19:48:51.803 [org.springframework.amqp.rabbit.RabbitListenerEndpointContainer#0-1] ERROR com.eleicao.core.component.CandidatoListener - Candidato ja existe: papai neymar
2025-05-17 19:48:51.808 [org.springframework.amqp.rabbit.RabbitListenerEndpointContainer#0-1] ERROR com.eleicao.core.component.CandidatoListener - Candidato ja existe: papai neymar
2025-05-17 19:48:51.811 [org.springframework.amqp.rabbit.RabbitListenerEndpointContainer#0-1] ERROR com.eleicao.core.component.CandidatoListener - Candidato ja existe: papai neymar
2025-05-17 19:48:51.815 [org.springframework.amqp.rabbit.RabbitListenerEndpointContainer#0-1] ERROR com.eleicao.core.component.CandidatoListener - Candidato ja existe: papai neymar
2025-05-17 19:48:51.819 [org.springframework.amqp.rabbit.RabbitListenerEndpointContainer#0-1] ERROR com.eleicao.core.component.CandidatoListener - Candidato ja existe: papai neymar
2025-05-17 19:48:51.823 [org.springframework.amqp.rabbit.RabbitListenerEndpointContainer#0-1] ERROR com.eleicao.core.component.CandidatoListener - Candidato ja existe: papai neymar
2025-05-17 19:48:51.826 [org.springframework.amqp.rabbit.RabbitListenerEndpointContainer#0-1] ERROR com.eleicao.core.component.CandidatoListener - Candidato ja existe: papai neymar
2025-05-17 19:48:51.828 [org.springframework.amqp.rabbit.RabbitListenerEndpointContainer#0-1] ERROR com.eleicao.core.component.CandidatoListener - Candidato ja existe: papai neymar
2025-05-17 19:48:51.832 [org.springframework.amqp.rabbit.RabbitListenerEndpointContainer#0-1] ERROR com.eleicao.core.component.CandidatoListener - Candidato ja existe: papai neymar
2025-05-17 19:48:51.837 [org.springframework.amqp.rabbit.RabbitListenerEndpointContainer#0-1] ERROR com.eleicao.core.component.CandidatoListener - Candidato ja existe: papai neymar
2025-05-17 19:48:51.841 [org.springframework.amqp.rabbit.RabbitListenerEndpointContainer#0-1] ERROR com.eleicao.core.component.CandidatoListener - Candidato ja existe: papai neymar
2025-05-17 19:48:51.845 [org.springframework.amqp.rabbit.RabbitListenerEndpointContainer#0-1] ERROR com.eleicao.core.component.CandidatoListener - Candidato ja existe: papai neymar
2025-05-17 19:48:51.850 [org.springframework.amqp.rabbit.RabbitListenerEndpointContainer#0-1] ERROR com.eleicao.core.component.CandidatoListener - Candidato ja existe: papai neymar
2025-05-17 19:48:51.853 [org.springframework.amqp.rabbit.RabbitListenerEndpointContainer#0-1] ERROR com.eleicao.core.component.CandidatoListener - Candidato ja existe: papai neymar
2025-05-17 19:48:51.856 [org.springframework.amqp.rabbit.RabbitListenerEndpointContainer#0-1] ERROR com.eleicao.core.component.CandidatoListener - Candidato ja existe: papai neymar
2025-05-17 19:48:51.858 [org.springframework.amqp.rabbit.RabbitListenerEndpointContainer#0-1] ERROR com.eleicao.core.component.CandidatoListener - Candidato ja existe: papai neymar
2025-05-17 19:48:51.862 [org.springframework.amqp.rabbit.RabbitListenerEndpointContainer#0-1] ERROR com.eleicao.core.component.CandidatoListener - Candidato ja existe: papai neymar
2025-05-17 19:48:51.866 [org.springframework.amqp.rabbit.RabbitListenerEndpointContainer#0-1] ERROR com.eleicao.core.component.CandidatoListener - Candidato ja existe: papai neymar
2025-05-17 19:48:51.870 [org.springframework.amqp.rabbit.RabbitListenerEndpointContainer#0-1] ERROR com.eleicao.core.component.CandidatoListener - Candidato ja existe: papai neymar
2025-05-17 19:48:51.876 [org.springframework.amqp.rabbit.RabbitListenerEndpointContainer#0-1] ERROR com.eleicao.core.component.CandidatoListener - Candidato ja existe: papai neymar
2025-05-17 19:48:51.882 [org.springframework.amqp.rabbit.RabbitListenerEndpointContainer#0-1] ERROR com.eleicao.core.component.CandidatoListener - Candidato ja existe: papai neymar
2025-05-17 19:48:51.887 [org.springframework.amqp.rabbit.RabbitListenerEndpointContainer#0-1] ERROR com.eleicao.core.component.CandidatoListener - Candidato ja existe: papai neymar
2025-05-17 19:48:51.893 [org.springframework.amqp.rabbit.RabbitListenerEndpointContainer#0-1] ERROR com.eleicao.core.component.CandidatoListener - Candidato ja existe: papai neymar
2025-05-17 19:48:51.896 [org.springframework.amqp.rabbit.RabbitListenerEndpointContainer#0-1] ERROR com.eleicao.core.component.CandidatoListener - Candidato ja existe: papai neymar
2025-05-17 19:48:51.902 [org.springframework.amqp.rabbit.RabbitListenerEndpointContainer#0-1] ERROR com.eleicao.core.component.CandidatoListener - Candidato ja existe: papai neymar
2025-05-17 19:48:51.906 [org.springframework.amqp.rabbit.RabbitListenerEndpointContainer#0-1] ERROR com.eleicao.core.component.CandidatoListener - Candidato ja existe: papai neymar
2025-05-17 19:48:51.912 [org.springframework.amqp.rabbit.RabbitListenerEndpointContainer#0-1] ERROR com.eleicao.core.component.CandidatoListener - Candidato ja existe: papai neymar
2025-05-17 19:48:51.919 [org.springframework.amqp.rabbit.RabbitListenerEndpointContainer#0-1] ERROR com.eleicao.core.component.CandidatoListener - Candidato ja existe: papai neymar
2025-05-17 19:48:51.924 [org.springframework.amqp.rabbit.RabbitListenerEndpointContainer#0-1] ERROR com.eleicao.core.component.CandidatoListener - Candidato ja existe: papai neymar
2025-05-17 19:48:51.929 [org.springframework.amqp.rabbit.RabbitListenerEndpointContainer#0-1] ERROR com.eleicao.core.component.CandidatoListener - Candidato ja existe: papai neymar
2025-05-17 19:48:51.935 [org.springframework.amqp.rabbit.RabbitListenerEndpointContainer#0-1] ERROR com.eleicao.core.component.CandidatoListener - Candidato ja existe: papai neymar
2025-05-17 19:48:51.939 [org.springframework.amqp.rabbit.RabbitListenerEndpointContainer#0-1] ERROR com.eleicao.core.component.CandidatoListener - Candidato ja existe: papai neymar
2025-05-17 19:48:51.943 [org.springframework.amqp.rabbit.RabbitListenerEndpointContainer#0-1] ERROR com.eleicao.core.component.CandidatoListener - Candidato ja existe: papai neymar
2025-05-17 19:48:51.949 [org.springframework.amqp.rabbit.RabbitListenerEndpointContainer#0-1] ERROR com.eleicao.core.component.CandidatoListener - Candidato ja existe: papai neymar
2025-05-17 19:48:51.955 [org.springframework.amqp.rabbit.RabbitListenerEndpointContainer#0-1] ERROR com.eleicao.core.component.CandidatoListener - Candidato ja existe: papai neymar
2025-05-17 19:48:51.960 [org.springframework.amqp.rabbit.RabbitListenerEndpointContainer#0-1] ERROR com.eleicao.core.component.CandidatoListener - Candidato ja existe: papai neymar
2025-05-17 19:48:51.965 [org.springframework.amqp.rabbit.RabbitListenerEndpointContainer#0-1] ERROR com.eleicao.core.component.CandidatoListener - Candidato ja existe: papai neymar
2025-05-17 19:48:51.971 [org.springframework.amqp.rabbit.RabbitListenerEndpointContainer#0-1] ERROR com.eleicao.core.component.CandidatoListener - Candidato ja existe: papai neymar
2025-05-17 19:48:51.975 [org.springframework.amqp.rabbit.RabbitListenerEndpointContainer#0-1] ERROR com.eleicao.core.component.CandidatoListener - Candidato ja existe: papai neymar
2025-05-17 19:48:51.979 [org.springframework.amqp.rabbit.RabbitListenerEndpointContainer#0-1] ERROR com.eleicao.core.component.CandidatoListener - Candidato ja existe: papai neymar
2025-05-17 19:48:51.986 [org.springframework.amqp.rabbit.RabbitListenerEndpointContainer#0-1] ERROR com.eleicao.core.component.CandidatoListener - Candidato ja existe: papai neymar
2025-05-17 19:48:51.990 [org.springframework.amqp.rabbit.RabbitListenerEndpointContainer#0-1] ERROR com.eleicao.core.component.CandidatoListener - Candidato ja existe: papai neymar
2025-05-17 19:48:51.995 [org.springframework.amqp.rabbit.RabbitListenerEndpointContainer#0-1] ERROR com.eleicao.core.component.CandidatoListener - Candidato ja existe: papai neymar
2025-05-17 19:48:52.001 [org.springframework.amqp.rabbit.RabbitListenerEndpointContainer#0-1] ERROR com.eleicao.core.component.CandidatoListener - Candidato ja existe: papai neymar
2025-05-17 19:48:52.005 [org.springframework.amqp.rabbit.RabbitListenerEndpointContainer#0-1] ERROR com.eleicao.core.component.CandidatoListener - Candidato ja existe: papai neymar
2025-05-17 19:48:52.011 [org.springframework.amqp.rabbit.RabbitListenerEndpointContainer#0-1] ERROR com.eleicao.core.component.CandidatoListener - Candidato ja existe: papai neymar
2025-05-17 19:48:52.015 [org.springframework.amqp.rabbit.RabbitListenerEndpointContainer#0-1] ERROR com.eleicao.core.component.CandidatoListener - Candidato ja existe: papai neymar
2025-05-17 19:48:52.020 [org.springframework.amqp.rabbit.RabbitListenerEndpointContainer#0-1] ERROR com.eleicao.core.component.CandidatoListener - Candidato ja existe: papai neymar
2025-05-17 19:48:52.025 [org.springframework.amqp.rabbit.RabbitListenerEndpointContainer#0-1] ERROR com.eleicao.core.component.CandidatoListener - Candidato ja existe: papai neymar
2025-05-17 19:48:52.028 [org.springframework.amqp.rabbit.RabbitListenerEndpointContainer#0-1] ERROR com.eleicao.core.component.CandidatoListener - Candidato ja existe: papai neymar
2025-05-17 19:48:52.031 [org.springframework.amqp.rabbit.RabbitListenerEndpointContainer#0-1] ERROR com.eleicao.core.component.CandidatoListener - Candidato ja existe: papai neymar
2025-05-17 19:48:52.035 [org.springframework.amqp.rabbit.RabbitListenerEndpointContainer#0-1] ERROR com.eleicao.core.component.CandidatoListener - Candidato ja existe: papai neymar
2025-05-17 19:48:52.038 [org.springframework.amqp.rabbit.RabbitListenerEndpointContainer#0-1] ERROR com.eleicao.core.component.CandidatoListener - Candidato ja existe: papai neymar
2025-05-17 19:48:52.042 [org.springframework.amqp.rabbit.RabbitListenerEndpointContainer#0-1] ERROR com.eleicao.core.component.CandidatoListener - Candidato ja existe: papai neymar
2025-05-17 19:48:52.045 [org.springframework.amqp.rabbit.RabbitListenerEndpointContainer#0-1] ERROR com.eleicao.core.component.CandidatoListener - Candidato ja existe: papai neymar
2025-05-17 19:48:52.051 [org.springframework.amqp.rabbit.RabbitListenerEndpointContainer#0-1] ERROR com.eleicao.core.component.CandidatoListener - Candidato ja existe: papai neymar
2025-05-17 19:48:52.056 [org.springframework.amqp.rabbit.RabbitListenerEndpointContainer#0-1] ERROR com.eleicao.core.component.CandidatoListener - Candidato ja existe: papai neymar
2025-05-17 19:48:52.060 [org.springframework.amqp.rabbit.RabbitListenerEndpointContainer#0-1] ERROR com.eleicao.core.component.CandidatoListener - Candidato ja existe: papai neymar
2025-05-17 19:48:52.065 [org.springframework.amqp.rabbit.RabbitListenerEndpointContainer#0-1] ERROR com.eleicao.core.component.CandidatoListener - Candidato ja existe: papai neymar
2025-05-17 19:48:52.069 [org.springframework.amqp.rabbit.RabbitListenerEndpointContainer#0-1] ERROR com.eleicao.core.component.CandidatoListener - Candidato ja existe: papai neymar
2025-05-17 19:48:52.074 [org.springframework.amqp.rabbit.RabbitListenerEndpointContainer#0-1] ERROR com.eleicao.core.component.CandidatoListener - Candidato ja existe: papai neymar
2025-05-17 19:48:52.078 [org.springframework.amqp.rabbit.RabbitListenerEndpointContainer#0-1] ERROR com.eleicao.core.component.CandidatoListener - Candidato ja existe: papai neymar
2025-05-17 19:48:52.083 [org.springframework.amqp.rabbit.RabbitListenerEndpointContainer#0-1] ERROR com.eleicao.core.component.CandidatoListener - Candidato ja existe: papai neymar
2025-05-17 19:48:52.089 [org.springframework.amqp.rabbit.RabbitListenerEndpointContainer#0-1] ERROR com.eleicao.core.component.CandidatoListener - Candidato ja existe: papai neymar
2025-05-17 19:48:52.093 [org.springframework.amqp.rabbit.RabbitListenerEndpointContainer#0-1] ERROR com.eleicao.core.component.CandidatoListener - Candidato ja existe: papai neymar
2025-05-17 19:48:52.098 [org.springframework.amqp.rabbit.RabbitListenerEndpointContainer#0-1] ERROR com.eleicao.core.component.CandidatoListener - Candidato ja existe: papai neymar
2025-05-17 19:48:52.103 [org.springframework.amqp.rabbit.RabbitListenerEndpointContainer#0-1] ERROR com.eleicao.core.component.CandidatoListener - Candidato ja existe: papai neymar
2025-05-17 19:48:52.107 [org.springframework.amqp.rabbit.RabbitListenerEndpointContainer#0-1] ERROR com.eleicao.core.component.CandidatoListener - Candidato ja existe: papai neymar
2025-05-17 19:48:52.110 [org.springframework.amqp.rabbit.RabbitListenerEndpointContainer#0-1] ERROR com.eleicao.core.component.CandidatoListener - Candidato ja existe: papai neymar
2025-05-17 19:48:52.115 [org.springframework.amqp.rabbit.RabbitListenerEndpointContainer#0-1] ERROR com.eleicao.core.component.CandidatoListener - Candidato ja existe: papai neymar
2025-05-17 19:48:52.120 [org.springframework.amqp.rabbit.RabbitListenerEndpointContainer#0-1] ERROR com.eleicao.core.component.CandidatoListener - Candidato ja existe: papai neymar
2025-05-17 19:48:52.125 [org.springframework.amqp.rabbit.RabbitListenerEndpointContainer#0-1] ERROR com.eleicao.core.component.CandidatoListener - Candidato ja existe: papai neymar
2025-05-17 19:48:52.129 [org.springframework.amqp.rabbit.RabbitListenerEndpointContainer#0-1] ERROR com.eleicao.core.component.CandidatoListener - Candidato ja existe: papai neymar
2025-05-17 19:48:52.134 [org.springframework.amqp.rabbit.RabbitListenerEndpointContainer#0-1] ERROR com.eleicao.core.component.CandidatoListener - Candidato ja existe: papai neymar
2025-05-17 19:48:52.139 [org.springframework.amqp.rabbit.RabbitListenerEndpointContainer#0-1] ERROR com.eleicao.core.component.CandidatoListener - Candidato ja existe: papai neymar
2025-05-17 19:48:52.143 [org.springframework.amqp.rabbit.RabbitListenerEndpointContainer#0-1] ERROR com.eleicao.core.component.CandidatoListener - Candidato ja existe: papai neymar
2025-05-17 19:48:52.149 [org.springframework.amqp.rabbit.RabbitListenerEndpointContainer#0-1] ERROR com.eleicao.core.component.CandidatoListener - Candidato ja existe: papai neymar
2025-05-17 19:48:52.154 [org.springframework.amqp.rabbit.RabbitListenerEndpointContainer#0-1] ERROR com.eleicao.core.component.CandidatoListener - Candidato ja existe: papai neymar
2025-05-17 19:48:52.158 [org.springframework.amqp.rabbit.RabbitListenerEndpointContainer#0-1] ERROR com.eleicao.core.component.CandidatoListener - Candidato ja existe: papai neymar
2025-05-17 19:48:52.162 [org.springframework.amqp.rabbit.RabbitListenerEndpointContainer#0-1] ERROR com.eleicao.core.component.CandidatoListener - Candidato ja existe: papai neymar
2025-05-17 19:48:52.169 [org.springframework.amqp.rabbit.RabbitListenerEndpointContainer#0-1] ERROR com.eleicao.core.component.CandidatoListener - Candidato ja existe: papai neymar
2025-05-17 19:48:52.173 [org.springframework.amqp.rabbit.RabbitListenerEndpointContainer#0-1] ERROR com.eleicao.core.component.CandidatoListener - Candidato ja existe: papai neymar
2025-05-17 19:48:52.176 [org.springframework.amqp.rabbit.RabbitListenerEndpointContainer#0-1] ERROR com.eleicao.core.component.CandidatoListener - Candidato ja existe: papai neymar
2025-05-17 19:48:52.180 [org.springframework.amqp.rabbit.RabbitListenerEndpointContainer#0-1] ERROR com.eleicao.core.component.CandidatoListener - Candidato ja existe: papai neymar
2025-05-17 19:48:52.184 [org.springframework.amqp.rabbit.RabbitListenerEndpointContainer#0-1] ERROR com.eleicao.core.component.CandidatoListener - Candidato ja existe: papai neymar
2025-05-17 19:48:52.187 [org.springframework.amqp.rabbit.RabbitListenerEndpointContainer#0-1] ERROR com.eleicao.core.component.CandidatoListener - Candidato ja existe: papai neymar
2025-05-17 19:48:52.192 [org.springframework.amqp.rabbit.RabbitListenerEndpointContainer#0-1] ERROR com.eleicao.core.component.CandidatoListener - Candidato ja existe: papai neymar
2025-05-17 19:48:52.195 [org.springframework.amqp.rabbit.RabbitListenerEndpointContainer#0-1] ERROR com.eleicao.core.component.CandidatoListener - Candidato ja existe: papai neymar
2025-05-17 19:48:52.200 [org.springframework.amqp.rabbit.RabbitListenerEndpointContainer#0-1] ERROR com.eleicao.core.component.CandidatoListener - Candidato ja existe: papai neymar
2025-05-17 19:48:52.204 [org.springframework.amqp.rabbit.RabbitListenerEndpointContainer#0-1] ERROR com.eleicao.core.component.CandidatoListener - Candidato ja existe: papai neymar
2025-05-17 19:48:52.207 [org.springframework.amqp.rabbit.RabbitListenerEndpointContainer#0-1] ERROR com.eleicao.core.component.CandidatoListener - Candidato ja existe: papai neymar
2025-05-17 19:48:52.211 [org.springframework.amqp.rabbit.RabbitListenerEndpointContainer#0-1] ERROR com.eleicao.core.component.CandidatoListener - Candidato ja existe: papai neymar
2025-05-17 19:48:52.216 [org.springframework.amqp.rabbit.RabbitListenerEndpointContainer#0-1] ERROR com.eleicao.core.component.CandidatoListener - Candidato ja existe: papai neymar
2025-05-17 19:48:52.220 [org.springframework.amqp.rabbit.RabbitListenerEndpointContainer#0-1] ERROR com.eleicao.core.component.CandidatoListener - Candidato ja existe: papai neymar
2025-05-17 19:48:52.224 [org.springframework.amqp.rabbit.RabbitListenerEndpointContainer#0-1] ERROR com.eleicao.core.component.CandidatoListener - Candidato ja existe: papai neymar
2025-05-17 19:48:52.227 [org.springframework.amqp.rabbit.RabbitListenerEndpointContainer#0-1] ERROR com.eleicao.core.component.CandidatoListener - Candidato ja existe: papai neymar
2025-05-17 19:48:52.232 [org.springframework.amqp.rabbit.RabbitListenerEndpointContainer#0-1] ERROR com.eleicao.core.component.CandidatoListener - Candidato ja existe: papai neymar
2025-05-17 19:48:52.236 [org.springframework.amqp.rabbit.RabbitListenerEndpointContainer#0-1] ERROR com.eleicao.core.component.CandidatoListener - Candidato ja existe: papai neymar
2025-05-17 19:48:52.239 [org.springframework.amqp.rabbit.RabbitListenerEndpointContainer#0-1] ERROR com.eleicao.core.component.CandidatoListener - Candidato ja existe: papai neymar
2025-05-17 19:48:52.244 [org.springframework.amqp.rabbit.RabbitListenerEndpointContainer#0-1] ERROR com.eleicao.core.component.CandidatoListener - Candidato ja existe: papai neymar
2025-05-17 19:48:52.249 [org.springframework.amqp.rabbit.RabbitListenerEndpointContainer#0-1] ERROR com.eleicao.core.component.CandidatoListener - Candidato ja existe: papai neymar
2025-05-17 19:48:52.254 [org.springframework.amqp.rabbit.RabbitListenerEndpointContainer#0-1] ERROR com.eleicao.core.component.CandidatoListener - Candidato ja existe: papai neymar
2025-05-17 19:48:52.259 [org.springframework.amqp.rabbit.RabbitListenerEndpointContainer#0-1] ERROR com.eleicao.core.component.CandidatoListener - Candidato ja existe: papai neymar
2025-05-17 19:48:52.264 [org.springframework.amqp.rabbit.RabbitListenerEndpointContainer#0-1] ERROR com.eleicao.core.component.CandidatoListener - Candidato ja existe: papai neymar
2025-05-17 19:48:52.268 [org.springframework.amqp.rabbit.RabbitListenerEndpointContainer#0-1] ERROR com.eleicao.core.component.CandidatoListener - Candidato ja existe: papai neymar
2025-05-17 19:48:52.272 [org.springframework.amqp.rabbit.RabbitListenerEndpointContainer#0-1] ERROR com.eleicao.core.component.CandidatoListener - Candidato ja existe: papai neymar
2025-05-17 19:48:52.276 [org.springframework.amqp.rabbit.RabbitListenerEndpointContainer#0-1] ERROR com.eleicao.core.component.CandidatoListener - Candidato ja existe: papai neymar
2025-05-17 19:48:52.282 [org.springframework.amqp.rabbit.RabbitListenerEndpointContainer#0-1] ERROR com.eleicao.core.component.CandidatoListener - Candidato ja existe: papai neymar
2025-05-17 19:48:52.286 [org.springframework.amqp.rabbit.RabbitListenerEndpointContainer#0-1] ERROR com.eleicao.core.component.CandidatoListener - Candidato ja existe: papai neymar
2025-05-17 19:48:52.290 [org.springframework.amqp.rabbit.RabbitListenerEndpointContainer#0-1] ERROR com.eleicao.core.component.CandidatoListener - Candidato ja existe: papai neymar
2025-05-17 19:48:52.294 [org.springframework.amqp.rabbit.RabbitListenerEndpointContainer#0-1] ERROR com.eleicao.core.component.CandidatoListener - Candidato ja existe: papai neymar
2025-05-17 19:48:52.300 [org.springframework.amqp.rabbit.RabbitListenerEndpointContainer#0-1] ERROR com.eleicao.core.component.CandidatoListener - Candidato ja existe: papai neymar
2025-05-17 19:48:52.304 [org.springframework.amqp.rabbit.RabbitListenerEndpointContainer#0-1] ERROR com.eleicao.core.component.CandidatoListener - Candidato ja existe: papai neymar
2025-05-17 19:48:52.308 [org.springframework.amqp.rabbit.RabbitListenerEndpointContainer#0-1] ERROR com.eleicao.core.component.CandidatoListener - Candidato ja existe: papai neymar
2025-05-17 19:48:52.314 [org.springframework.amqp.rabbit.RabbitListenerEndpointContainer#0-1] ERROR com.eleicao.core.component.CandidatoListener - Candidato ja existe: papai neymar
2025-05-17 19:48:52.317 [org.springframework.amqp.rabbit.RabbitListenerEndpointContainer#0-1] ERROR com.eleicao.core.component.CandidatoListener - Candidato ja existe: papai neymar
2025-05-17 19:48:52.321 [org.springframework.amqp.rabbit.RabbitListenerEndpointContainer#0-1] ERROR com.eleicao.core.component.CandidatoListener - Candidato ja existe: papai neymar
2025-05-17 19:48:52.327 [org.springframework.amqp.rabbit.RabbitListenerEndpointContainer#0-1] ERROR com.eleicao.core.component.CandidatoListener - Candidato ja existe: papai neymar
2025-05-17 19:48:52.332 [org.springframework.amqp.rabbit.RabbitListenerEndpointContainer#0-1] ERROR com.eleicao.core.component.CandidatoListener - Candidato ja existe: papai neymar
2025-05-17 19:48:52.336 [org.springframework.amqp.rabbit.RabbitListenerEndpointContainer#0-1] ERROR com.eleicao.core.component.CandidatoListener - Candidato ja existe: papai neymar
2025-05-17 19:48:52.340 [org.springframework.amqp.rabbit.RabbitListenerEndpointContainer#0-1] ERROR com.eleicao.core.component.CandidatoListener - Candidato ja existe: papai neymar
2025-05-17 19:48:52.345 [org.springframework.amqp.rabbit.RabbitListenerEndpointContainer#0-1] ERROR com.eleicao.core.component.CandidatoListener - Candidato ja existe: papai neymar
2025-05-17 19:48:52.349 [org.springframework.amqp.rabbit.RabbitListenerEndpointContainer#0-1] ERROR com.eleicao.core.component.CandidatoListener - Candidato ja existe: papai neymar
2025-05-17 19:48:52.352 [org.springframework.amqp.rabbit.RabbitListenerEndpointContainer#0-1] ERROR com.eleicao.core.component.CandidatoListener - Candidato ja existe: papai neymar
2025-05-17 19:48:52.358 [org.springframework.amqp.rabbit.RabbitListenerEndpointContainer#0-1] ERROR com.eleicao.core.component.CandidatoListener - Candidato ja existe: papai neymar
2025-05-17 19:48:52.363 [org.springframework.amqp.rabbit.RabbitListenerEndpointContainer#0-1] ERROR com.eleicao.core.component.CandidatoListener - Candidato ja existe: papai neymar
2025-05-17 19:48:52.367 [org.springframework.amqp.rabbit.RabbitListenerEndpointContainer#0-1] ERROR com.eleicao.core.component.CandidatoListener - Candidato ja existe: papai neymar
2025-05-17 19:48:52.371 [org.springframework.amqp.rabbit.RabbitListenerEndpointContainer#0-1] ERROR com.eleicao.core.component.CandidatoListener - Candidato ja existe: papai neymar
2025-05-17 19:48:52.375 [org.springframework.amqp.rabbit.RabbitListenerEndpointContainer#0-1] ERROR com.eleicao.core.component.CandidatoListener - Candidato ja existe: papai neymar
2025-05-17 19:48:52.379 [org.springframework.amqp.rabbit.RabbitListenerEndpointContainer#0-1] ERROR com.eleicao.core.component.CandidatoListener - Candidato ja existe: papai neymar
2025-05-17 19:48:52.382 [org.springframework.amqp.rabbit.RabbitListenerEndpointContainer#0-1] ERROR com.eleicao.core.component.CandidatoListener - Candidato ja existe: papai neymar
2025-05-17 19:48:52.386 [org.springframework.amqp.rabbit.RabbitListenerEndpointContainer#0-1] ERROR com.eleicao.core.component.CandidatoListener - Candidato ja existe: papai neymar
2025-05-17 19:48:52.390 [org.springframework.amqp.rabbit.RabbitListenerEndpointContainer#0-1] ERROR com.eleicao.core.component.CandidatoListener - Candidato ja existe: papai neymar
2025-05-17 19:48:52.394 [org.springframework.amqp.rabbit.RabbitListenerEndpointContainer#0-1] ERROR com.eleicao.core.component.CandidatoListener - Candidato ja existe: papai neymar
2025-05-17 19:48:52.399 [org.springframework.amqp.rabbit.RabbitListenerEndpointContainer#0-1] ERROR com.eleicao.core.component.CandidatoListener - Candidato ja existe: papai neymar
2025-05-17 19:48:52.403 [org.springframework.amqp.rabbit.RabbitListenerEndpointContainer#0-1] ERROR com.eleicao.core.component.CandidatoListener - Candidato ja existe: papai neymar
2025-05-17 19:48:52.407 [org.springframework.amqp.rabbit.RabbitListenerEndpointContainer#0-1] ERROR com.eleicao.core.component.CandidatoListener - Candidato ja existe: papai neymar
2025-05-17 19:48:52.411 [org.springframework.amqp.rabbit.RabbitListenerEndpointContainer#0-1] ERROR com.eleicao.core.component.CandidatoListener - Candidato ja existe: papai neymar
2025-05-17 19:48:52.417 [org.springframework.amqp.rabbit.RabbitListenerEndpointContainer#0-1] ERROR com.eleicao.core.component.CandidatoListener - Candidato ja existe: papai neymar
2025-05-17 19:48:52.421 [org.springframework.amqp.rabbit.RabbitListenerEndpointContainer#0-1] ERROR com.eleicao.core.component.CandidatoListener - Candidato ja existe: papai neymar
2025-05-17 19:48:52.426 [org.springframework.amqp.rabbit.RabbitListenerEndpointContainer#0-1] ERROR com.eleicao.core.component.CandidatoListener - Candidato ja existe: papai neymar
2025-05-17 19:48:52.430 [org.springframework.amqp.rabbit.RabbitListenerEndpointContainer#0-1] ERROR com.eleicao.core.component.CandidatoListener - Candidato ja existe: papai neymar
2025-05-17 19:48:52.435 [org.springframework.amqp.rabbit.RabbitListenerEndpointContainer#0-1] ERROR com.eleicao.core.component.CandidatoListener - Candidato ja existe: papai neymar
2025-05-17 19:48:52.439 [org.springframework.amqp.rabbit.RabbitListenerEndpointContainer#0-1] ERROR com.eleicao.core.component.CandidatoListener - Candidato ja existe: papai neymar
2025-05-17 19:48:52.444 [org.springframework.amqp.rabbit.RabbitListenerEndpointContainer#0-1] ERROR com.eleicao.core.component.CandidatoListener - Candidato ja existe: papai neymar
2025-05-17 19:48:52.450 [org.springframework.amqp.rabbit.RabbitListenerEndpointContainer#0-1] ERROR com.eleicao.core.component.CandidatoListener - Candidato ja existe: papai neymar
2025-05-17 19:48:52.456 [org.springframework.amqp.rabbit.RabbitListenerEndpointContainer#0-1] ERROR com.eleicao.core.component.CandidatoListener - Candidato ja existe: papai neymar
2025-05-17 19:48:52.461 [org.springframework.amqp.rabbit.RabbitListenerEndpointContainer#0-1] ERROR com.eleicao.core.component.CandidatoListener - Candidato ja existe: papai neymar
2025-05-17 19:48:52.468 [org.springframework.amqp.rabbit.RabbitListenerEndpointContainer#0-1] ERROR com.eleicao.core.component.CandidatoListener - Candidato ja existe: papai neymar
2025-05-17 19:48:52.473 [org.springframework.amqp.rabbit.RabbitListenerEndpointContainer#0-1] ERROR com.eleicao.core.component.CandidatoListener - Candidato ja existe: papai neymar
2025-05-17 19:48:52.478 [org.springframework.amqp.rabbit.RabbitListenerEndpointContainer#0-1] ERROR com.eleicao.core.component.CandidatoListener - Candidato ja existe: papai neymar
2025-05-17 19:48:52.483 [org.springframework.amqp.rabbit.RabbitListenerEndpointContainer#0-1] ERROR com.eleicao.core.component.CandidatoListener - Candidato ja existe: papai neymar
2025-05-17 19:48:52.487 [org.springframework.amqp.rabbit.RabbitListenerEndpointContainer#0-1] ERROR com.eleicao.core.component.CandidatoListener - Candidato ja existe: papai neymar
2025-05-17 19:48:52.492 [org.springframework.amqp.rabbit.RabbitListenerEndpointContainer#0-1] ERROR com.eleicao.core.component.CandidatoListener - Candidato ja existe: papai neymar
2025-05-17 19:48:52.498 [org.springframework.amqp.rabbit.RabbitListenerEndpointContainer#0-1] ERROR com.eleicao.core.component.CandidatoListener - Candidato ja existe: papai neymar
2025-05-17 19:48:52.503 [org.springframework.amqp.rabbit.RabbitListenerEndpointContainer#0-1] ERROR com.eleicao.core.component.CandidatoListener - Candidato ja existe: papai neymar
2025-05-17 19:48:52.509 [org.springframework.amqp.rabbit.RabbitListenerEndpointContainer#0-1] ERROR com.eleicao.core.component.CandidatoListener - Candidato ja existe: papai neymar
2025-05-17 19:48:52.513 [org.springframework.amqp.rabbit.RabbitListenerEndpointContainer#0-1] ERROR com.eleicao.core.component.CandidatoListener - Candidato ja existe: papai neymar
2025-05-17 19:48:52.518 [org.springframework.amqp.rabbit.RabbitListenerEndpointContainer#0-1] ERROR com.eleicao.core.component.CandidatoListener - Candidato ja existe: papai neymar
2025-05-17 19:48:52.522 [org.springframework.amqp.rabbit.RabbitListenerEndpointContainer#0-1] ERROR com.eleicao.core.component.CandidatoListener - Candidato ja existe: papai neymar
2025-05-17 19:48:52.526 [org.springframework.amqp.rabbit.RabbitListenerEndpointContainer#0-1] ERROR com.eleicao.core.component.CandidatoListener - Candidato ja existe: papai neymar
2025-05-17 19:48:52.530 [org.springframework.amqp.rabbit.RabbitListenerEndpointContainer#0-1] ERROR com.eleicao.core.component.CandidatoListener - Candidato ja existe: papai neymar
2025-05-17 19:48:52.535 [org.springframework.amqp.rabbit.RabbitListenerEndpointContainer#0-1] ERROR com.eleicao.core.component.CandidatoListener - Candidato ja existe: papai neymar
2025-05-17 19:48:52.539 [org.springframework.amqp.rabbit.RabbitListenerEndpointContainer#0-1] ERROR com.eleicao.core.component.CandidatoListener - Candidato ja existe: papai neymar
2025-05-17 19:48:52.544 [org.springframework.amqp.rabbit.RabbitListenerEndpointContainer#0-1] ERROR com.eleicao.core.component.CandidatoListener - Candidato ja existe: papai neymar
2025-05-17 19:48:52.549 [org.springframework.amqp.rabbit.RabbitListenerEndpointContainer#0-1] ERROR com.eleicao.core.component.CandidatoListener - Candidato ja existe: papai neymar
2025-05-17 19:48:52.553 [org.springframework.amqp.rabbit.RabbitListenerEndpointContainer#0-1] ERROR com.eleicao.core.component.CandidatoListener - Candidato ja existe: papai neymar
2025-05-17 19:48:52.556 [org.springframework.amqp.rabbit.RabbitListenerEndpointContainer#0-1] ERROR com.eleicao.core.component.CandidatoListener - Candidato ja existe: papai neymar
2025-05-17 19:48:52.559 [org.springframework.amqp.rabbit.RabbitListenerEndpointContainer#0-1] ERROR com.eleicao.core.component.CandidatoListener - Candidato ja existe: papai neymar
2025-05-17 19:48:52.564 [org.springframework.amqp.rabbit.RabbitListenerEndpointContainer#0-1] ERROR com.eleicao.core.component.CandidatoListener - Candidato ja existe: papai neymar
2025-05-17 19:48:52.569 [org.springframework.amqp.rabbit.RabbitListenerEndpointContainer#0-1] ERROR com.eleicao.core.component.CandidatoListener - Candidato ja existe: papai neymar
2025-05-17 19:48:52.573 [org.springframework.amqp.rabbit.RabbitListenerEndpointContainer#0-1] ERROR com.eleicao.core.component.CandidatoListener - Candidato ja existe: papai neymar
2025-05-17 19:48:52.577 [org.springframework.amqp.rabbit.RabbitListenerEndpointContainer#0-1] ERROR com.eleicao.core.component.CandidatoListener - Candidato ja existe: papai neymar
2025-05-17 19:48:52.582 [org.springframework.amqp.rabbit.RabbitListenerEndpointContainer#0-1] ERROR com.eleicao.core.component.CandidatoListener - Candidato ja existe: papai neymar
2025-05-17 19:48:52.585 [org.springframework.amqp.rabbit.RabbitListenerEndpointContainer#0-1] ERROR com.eleicao.core.component.CandidatoListener - Candidato ja existe: papai neymar
2025-05-17 19:48:52.590 [org.springframework.amqp.rabbit.RabbitListenerEndpointContainer#0-1] ERROR com.eleicao.core.component.CandidatoListener - Candidato ja existe: papai neymar
2025-05-17 19:48:52.594 [org.springframework.amqp.rabbit.RabbitListenerEndpointContainer#0-1] ERROR com.eleicao.core.component.CandidatoListener - Candidato ja existe: papai neymar
2025-05-17 19:48:52.598 [org.springframework.amqp.rabbit.RabbitListenerEndpointContainer#0-1] ERROR com.eleicao.core.component.CandidatoListener - Candidato ja existe: papai neymar
2025-05-17 19:48:52.603 [org.springframework.amqp.rabbit.RabbitListenerEndpointContainer#0-1] ERROR com.eleicao.core.component.CandidatoListener - Candidato ja existe: papai neymar
2025-05-17 19:48:52.608 [org.springframework.amqp.rabbit.RabbitListenerEndpointContainer#0-1] ERROR com.eleicao.core.component.CandidatoListener - Candidato ja existe: papai neymar
2025-05-17 19:48:52.611 [org.springframework.amqp.rabbit.RabbitListenerEndpointContainer#0-1] ERROR com.eleicao.core.component.CandidatoListener - Candidato ja existe: papai neymar
2025-05-17 19:48:52.615 [org.springframework.amqp.rabbit.RabbitListenerEndpointContainer#0-1] ERROR com.eleicao.core.component.CandidatoListener - Candidato ja existe: papai neymar
2025-05-17 19:48:52.619 [org.springframework.amqp.rabbit.RabbitListenerEndpointContainer#0-1] ERROR com.eleicao.core.component.CandidatoListener - Candidato ja existe: papai neymar
2025-05-17 19:48:52.624 [org.springframework.amqp.rabbit.RabbitListenerEndpointContainer#0-1] ERROR com.eleicao.core.component.CandidatoListener - Candidato ja existe: papai neymar
2025-05-17 19:48:52.627 [org.springframework.amqp.rabbit.RabbitListenerEndpointContainer#0-1] ERROR com.eleicao.core.component.CandidatoListener - Candidato ja existe: papai neymar
2025-05-17 19:48:52.632 [org.springframework.amqp.rabbit.RabbitListenerEndpointContainer#0-1] ERROR com.eleicao.core.component.CandidatoListener - Candidato ja existe: papai neymar
2025-05-17 19:48:52.636 [org.springframework.amqp.rabbit.RabbitListenerEndpointContainer#0-1] ERROR com.eleicao.core.component.CandidatoListener - Candidato ja existe: papai neymar
2025-05-17 19:48:52.641 [org.springframework.amqp.rabbit.RabbitListenerEndpointContainer#0-1] ERROR com.eleicao.core.component.CandidatoListener - Candidato ja existe: papai neymar
2025-05-17 19:48:52.645 [org.springframework.amqp.rabbit.RabbitListenerEndpointContainer#0-1] ERROR com.eleicao.core.component.CandidatoListener - Candidato ja existe: papai neymar
2025-05-17 19:48:52.648 [org.springframework.amqp.rabbit.RabbitListenerEndpointContainer#0-1] ERROR com.eleicao.core.component.CandidatoListener - Candidato ja existe: papai neymar
2025-05-17 19:48:52.653 [org.springframework.amqp.rabbit.RabbitListenerEndpointContainer#0-1] ERROR com.eleicao.core.component.CandidatoListener - Candidato ja existe: papai neymar
2025-05-17 19:48:52.658 [org.springframework.amqp.rabbit.RabbitListenerEndpointContainer#0-1] ERROR com.eleicao.core.component.CandidatoListener - Candidato ja existe: papai neymar
2025-05-17 19:48:52.662 [org.springframework.amqp.rabbit.RabbitListenerEndpointContainer#0-1] ERROR com.eleicao.core.component.CandidatoListener - Candidato ja existe: papai neymar
2025-05-17 19:48:52.667 [org.springframework.amqp.rabbit.RabbitListenerEndpointContainer#0-1] ERROR com.eleicao.core.component.CandidatoListener - Candidato ja existe: papai neymar
2025-05-17 19:48:52.672 [org.springframework.amqp.rabbit.RabbitListenerEndpointContainer#0-1] ERROR com.eleicao.core.component.CandidatoListener - Candidato ja existe: papai neymar
2025-05-17 19:48:52.677 [org.springframework.amqp.rabbit.RabbitListenerEndpointContainer#0-1] ERROR com.eleicao.core.component.CandidatoListener - Candidato ja existe: papai neymar
2025-05-17 19:48:52.682 [org.springframework.amqp.rabbit.RabbitListenerEndpointContainer#0-1] ERROR com.eleicao.core.component.CandidatoListener - Candidato ja existe: papai neymar
2025-05-17 19:48:52.687 [org.springframework.amqp.rabbit.RabbitListenerEndpointContainer#0-1] ERROR com.eleicao.core.component.CandidatoListener - Candidato ja existe: papai neymar
2025-05-17 19:48:52.692 [org.springframework.amqp.rabbit.RabbitListenerEndpointContainer#0-1] ERROR com.eleicao.core.component.CandidatoListener - Candidato ja existe: papai neymar
2025-05-17 19:48:52.698 [org.springframework.amqp.rabbit.RabbitListenerEndpointContainer#0-1] ERROR com.eleicao.core.component.CandidatoListener - Candidato ja existe: papai neymar
2025-05-17 19:48:52.703 [org.springframework.amqp.rabbit.RabbitListenerEndpointContainer#0-1] ERROR com.eleicao.core.component.CandidatoListener - Candidato ja existe: papai neymar
2025-05-17 19:48:52.708 [org.springframework.amqp.rabbit.RabbitListenerEndpointContainer#0-1] ERROR com.eleicao.core.component.CandidatoListener - Candidato ja existe: papai neymar
2025-05-17 19:48:52.712 [org.springframework.amqp.rabbit.RabbitListenerEndpointContainer#0-1] ERROR com.eleicao.core.component.CandidatoListener - Candidato ja existe: papai neymar
2025-05-17 19:48:52.717 [org.springframework.amqp.rabbit.RabbitListenerEndpointContainer#0-1] ERROR com.eleicao.core.component.CandidatoListener - Candidato ja existe: papai neymar
2025-05-17 19:48:52.722 [org.springframework.amqp.rabbit.RabbitListenerEndpointContainer#0-1] ERROR com.eleicao.core.component.CandidatoListener - Candidato ja existe: papai neymar
2025-05-17 19:48:52.727 [org.springframework.amqp.rabbit.RabbitListenerEndpointContainer#0-1] ERROR com.eleicao.core.component.CandidatoListener - Candidato ja existe: papai neymar
2025-05-17 19:48:52.732 [org.springframework.amqp.rabbit.RabbitListenerEndpointContainer#0-1] ERROR com.eleicao.core.component.CandidatoListener - Candidato ja existe: papai neymar
2025-05-17 19:48:52.737 [org.springframework.amqp.rabbit.RabbitListenerEndpointContainer#0-1] ERROR com.eleicao.core.component.CandidatoListener - Candidato ja existe: papai neymar
2025-05-17 19:48:52.742 [org.springframework.amqp.rabbit.RabbitListenerEndpointContainer#0-1] ERROR com.eleicao.core.component.CandidatoListener - Candidato ja existe: papai neymar
2025-05-17 19:48:52.748 [org.springframework.amqp.rabbit.RabbitListenerEndpointContainer#0-1] ERROR com.eleicao.core.component.CandidatoListener - Candidato ja existe: papai neymar
2025-05-17 19:48:52.753 [org.springframework.amqp.rabbit.RabbitListenerEndpointContainer#0-1] ERROR com.eleicao.core.component.CandidatoListener - Candidato ja existe: papai neymar
2025-05-17 19:48:52.757 [org.springframework.amqp.rabbit.RabbitListenerEndpointContainer#0-1] ERROR com.eleicao.core.component.CandidatoListener - Candidato ja existe: papai neymar
2025-05-17 19:48:52.763 [org.springframework.amqp.rabbit.RabbitListenerEndpointContainer#0-1] ERROR com.eleicao.core.component.CandidatoListener - Candidato ja existe: papai neymar
2025-05-17 19:48:52.768 [org.springframework.amqp.rabbit.RabbitListenerEndpointContainer#0-1] ERROR com.eleicao.core.component.CandidatoListener - Candidato ja existe: papai neymar
2025-05-17 19:48:52.773 [org.springframework.amqp.rabbit.RabbitListenerEndpointContainer#0-1] ERROR com.eleicao.core.component.CandidatoListener - Candidato ja existe: papai neymar
2025-05-17 19:48:52.778 [org.springframework.amqp.rabbit.RabbitListenerEndpointContainer#0-1] ERROR com.eleicao.core.component.CandidatoListener - Candidato ja existe: papai neymar
2025-05-17 19:48:52.784 [org.springframework.amqp.rabbit.RabbitListenerEndpointContainer#0-1] ERROR com.eleicao.core.component.CandidatoListener - Candidato ja existe: papai neymar
2025-05-17 19:48:52.789 [org.springframework.amqp.rabbit.RabbitListenerEndpointContainer#0-1] ERROR com.eleicao.core.component.CandidatoListener - Candidato ja existe: papai neymar
2025-05-17 19:48:52.794 [org.springframework.amqp.rabbit.RabbitListenerEndpointContainer#0-1] ERROR com.eleicao.core.component.CandidatoListener - Candidato ja existe: papai neymar
2025-05-17 19:48:52.798 [org.springframework.amqp.rabbit.RabbitListenerEndpointContainer#0-1] ERROR com.eleicao.core.component.CandidatoListener - Candidato ja existe: papai neymar
2025-05-17 19:48:52.803 [org.springframework.amqp.rabbit.RabbitListenerEndpointContainer#0-1] ERROR com.eleicao.core.component.CandidatoListener - Candidato ja existe: papai neymar
2025-05-17 19:48:52.807 [org.springframework.amqp.rabbit.RabbitListenerEndpointContainer#0-1] ERROR com.eleicao.core.component.CandidatoListener - Candidato ja existe: papai neymar
2025-05-17 19:48:52.813 [org.springframework.amqp.rabbit.RabbitListenerEndpointContainer#0-1] ERROR com.eleicao.core.component.CandidatoListener - Candidato ja existe: papai neymar
2025-05-17 19:48:52.818 [org.springframework.amqp.rabbit.RabbitListenerEndpointContainer#0-1] ERROR com.eleicao.core.component.CandidatoListener - Candidato ja existe: papai neymar
2025-05-17 19:48:52.822 [org.springframework.amqp.rabbit.RabbitListenerEndpointContainer#0-1] ERROR com.eleicao.core.component.CandidatoListener - Candidato ja existe: papai neymar
2025-05-17 19:48:52.827 [org.springframework.amqp.rabbit.RabbitListenerEndpointContainer#0-1] ERROR com.eleicao.core.component.CandidatoListener - Candidato ja existe: papai neymar
2025-05-17 19:48:52.833 [org.springframework.amqp.rabbit.RabbitListenerEndpointContainer#0-1] ERROR com.eleicao.core.component.CandidatoListener - Candidato ja existe: papai neymar
2025-05-17 19:48:52.838 [org.springframework.amqp.rabbit.RabbitListenerEndpointContainer#0-1] ERROR com.eleicao.core.component.CandidatoListener - Candidato ja existe: papai neymar
2025-05-17 19:48:52.843 [org.springframework.amqp.rabbit.RabbitListenerEndpointContainer#0-1] ERROR com.eleicao.core.component.CandidatoListener - Candidato ja existe: papai neymar
2025-05-17 19:48:52.847 [org.springframework.amqp.rabbit.RabbitListenerEndpointContainer#0-1] ERROR com.eleicao.core.component.CandidatoListener - Candidato ja existe: papai neymar
2025-05-17 19:48:52.851 [org.springframework.amqp.rabbit.RabbitListenerEndpointContainer#0-1] ERROR com.eleicao.core.component.CandidatoListener - Candidato ja existe: papai neymar
2025-05-17 19:48:52.855 [org.springframework.amqp.rabbit.RabbitListenerEndpointContainer#0-1] ERROR com.eleicao.core.component.CandidatoListener - Candidato ja existe: papai neymar
2025-05-17 19:48:52.859 [org.springframework.amqp.rabbit.RabbitListenerEndpointContainer#0-1] ERROR com.eleicao.core.component.CandidatoListener - Candidato ja existe: papai neymar
2025-05-17 19:48:52.863 [org.springframework.amqp.rabbit.RabbitListenerEndpointContainer#0-1] ERROR com.eleicao.core.component.CandidatoListener - Candidato ja existe: papai neymar
2025-05-17 19:48:52.868 [org.springframework.amqp.rabbit.RabbitListenerEndpointContainer#0-1] ERROR com.eleicao.core.component.CandidatoListener - Candidato ja existe: papai neymar
2025-05-17 19:48:52.872 [org.springframework.amqp.rabbit.RabbitListenerEndpointContainer#0-1] ERROR com.eleicao.core.component.CandidatoListener - Candidato ja existe: papai neymar
2025-05-17 19:48:52.877 [org.springframework.amqp.rabbit.RabbitListenerEndpointContainer#0-1] ERROR com.eleicao.core.component.CandidatoListener - Candidato ja existe: papai neymar
2025-05-17 19:48:52.882 [org.springframework.amqp.rabbit.RabbitListenerEndpointContainer#0-1] ERROR com.eleicao.core.component.CandidatoListener - Candidato ja existe: papai neymar
2025-05-17 19:48:52.886 [org.springframework.amqp.rabbit.RabbitListenerEndpointContainer#0-1] ERROR com.eleicao.core.component.CandidatoListener - Candidato ja existe: papai neymar
2025-05-17 19:48:52.890 [org.springframework.amqp.rabbit.RabbitListenerEndpointContainer#0-1] ERROR com.eleicao.core.component.CandidatoListener - Candidato ja existe: papai neymar
2025-05-17 19:48:52.895 [org.springframework.amqp.rabbit.RabbitListenerEndpointContainer#0-1] ERROR com.eleicao.core.component.CandidatoListener - Candidato ja existe: papai neymar
2025-05-17 19:48:52.900 [org.springframework.amqp.rabbit.RabbitListenerEndpointContainer#0-1] ERROR com.eleicao.core.component.CandidatoListener - Candidato ja existe: papai neymar
2025-05-17 19:48:52.905 [org.springframework.amqp.rabbit.RabbitListenerEndpointContainer#0-1] ERROR com.eleicao.core.component.CandidatoListener - Candidato ja existe: papai neymar
2025-05-17 19:48:52.909 [org.springframework.amqp.rabbit.RabbitListenerEndpointContainer#0-1] ERROR com.eleicao.core.component.CandidatoListener - Candidato ja existe: papai neymar
2025-05-17 19:48:52.914 [org.springframework.amqp.rabbit.RabbitListenerEndpointContainer#0-1] ERROR com.eleicao.core.component.CandidatoListener - Candidato ja existe: papai neymar
2025-05-17 19:48:52.919 [org.springframework.amqp.rabbit.RabbitListenerEndpointContainer#0-1] ERROR com.eleicao.core.component.CandidatoListener - Candidato ja existe: papai neymar
2025-05-17 19:48:52.924 [org.springframework.amqp.rabbit.RabbitListenerEndpointContainer#0-1] ERROR com.eleicao.core.component.CandidatoListener - Candidato ja existe: papai neymar
2025-05-17 19:48:52.928 [org.springframework.amqp.rabbit.RabbitListenerEndpointContainer#0-1] ERROR com.eleicao.core.component.CandidatoListener - Candidato ja existe: papai neymar
2025-05-17 19:48:52.934 [org.springframework.amqp.rabbit.RabbitListenerEndpointContainer#0-1] ERROR com.eleicao.core.component.CandidatoListener - Candidato ja existe: papai neymar
2025-05-17 19:48:52.939 [org.springframework.amqp.rabbit.RabbitListenerEndpointContainer#0-1] ERROR com.eleicao.core.component.CandidatoListener - Candidato ja existe: papai neymar
2025-05-17 19:48:52.944 [org.springframework.amqp.rabbit.RabbitListenerEndpointContainer#0-1] ERROR com.eleicao.core.component.CandidatoListener - Candidato ja existe: papai neymar
2025-05-17 19:48:52.949 [org.springframework.amqp.rabbit.RabbitListenerEndpointContainer#0-1] ERROR com.eleicao.core.component.CandidatoListener - Candidato ja existe: papai neymar
2025-05-17 19:48:52.957 [org.springframework.amqp.rabbit.RabbitListenerEndpointContainer#0-1] ERROR com.eleicao.core.component.CandidatoListener - Candidato ja existe: papai neymar
2025-05-17 19:48:52.965 [org.springframework.amqp.rabbit.RabbitListenerEndpointContainer#0-1] ERROR com.eleicao.core.component.CandidatoListener - Candidato ja existe: papai neymar
2025-05-17 19:48:52.972 [org.springframework.amqp.rabbit.RabbitListenerEndpointContainer#0-1] ERROR com.eleicao.core.component.CandidatoListener - Candidato ja existe: papai neymar
2025-05-17 19:48:52.978 [org.springframework.amqp.rabbit.RabbitListenerEndpointContainer#0-1] ERROR com.eleicao.core.component.CandidatoListener - Candidato ja existe: papai neymar
2025-05-17 19:48:52.984 [org.springframework.amqp.rabbit.RabbitListenerEndpointContainer#0-1] ERROR com.eleicao.core.component.CandidatoListener - Candidato ja existe: papai neymar
2025-05-17 19:48:52.990 [org.springframework.amqp.rabbit.RabbitListenerEndpointContainer#0-1] ERROR com.eleicao.core.component.CandidatoListener - Candidato ja existe: papai neymar
2025-05-17 19:48:52.996 [org.springframework.amqp.rabbit.RabbitListenerEndpointContainer#0-1] ERROR com.eleicao.core.component.CandidatoListener - Candidato ja existe: papai neymar
2025-05-17 19:48:53.003 [org.springframework.amqp.rabbit.RabbitListenerEndpointContainer#0-1] ERROR com.eleicao.core.component.CandidatoListener - Candidato ja existe: papai neymar
2025-05-17 19:48:53.009 [org.springframework.amqp.rabbit.RabbitListenerEndpointContainer#0-1] ERROR com.eleicao.core.component.CandidatoListener - Candidato ja existe: papai neymar
2025-05-17 19:48:53.015 [org.springframework.amqp.rabbit.RabbitListenerEndpointContainer#0-1] ERROR com.eleicao.core.component.CandidatoListener - Candidato ja existe: papai neymar
2025-05-17 19:48:53.020 [org.springframework.amqp.rabbit.RabbitListenerEndpointContainer#0-1] ERROR com.eleicao.core.component.CandidatoListener - Candidato ja existe: papai neymar
2025-05-17 19:48:53.026 [org.springframework.amqp.rabbit.RabbitListenerEndpointContainer#0-1] ERROR com.eleicao.core.component.CandidatoListener - Candidato ja existe: papai neymar
2025-05-17 19:48:53.031 [org.springframework.amqp.rabbit.RabbitListenerEndpointContainer#0-1] ERROR com.eleicao.core.component.CandidatoListener - Candidato ja existe: papai neymar
2025-05-17 19:48:53.036 [org.springframework.amqp.rabbit.RabbitListenerEndpointContainer#0-1] ERROR com.eleicao.core.component.CandidatoListener - Candidato ja existe: papai neymar
2025-05-17 19:48:53.040 [org.springframework.amqp.rabbit.RabbitListenerEndpointContainer#0-1] ERROR com.eleicao.core.component.CandidatoListener - Candidato ja existe: papai neymar
2025-05-17 19:48:53.045 [org.springframework.amqp.rabbit.RabbitListenerEndpointContainer#0-1] ERROR com.eleicao.core.component.CandidatoListener - Candidato ja existe: papai neymar
2025-05-17 19:48:53.051 [org.springframework.amqp.rabbit.RabbitListenerEndpointContainer#0-1] ERROR com.eleicao.core.component.CandidatoListener - Candidato ja existe: papai neymar
2025-05-17 19:48:53.055 [org.springframework.amqp.rabbit.RabbitListenerEndpointContainer#0-1] ERROR com.eleicao.core.component.CandidatoListener - Candidato ja existe: papai neymar
2025-05-17 19:48:53.060 [org.springframework.amqp.rabbit.RabbitListenerEndpointContainer#0-1] ERROR com.eleicao.core.component.CandidatoListener - Candidato ja existe: papai neymar
2025-05-17 19:48:53.064 [org.springframework.amqp.rabbit.RabbitListenerEndpointContainer#0-1] ERROR com.eleicao.core.component.CandidatoListener - Candidato ja existe: papai neymar
2025-05-17 19:48:53.067 [org.springframework.amqp.rabbit.RabbitListenerEndpointContainer#0-1] ERROR com.eleicao.core.component.CandidatoListener - Candidato ja existe: papai neymar
2025-05-17 19:48:53.073 [org.springframework.amqp.rabbit.RabbitListenerEndpointContainer#0-1] ERROR com.eleicao.core.component.CandidatoListener - Candidato ja existe: papai neymar
2025-05-17 19:48:53.079 [org.springframework.amqp.rabbit.RabbitListenerEndpointContainer#0-1] ERROR com.eleicao.core.component.CandidatoListener - Candidato ja existe: papai neymar
2025-05-17 19:48:53.084 [org.springframework.amqp.rabbit.RabbitListenerEndpointContainer#0-1] ERROR com.eleicao.core.component.CandidatoListener - Candidato ja existe: papai neymar
2025-05-17 19:48:53.088 [org.springframework.amqp.rabbit.RabbitListenerEndpointContainer#0-1] ERROR com.eleicao.core.component.CandidatoListener - Candidato ja existe: papai neymar
2025-05-17 19:48:53.093 [org.springframework.amqp.rabbit.RabbitListenerEndpointContainer#0-1] ERROR com.eleicao.core.component.CandidatoListener - Candidato ja existe: papai neymar
2025-05-17 19:48:53.098 [org.springframework.amqp.rabbit.RabbitListenerEndpointContainer#0-1] ERROR com.eleicao.core.component.CandidatoListener - Candidato ja existe: papai neymar
2025-05-17 19:48:53.104 [org.springframework.amqp.rabbit.RabbitListenerEndpointContainer#0-1] ERROR com.eleicao.core.component.CandidatoListener - Candidato ja existe: papai neymar
2025-05-17 19:48:53.108 [org.springframework.amqp.rabbit.RabbitListenerEndpointContainer#0-1] ERROR com.eleicao.core.component.CandidatoListener - Candidato ja existe: papai neymar
2025-05-17 19:48:53.114 [org.springframework.amqp.rabbit.RabbitListenerEndpointContainer#0-1] ERROR com.eleicao.core.component.CandidatoListener - Candidato ja existe: papai neymar
2025-05-17 19:48:53.118 [org.springframework.amqp.rabbit.RabbitListenerEndpointContainer#0-1] ERROR com.eleicao.core.component.CandidatoListener - Candidato ja existe: papai neymar
2025-05-17 19:48:53.122 [org.springframework.amqp.rabbit.RabbitListenerEndpointContainer#0-1] ERROR com.eleicao.core.component.CandidatoListener - Candidato ja existe: papai neymar
2025-05-17 19:48:53.128 [org.springframework.amqp.rabbit.RabbitListenerEndpointContainer#0-1] ERROR com.eleicao.core.component.CandidatoListener - Candidato ja existe: papai neymar
2025-05-17 19:48:53.133 [org.springframework.amqp.rabbit.RabbitListenerEndpointContainer#0-1] ERROR com.eleicao.core.component.CandidatoListener - Candidato ja existe: papai neymar
2025-05-17 19:48:53.138 [org.springframework.amqp.rabbit.RabbitListenerEndpointContainer#0-1] ERROR com.eleicao.core.component.CandidatoListener - Candidato ja existe: papai neymar
2025-05-17 19:48:53.142 [org.springframework.amqp.rabbit.RabbitListenerEndpointContainer#0-1] ERROR com.eleicao.core.component.CandidatoListener - Candidato ja existe: papai neymar
2025-05-17 19:48:53.146 [org.springframework.amqp.rabbit.RabbitListenerEndpointContainer#0-1] ERROR com.eleicao.core.component.CandidatoListener - Candidato ja existe: papai neymar
2025-05-17 19:48:53.151 [org.springframework.amqp.rabbit.RabbitListenerEndpointContainer#0-1] ERROR com.eleicao.core.component.CandidatoListener - Candidato ja existe: papai neymar
2025-05-17 19:48:53.156 [org.springframework.amqp.rabbit.RabbitListenerEndpointContainer#0-1] ERROR com.eleicao.core.component.CandidatoListener - Candidato ja existe: papai neymar
2025-05-17 19:48:53.161 [org.springframework.amqp.rabbit.RabbitListenerEndpointContainer#0-1] ERROR com.eleicao.core.component.CandidatoListener - Candidato ja existe: papai neymar
2025-05-17 19:48:53.165 [org.springframework.amqp.rabbit.RabbitListenerEndpointContainer#0-1] ERROR com.eleicao.core.component.CandidatoListener - Candidato ja existe: papai neymar
2025-05-17 19:48:53.170 [org.springframework.amqp.rabbit.RabbitListenerEndpointContainer#0-1] ERROR com.eleicao.core.component.CandidatoListener - Candidato ja existe: papai neymar
2025-05-17 19:48:53.175 [org.springframework.amqp.rabbit.RabbitListenerEndpointContainer#0-1] ERROR com.eleicao.core.component.CandidatoListener - Candidato ja existe: papai neymar
2025-05-17 19:48:53.179 [org.springframework.amqp.rabbit.RabbitListenerEndpointContainer#0-1] ERROR com.eleicao.core.component.CandidatoListener - Candidato ja existe: papai neymar
2025-05-17 19:48:53.184 [org.springframework.amqp.rabbit.RabbitListenerEndpointContainer#0-1] ERROR com.eleicao.core.component.CandidatoListener - Candidato ja existe: papai neymar
2025-05-17 19:48:53.188 [org.springframework.amqp.rabbit.RabbitListenerEndpointContainer#0-1] ERROR com.eleicao.core.component.CandidatoListener - Candidato ja existe: papai neymar
2025-05-17 19:48:53.192 [org.springframework.amqp.rabbit.RabbitListenerEndpointContainer#0-1] ERROR com.eleicao.core.component.CandidatoListener - Candidato ja existe: papai neymar
2025-05-17 19:48:53.195 [org.springframework.amqp.rabbit.RabbitListenerEndpointContainer#0-1] ERROR com.eleicao.core.component.CandidatoListener - Candidato ja existe: papai neymar
2025-05-17 19:48:53.199 [org.springframework.amqp.rabbit.RabbitListenerEndpointContainer#0-1] ERROR com.eleicao.core.component.CandidatoListener - Candidato ja existe: papai neymar
2025-05-17 19:48:53.204 [org.springframework.amqp.rabbit.RabbitListenerEndpointContainer#0-1] ERROR com.eleicao.core.component.CandidatoListener - Candidato ja existe: papai neymar
2025-05-17 19:48:53.209 [org.springframework.amqp.rabbit.RabbitListenerEndpointContainer#0-1] ERROR com.eleicao.core.component.CandidatoListener - Candidato ja existe: papai neymar
2025-05-17 19:48:53.213 [org.springframework.amqp.rabbit.RabbitListenerEndpointContainer#0-1] ERROR com.eleicao.core.component.CandidatoListener - Candidato ja existe: papai neymar
2025-05-17 19:48:53.217 [org.springframework.amqp.rabbit.RabbitListenerEndpointContainer#0-1] ERROR com.eleicao.core.component.CandidatoListener - Candidato ja existe: papai neymar
2025-05-17 19:48:53.221 [org.springframework.amqp.rabbit.RabbitListenerEndpointContainer#0-1] ERROR com.eleicao.core.component.CandidatoListener - Candidato ja existe: papai neymar
2025-05-17 19:48:53.225 [org.springframework.amqp.rabbit.RabbitListenerEndpointContainer#0-1] ERROR com.eleicao.core.component.CandidatoListener - Candidato ja existe: papai neymar
2025-05-17 19:48:53.229 [org.springframework.amqp.rabbit.RabbitListenerEndpointContainer#0-1] ERROR com.eleicao.core.component.CandidatoListener - Candidato ja existe: papai neymar
2025-05-17 19:48:53.233 [org.springframework.amqp.rabbit.RabbitListenerEndpointContainer#0-1] ERROR com.eleicao.core.component.CandidatoListener - Candidato ja existe: papai neymar
2025-05-17 19:48:53.236 [org.springframework.amqp.rabbit.RabbitListenerEndpointContainer#0-1] ERROR com.eleicao.core.component.CandidatoListener - Candidato ja existe: papai neymar
2025-05-17 19:48:53.240 [org.springframework.amqp.rabbit.RabbitListenerEndpointContainer#0-1] ERROR com.eleicao.core.component.CandidatoListener - Candidato ja existe: papai neymar
2025-05-17 19:48:53.243 [org.springframework.amqp.rabbit.RabbitListenerEndpointContainer#0-1] ERROR com.eleicao.core.component.CandidatoListener - Candidato ja existe: papai neymar
2025-05-17 19:48:53.247 [org.springframework.amqp.rabbit.RabbitListenerEndpointContainer#0-1] ERROR com.eleicao.core.component.CandidatoListener - Candidato ja existe: papai neymar
2025-05-17 19:48:53.250 [org.springframework.amqp.rabbit.RabbitListenerEndpointContainer#0-1] ERROR com.eleicao.core.component.CandidatoListener - Candidato ja existe: papai neymar
2025-05-17 19:48:53.255 [org.springframework.amqp.rabbit.RabbitListenerEndpointContainer#0-1] ERROR com.eleicao.core.component.CandidatoListener - Candidato ja existe: papai neymar
2025-05-17 19:48:53.259 [org.springframework.amqp.rabbit.RabbitListenerEndpointContainer#0-1] ERROR com.eleicao.core.component.CandidatoListener - Candidato ja existe: papai neymar
2025-05-17 19:48:53.263 [org.springframework.amqp.rabbit.RabbitListenerEndpointContainer#0-1] ERROR com.eleicao.core.component.CandidatoListener - Candidato ja existe: papai neymar
2025-05-17 19:48:53.268 [org.springframework.amqp.rabbit.RabbitListenerEndpointContainer#0-1] ERROR com.eleicao.core.component.CandidatoListener - Candidato ja existe: papai neymar
2025-05-17 19:48:53.273 [org.springframework.amqp.rabbit.RabbitListenerEndpointContainer#0-1] ERROR com.eleicao.core.component.CandidatoListener - Candidato ja existe: papai neymar
2025-05-17 19:48:53.278 [org.springframework.amqp.rabbit.RabbitListenerEndpointContainer#0-1] ERROR com.eleicao.core.component.CandidatoListener - Candidato ja existe: papai neymar
2025-05-17 19:48:53.283 [org.springframework.amqp.rabbit.RabbitListenerEndpointContainer#0-1] ERROR com.eleicao.core.component.CandidatoListener - Candidato ja existe: papai neymar
2025-05-17 19:48:53.287 [org.springframework.amqp.rabbit.RabbitListenerEndpointContainer#0-1] ERROR com.eleicao.core.component.CandidatoListener - Candidato ja existe: papai neymar
2025-05-17 19:48:53.292 [org.springframework.amqp.rabbit.RabbitListenerEndpointContainer#0-1] ERROR com.eleicao.core.component.CandidatoListener - Candidato ja existe: papai neymar
2025-05-17 19:48:53.297 [org.springframework.amqp.rabbit.RabbitListenerEndpointContainer#0-1] ERROR com.eleicao.core.component.CandidatoListener - Candidato ja existe: papai neymar
2025-05-17 19:48:53.302 [org.springframework.amqp.rabbit.RabbitListenerEndpointContainer#0-1] ERROR com.eleicao.core.component.CandidatoListener - Candidato ja existe: papai neymar
2025-05-17 19:48:53.308 [org.springframework.amqp.rabbit.RabbitListenerEndpointContainer#0-1] ERROR com.eleicao.core.component.CandidatoListener - Candidato ja existe: papai neymar
2025-05-17 19:48:53.313 [org.springframework.amqp.rabbit.RabbitListenerEndpointContainer#0-1] ERROR com.eleicao.core.component.CandidatoListener - Candidato ja existe: papai neymar
2025-05-17 19:48:53.317 [org.springframework.amqp.rabbit.RabbitListenerEndpointContainer#0-1] ERROR com.eleicao.core.component.CandidatoListener - Candidato ja existe: papai neymar
2025-05-17 19:48:53.321 [org.springframework.amqp.rabbit.RabbitListenerEndpointContainer#0-1] ERROR com.eleicao.core.component.CandidatoListener - Candidato ja existe: papai neymar
2025-05-17 19:48:53.324 [org.springframework.amqp.rabbit.RabbitListenerEndpointContainer#0-1] ERROR com.eleicao.core.component.CandidatoListener - Candidato ja existe: papai neymar
2025-05-17 19:48:53.329 [org.springframework.amqp.rabbit.RabbitListenerEndpointContainer#0-1] ERROR com.eleicao.core.component.CandidatoListener - Candidato ja existe: papai neymar
2025-05-17 19:48:53.333 [org.springframework.amqp.rabbit.RabbitListenerEndpointContainer#0-1] ERROR com.eleicao.core.component.CandidatoListener - Candidato ja existe: papai neymar
2025-05-17 19:48:53.337 [org.springframework.amqp.rabbit.RabbitListenerEndpointContainer#0-1] ERROR com.eleicao.core.component.CandidatoListener - Candidato ja existe: papai neymar
2025-05-17 19:48:53.342 [org.springframework.amqp.rabbit.RabbitListenerEndpointContainer#0-1] ERROR com.eleicao.core.component.CandidatoListener - Candidato ja existe: papai neymar
2025-05-17 19:48:53.347 [org.springframework.amqp.rabbit.RabbitListenerEndpointContainer#0-1] ERROR com.eleicao.core.component.CandidatoListener - Candidato ja existe: papai neymar
2025-05-17 19:48:53.351 [org.springframework.amqp.rabbit.RabbitListenerEndpointContainer#0-1] ERROR com.eleicao.core.component.CandidatoListener - Candidato ja existe: papai neymar
2025-05-17 19:48:53.356 [org.springframework.amqp.rabbit.RabbitListenerEndpointContainer#0-1] ERROR com.eleicao.core.component.CandidatoListener - Candidato ja existe: papai neymar
2025-05-17 19:48:53.360 [org.springframework.amqp.rabbit.RabbitListenerEndpointContainer#0-1] ERROR com.eleicao.core.component.CandidatoListener - Candidato ja existe: papai neymar
2025-05-17 19:48:53.364 [org.springframework.amqp.rabbit.RabbitListenerEndpointContainer#0-1] ERROR com.eleicao.core.component.CandidatoListener - Candidato ja existe: papai neymar
2025-05-17 19:48:53.369 [org.springframework.amqp.rabbit.RabbitListenerEndpointContainer#0-1] ERROR com.eleicao.core.component.CandidatoListener - Candidato ja existe: papai neymar
2025-05-17 19:48:53.374 [org.springframework.amqp.rabbit.RabbitListenerEndpointContainer#0-1] ERROR com.eleicao.core.component.CandidatoListener - Candidato ja existe: papai neymar
2025-05-17 19:48:53.379 [org.springframework.amqp.rabbit.RabbitListenerEndpointContainer#0-1] ERROR com.eleicao.core.component.CandidatoListener - Candidato ja existe: papai neymar
2025-05-17 19:48:53.384 [org.springframework.amqp.rabbit.RabbitListenerEndpointContainer#0-1] ERROR com.eleicao.core.component.CandidatoListener - Candidato ja existe: papai neymar
2025-05-17 19:48:53.389 [org.springframework.amqp.rabbit.RabbitListenerEndpointContainer#0-1] ERROR com.eleicao.core.component.CandidatoListener - Candidato ja existe: papai neymar
2025-05-17 19:48:53.394 [org.springframework.amqp.rabbit.RabbitListenerEndpointContainer#0-1] ERROR com.eleicao.core.component.CandidatoListener - Candidato ja existe: papai neymar
2025-05-17 19:48:53.400 [org.springframework.amqp.rabbit.RabbitListenerEndpointContainer#0-1] ERROR com.eleicao.core.component.CandidatoListener - Candidato ja existe: papai neymar
2025-05-17 19:48:53.403 [org.springframework.amqp.rabbit.RabbitListenerEndpointContainer#0-1] ERROR com.eleicao.core.component.CandidatoListener - Candidato ja existe: papai neymar
2025-05-17 19:48:53.407 [org.springframework.amqp.rabbit.RabbitListenerEndpointContainer#0-1] ERROR com.eleicao.core.component.CandidatoListener - Candidato ja existe: papai neymar
2025-05-17 19:48:53.410 [org.springframework.amqp.rabbit.RabbitListenerEndpointContainer#0-1] ERROR com.eleicao.core.component.CandidatoListener - Candidato ja existe: papai neymar
2025-05-17 19:48:53.415 [org.springframework.amqp.rabbit.RabbitListenerEndpointContainer#0-1] ERROR com.eleicao.core.component.CandidatoListener - Candidato ja existe: papai neymar
2025-05-17 19:48:53.418 [org.springframework.amqp.rabbit.RabbitListenerEndpointContainer#0-1] ERROR com.eleicao.core.component.CandidatoListener - Candidato ja existe: papai neymar
2025-05-17 19:48:53.422 [org.springframework.amqp.rabbit.RabbitListenerEndpointContainer#0-1] ERROR com.eleicao.core.component.CandidatoListener - Candidato ja existe: papai neymar
2025-05-17 19:48:53.427 [org.springframework.amqp.rabbit.RabbitListenerEndpointContainer#0-1] ERROR com.eleicao.core.component.CandidatoListener - Candidato ja existe: papai neymar
2025-05-17 19:48:53.431 [org.springframework.amqp.rabbit.RabbitListenerEndpointContainer#0-1] ERROR com.eleicao.core.component.CandidatoListener - Candidato ja existe: papai neymar
2025-05-17 19:48:53.434 [org.springframework.amqp.rabbit.RabbitListenerEndpointContainer#0-1] ERROR com.eleicao.core.component.CandidatoListener - Candidato ja existe: papai neymar
2025-05-17 19:48:53.439 [org.springframework.amqp.rabbit.RabbitListenerEndpointContainer#0-1] ERROR com.eleicao.core.component.CandidatoListener - Candidato ja existe: papai neymar
2025-05-17 19:48:53.442 [org.springframework.amqp.rabbit.RabbitListenerEndpointContainer#0-1] ERROR com.eleicao.core.component.CandidatoListener - Candidato ja existe: papai neymar
2025-05-17 19:48:53.448 [org.springframework.amqp.rabbit.RabbitListenerEndpointContainer#0-1] ERROR com.eleicao.core.component.CandidatoListener - Candidato ja existe: papai neymar
2025-05-17 19:48:53.452 [org.springframework.amqp.rabbit.RabbitListenerEndpointContainer#0-1] ERROR com.eleicao.core.component.CandidatoListener - Candidato ja existe: papai neymar
2025-05-17 19:48:53.456 [org.springframework.amqp.rabbit.RabbitListenerEndpointContainer#0-1] ERROR com.eleicao.core.component.CandidatoListener - Candidato ja existe: papai neymar
2025-05-17 19:48:53.460 [org.springframework.amqp.rabbit.RabbitListenerEndpointContainer#0-1] ERROR com.eleicao.core.component.CandidatoListener - Candidato ja existe: papai neymar
2025-05-17 19:48:53.464 [org.springframework.amqp.rabbit.RabbitListenerEndpointContainer#0-1] ERROR com.eleicao.core.component.CandidatoListener - Candidato ja existe: papai neymar
2025-05-17 19:48:53.469 [org.springframework.amqp.rabbit.RabbitListenerEndpointContainer#0-1] ERROR com.eleicao.core.component.CandidatoListener - Candidato ja existe: papai neymar
2025-05-17 19:48:53.473 [org.springframework.amqp.rabbit.RabbitListenerEndpointContainer#0-1] ERROR com.eleicao.core.component.CandidatoListener - Candidato ja existe: papai neymar
2025-05-17 19:48:53.478 [org.springframework.amqp.rabbit.RabbitListenerEndpointContainer#0-1] ERROR com.eleicao.core.component.CandidatoListener - Candidato ja existe: papai neymar
2025-05-17 19:48:53.483 [org.springframework.amqp.rabbit.RabbitListenerEndpointContainer#0-1] ERROR com.eleicao.core.component.CandidatoListener - Candidato ja existe: papai neymar
2025-05-17 19:48:53.488 [org.springframework.amqp.rabbit.RabbitListenerEndpointContainer#0-1] ERROR com.eleicao.core.component.CandidatoListener - Candidato ja existe: papai neymar
2025-05-17 19:48:53.493 [org.springframework.amqp.rabbit.RabbitListenerEndpointContainer#0-1] ERROR com.eleicao.core.component.CandidatoListener - Candidato ja existe: papai neymar
2025-05-17 19:48:53.499 [org.springframework.amqp.rabbit.RabbitListenerEndpointContainer#0-1] ERROR com.eleicao.core.component.CandidatoListener - Candidato ja existe: papai neymar
2025-05-17 19:48:53.503 [org.springframework.amqp.rabbit.RabbitListenerEndpointContainer#0-1] ERROR com.eleicao.core.component.CandidatoListener - Candidato ja existe: papai neymar
2025-05-17 19:48:53.508 [org.springframework.amqp.rabbit.RabbitListenerEndpointContainer#0-1] ERROR com.eleicao.core.component.CandidatoListener - Candidato ja existe: papai neymar
2025-05-17 19:48:53.516 [org.springframework.amqp.rabbit.RabbitListenerEndpointContainer#0-1] ERROR com.eleicao.core.component.CandidatoListener - Candidato ja existe: papai neymar
2025-05-17 19:48:53.521 [org.springframework.amqp.rabbit.RabbitListenerEndpointContainer#0-1] ERROR com.eleicao.core.component.CandidatoListener - Candidato ja existe: papai neymar
2025-05-17 19:48:53.526 [org.springframework.amqp.rabbit.RabbitListenerEndpointContainer#0-1] ERROR com.eleicao.core.component.CandidatoListener - Candidato ja existe: papai neymar
2025-05-17 19:48:53.532 [org.springframework.amqp.rabbit.RabbitListenerEndpointContainer#0-1] ERROR com.eleicao.core.component.CandidatoListener - Candidato ja existe: papai neymar
2025-05-17 19:48:53.538 [org.springframework.amqp.rabbit.RabbitListenerEndpointContainer#0-1] ERROR com.eleicao.core.component.CandidatoListener - Candidato ja existe: papai neymar
2025-05-17 19:48:53.542 [org.springframework.amqp.rabbit.RabbitListenerEndpointContainer#0-1] ERROR com.eleicao.core.component.CandidatoListener - Candidato ja existe: papai neymar
2025-05-17 19:48:53.548 [org.springframework.amqp.rabbit.RabbitListenerEndpointContainer#0-1] ERROR com.eleicao.core.component.CandidatoListener - Candidato ja existe: papai neymar
2025-05-17 19:48:53.552 [org.springframework.amqp.rabbit.RabbitListenerEndpointContainer#0-1] ERROR com.eleicao.core.component.CandidatoListener - Candidato ja existe: papai neymar
2025-05-17 19:48:53.556 [org.springframework.amqp.rabbit.RabbitListenerEndpointContainer#0-1] ERROR com.eleicao.core.component.CandidatoListener - Candidato ja existe: papai neymar
2025-05-17 19:48:53.560 [org.springframework.amqp.rabbit.RabbitListenerEndpointContainer#0-1] ERROR com.eleicao.core.component.CandidatoListener - Candidato ja existe: papai neymar
2025-05-17 19:48:53.565 [org.springframework.amqp.rabbit.RabbitListenerEndpointContainer#0-1] ERROR com.eleicao.core.component.CandidatoListener - Candidato ja existe: papai neymar
2025-05-17 19:48:53.570 [org.springframework.amqp.rabbit.RabbitListenerEndpointContainer#0-1] ERROR com.eleicao.core.component.CandidatoListener - Candidato ja existe: papai neymar
2025-05-17 19:48:53.574 [org.springframework.amqp.rabbit.RabbitListenerEndpointContainer#0-1] ERROR com.eleicao.core.component.CandidatoListener - Candidato ja existe: papai neymar
2025-05-17 19:48:53.579 [org.springframework.amqp.rabbit.RabbitListenerEndpointContainer#0-1] ERROR com.eleicao.core.component.CandidatoListener - Candidato ja existe: papai neymar
2025-05-17 19:48:53.584 [org.springframework.amqp.rabbit.RabbitListenerEndpointContainer#0-1] ERROR com.eleicao.core.component.CandidatoListener - Candidato ja existe: papai neymar
2025-05-17 19:48:53.589 [org.springframework.amqp.rabbit.RabbitListenerEndpointContainer#0-1] ERROR com.eleicao.core.component.CandidatoListener - Candidato ja existe: papai neymar
2025-05-17 19:48:53.594 [org.springframework.amqp.rabbit.RabbitListenerEndpointContainer#0-1] ERROR com.eleicao.core.component.CandidatoListener - Candidato ja existe: papai neymar
2025-05-17 19:48:53.599 [org.springframework.amqp.rabbit.RabbitListenerEndpointContainer#0-1] ERROR com.eleicao.core.component.CandidatoListener - Candidato ja existe: papai neymar
2025-05-17 19:48:53.604 [org.springframework.amqp.rabbit.RabbitListenerEndpointContainer#0-1] ERROR com.eleicao.core.component.CandidatoListener - Candidato ja existe: papai neymar
2025-05-17 19:48:53.608 [org.springframework.amqp.rabbit.RabbitListenerEndpointContainer#0-1] ERROR com.eleicao.core.component.CandidatoListener - Candidato ja existe: papai neymar
2025-05-17 19:48:53.612 [org.springframework.amqp.rabbit.RabbitListenerEndpointContainer#0-1] ERROR com.eleicao.core.component.CandidatoListener - Candidato ja existe: papai neymar
2025-05-17 19:48:53.616 [org.springframework.amqp.rabbit.RabbitListenerEndpointContainer#0-1] ERROR com.eleicao.core.component.CandidatoListener - Candidato ja existe: papai neymar
2025-05-17 19:48:53.620 [org.springframework.amqp.rabbit.RabbitListenerEndpointContainer#0-1] ERROR com.eleicao.core.component.CandidatoListener - Candidato ja existe: papai neymar
2025-05-17 19:48:53.624 [org.springframework.amqp.rabbit.RabbitListenerEndpointContainer#0-1] ERROR com.eleicao.core.component.CandidatoListener - Candidato ja existe: papai neymar
2025-05-17 19:48:53.627 [org.springframework.amqp.rabbit.RabbitListenerEndpointContainer#0-1] ERROR com.eleicao.core.component.CandidatoListener - Candidato ja existe: papai neymar
2025-05-17 19:48:53.634 [org.springframework.amqp.rabbit.RabbitListenerEndpointContainer#0-1] ERROR com.eleicao.core.component.CandidatoListener - Candidato ja existe: papai neymar
2025-05-17 19:48:53.640 [org.springframework.amqp.rabbit.RabbitListenerEndpointContainer#0-1] ERROR com.eleicao.core.component.CandidatoListener - Candidato ja existe: papai neymar
2025-05-17 19:48:53.646 [org.springframework.amqp.rabbit.RabbitListenerEndpointContainer#0-1] ERROR com.eleicao.core.component.CandidatoListener - Candidato ja existe: papai neymar
2025-05-17 19:48:53.652 [org.springframework.amqp.rabbit.RabbitListenerEndpointContainer#0-1] ERROR com.eleicao.core.component.CandidatoListener - Candidato ja existe: papai neymar
2025-05-17 19:48:53.658 [org.springframework.amqp.rabbit.RabbitListenerEndpointContainer#0-1] ERROR com.eleicao.core.component.CandidatoListener - Candidato ja existe: papai neymar
2025-05-17 19:48:53.664 [org.springframework.amqp.rabbit.RabbitListenerEndpointContainer#0-1] ERROR com.eleicao.core.component.CandidatoListener - Candidato ja existe: papai neymar
2025-05-17 19:48:53.671 [org.springframework.amqp.rabbit.RabbitListenerEndpointContainer#0-1] ERROR com.eleicao.core.component.CandidatoListener - Candidato ja existe: papai neymar
2025-05-17 19:48:53.678 [org.springframework.amqp.rabbit.RabbitListenerEndpointContainer#0-1] ERROR com.eleicao.core.component.CandidatoListener - Candidato ja existe: papai neymar
2025-05-17 19:48:53.686 [org.springframework.amqp.rabbit.RabbitListenerEndpointContainer#0-1] ERROR com.eleicao.core.component.CandidatoListener - Candidato ja existe: papai neymar
2025-05-17 19:48:53.692 [org.springframework.amqp.rabbit.RabbitListenerEndpointContainer#0-1] ERROR com.eleicao.core.component.CandidatoListener - Candidato ja existe: papai neymar
2025-05-17 19:48:53.697 [org.springframework.amqp.rabbit.RabbitListenerEndpointContainer#0-1] ERROR com.eleicao.core.component.CandidatoListener - Candidato ja existe: papai neymar
2025-05-17 19:48:53.701 [org.springframework.amqp.rabbit.RabbitListenerEndpointContainer#0-1] ERROR com.eleicao.core.component.CandidatoListener - Candidato ja existe: papai neymar
2025-05-17 19:48:53.706 [org.springframework.amqp.rabbit.RabbitListenerEndpointContainer#0-1] ERROR com.eleicao.core.component.CandidatoListener - Candidato ja existe: papai neymar
2025-05-17 19:48:53.711 [org.springframework.amqp.rabbit.RabbitListenerEndpointContainer#0-1] ERROR com.eleicao.core.component.CandidatoListener - Candidato ja existe: papai neymar
2025-05-17 19:48:53.715 [org.springframework.amqp.rabbit.RabbitListenerEndpointContainer#0-1] ERROR com.eleicao.core.component.CandidatoListener - Candidato ja existe: papai neymar
2025-05-17 19:48:53.715 [org.springframework.amqp.rabbit.RabbitListenerEndpointContainer#0-1] ERROR com.eleicao.core.component.CandidatoListener - Candidato ja existe: papai neymar
2025-05-17 19:48:53.723 [org.springframework.amqp.rabbit.RabbitListenerEndpointContainer#0-1] ERROR com.eleicao.core.component.CandidatoListener - Candidato ja existe: papai neymar
2025-05-17 19:48:53.723 [org.springframework.amqp.rabbit.RabbitListenerEndpointContainer#0-1] ERROR com.eleicao.core.component.CandidatoListener - Candidato ja existe: papai neymar
2025-05-17 19:48:53.732 [org.springframework.amqp.rabbit.RabbitListenerEndpointContainer#0-1] ERROR com.eleicao.core.component.CandidatoListener - Candidato ja existe: papai neymar
2025-05-17 19:48:53.736 [org.springframework.amqp.rabbit.RabbitListenerEndpointContainer#0-1] ERROR com.eleicao.core.component.CandidatoListener - Candidato ja existe: papai neymar
2025-05-17 19:48:53.736 [org.springframework.amqp.rabbit.RabbitListenerEndpointContainer#0-1] ERROR com.eleicao.core.component.CandidatoListener - Candidato ja existe: papai neymar
2025-05-17 19:48:53.736 [org.springframework.amqp.rabbit.RabbitListenerEndpointContainer#0-1] ERROR com.eleicao.core.component.CandidatoListener - Candidato ja existe: papai neymar
2025-05-17 19:48:53.746 [org.springframework.amqp.rabbit.RabbitListenerEndpointContainer#0-1] ERROR com.eleicao.core.component.CandidatoListener - Candidato ja existe: papai neymar
2025-05-17 19:48:53.749 [org.springframework.amqp.rabbit.RabbitListenerEndpointContainer#0-1] ERROR com.eleicao.core.component.CandidatoListener - Candidato ja existe: papai neymar
2025-05-17 19:48:53.749 [org.springframework.amqp.rabbit.RabbitListenerEndpointContainer#0-1] ERROR com.eleicao.core.component.CandidatoListener - Candidato ja existe: papai neymar
2025-05-17 19:48:53.749 [org.springframework.amqp.rabbit.RabbitListenerEndpointContainer#0-1] ERROR com.eleicao.core.component.CandidatoListener - Candidato ja existe: papai neymar
2025-05-17 19:48:53.762 [org.springframework.amqp.rabbit.RabbitListenerEndpointContainer#0-1] ERROR com.eleicao.core.component.CandidatoListener - Candidato ja existe: papai neymar
2025-05-17 19:48:53.762 [org.springframework.amqp.rabbit.RabbitListenerEndpointContainer#0-1] ERROR com.eleicao.core.component.CandidatoListener - Candidato ja existe: papai neymar
2025-05-17 19:48:53.762 [org.springframework.amqp.rabbit.RabbitListenerEndpointContainer#0-1] ERROR com.eleicao.core.component.CandidatoListener - Candidato ja existe: papai neymar
2025-05-17 19:48:53.778 [org.springframework.amqp.rabbit.RabbitListenerEndpointContainer#0-1] ERROR com.eleicao.core.component.CandidatoListener - Candidato ja existe: papai neymar
2025-05-17 19:48:53.778 [org.springframework.amqp.rabbit.RabbitListenerEndpointContainer#0-1] ERROR com.eleicao.core.component.CandidatoListener - Candidato ja existe: papai neymar
2025-05-17 19:48:53.778 [org.springframework.amqp.rabbit.RabbitListenerEndpointContainer#0-1] ERROR com.eleicao.core.component.CandidatoListener - Candidato ja existe: papai neymar
2025-05-17 19:48:53.794 [org.springframework.amqp.rabbit.RabbitListenerEndpointContainer#0-1] ERROR com.eleicao.core.component.CandidatoListener - Candidato ja existe: papai neymar
2025-05-17 19:48:53.794 [org.springframework.amqp.rabbit.RabbitListenerEndpointContainer#0-1] ERROR com.eleicao.core.component.CandidatoListener - Candidato ja existe: papai neymar
2025-05-17 19:48:53.794 [org.springframework.amqp.rabbit.RabbitListenerEndpointContainer#0-1] ERROR com.eleicao.core.component.CandidatoListener - Candidato ja existe: papai neymar
2025-05-17 19:48:53.794 [org.springframework.amqp.rabbit.RabbitListenerEndpointContainer#0-1] ERROR com.eleicao.core.component.CandidatoListener - Candidato ja existe: papai neymar
2025-05-17 19:48:53.810 [org.springframework.amqp.rabbit.RabbitListenerEndpointContainer#0-1] ERROR com.eleicao.core.component.CandidatoListener - Candidato ja existe: papai neymar
2025-05-17 19:48:53.810 [org.springframework.amqp.rabbit.RabbitListenerEndpointContainer#0-1] ERROR com.eleicao.core.component.CandidatoListener - Candidato ja existe: papai neymar
2025-05-17 19:48:53.810 [org.springframework.amqp.rabbit.RabbitListenerEndpointContainer#0-1] ERROR com.eleicao.core.component.CandidatoListener - Candidato ja existe: papai neymar
2025-05-17 19:48:53.810 [org.springframework.amqp.rabbit.RabbitListenerEndpointContainer#0-1] ERROR com.eleicao.core.component.CandidatoListener - Candidato ja existe: papai neymar
2025-05-17 19:48:53.810 [org.springframework.amqp.rabbit.RabbitListenerEndpointContainer#0-1] ERROR com.eleicao.core.component.CandidatoListener - Candidato ja existe: papai neymar
2025-05-17 19:48:53.826 [org.springframework.amqp.rabbit.RabbitListenerEndpointContainer#0-1] ERROR com.eleicao.core.component.CandidatoListener - Candidato ja existe: papai neymar
2025-05-17 19:48:53.826 [org.springframework.amqp.rabbit.RabbitListenerEndpointContainer#0-1] ERROR com.eleicao.core.component.CandidatoListener - Candidato ja existe: papai neymar
2025-05-17 19:48:53.826 [org.springframework.amqp.rabbit.RabbitListenerEndpointContainer#0-1] ERROR com.eleicao.core.component.CandidatoListener - Candidato ja existe: papai neymar
2025-05-17 19:48:53.826 [org.springframework.amqp.rabbit.RabbitListenerEndpointContainer#0-1] ERROR com.eleicao.core.component.CandidatoListener - Candidato ja existe: papai neymar
2025-05-17 19:48:53.841 [org.springframework.amqp.rabbit.RabbitListenerEndpointContainer#0-1] ERROR com.eleicao.core.component.CandidatoListener - Candidato ja existe: papai neymar
2025-05-17 19:48:53.841 [org.springframework.amqp.rabbit.RabbitListenerEndpointContainer#0-1] ERROR com.eleicao.core.component.CandidatoListener - Candidato ja existe: papai neymar
2025-05-17 19:48:53.841 [org.springframework.amqp.rabbit.RabbitListenerEndpointContainer#0-1] ERROR com.eleicao.core.component.CandidatoListener - Candidato ja existe: papai neymar
2025-05-17 19:48:53.841 [org.springframework.amqp.rabbit.RabbitListenerEndpointContainer#0-1] ERROR com.eleicao.core.component.CandidatoListener - Candidato ja existe: papai neymar
2025-05-17 19:48:53.861 [org.springframework.amqp.rabbit.RabbitListenerEndpointContainer#0-1] ERROR com.eleicao.core.component.CandidatoListener - Candidato ja existe: papai neymar
2025-05-17 19:48:53.867 [org.springframework.amqp.rabbit.RabbitListenerEndpointContainer#0-1] ERROR com.eleicao.core.component.CandidatoListener - Candidato ja existe: papai neymar
2025-05-17 19:48:53.871 [org.springframework.amqp.rabbit.RabbitListenerEndpointContainer#0-1] ERROR com.eleicao.core.component.CandidatoListener - Candidato ja existe: papai neymar
2025-05-17 19:48:53.873 [org.springframework.amqp.rabbit.RabbitListenerEndpointContainer#0-1] ERROR com.eleicao.core.component.CandidatoListener - Candidato ja existe: papai neymar
2025-05-17 19:48:53.873 [org.springframework.amqp.rabbit.RabbitListenerEndpointContainer#0-1] ERROR com.eleicao.core.component.CandidatoListener - Candidato ja existe: papai neymar
2025-05-17 19:48:53.885 [org.springframework.amqp.rabbit.RabbitListenerEndpointContainer#0-1] ERROR com.eleicao.core.component.CandidatoListener - Candidato ja existe: papai neymar
2025-05-17 19:48:53.888 [org.springframework.amqp.rabbit.RabbitListenerEndpointContainer#0-1] ERROR com.eleicao.core.component.CandidatoListener - Candidato ja existe: papai neymar
2025-05-17 19:48:53.896 [org.springframework.amqp.rabbit.RabbitListenerEndpointContainer#0-1] ERROR com.eleicao.core.component.CandidatoListener - Candidato ja existe: papai neymar
2025-05-17 19:48:53.902 [org.springframework.amqp.rabbit.RabbitListenerEndpointContainer#0-1] ERROR com.eleicao.core.component.CandidatoListener - Candidato ja existe: papai neymar
2025-05-17 19:48:53.906 [org.springframework.amqp.rabbit.RabbitListenerEndpointContainer#0-1] ERROR com.eleicao.core.component.CandidatoListener - Candidato ja existe: papai neymar
2025-05-17 19:48:53.912 [org.springframework.amqp.rabbit.RabbitListenerEndpointContainer#0-1] ERROR com.eleicao.core.component.CandidatoListener - Candidato ja existe: papai neymar
2025-05-17 19:48:54.032 [SpringApplicationShutdownHook] INFO  com.zaxxer.hikari.HikariDataSource - HikariPool-1 - Shutdown initiated...
2025-05-17 19:48:54.038 [SpringApplicationShutdownHook] INFO  com.zaxxer.hikari.HikariDataSource - HikariPool-1 - Shutdown completed.
2025-05-17 20:41:18.086 [background-preinit] INFO  org.hibernate.validator.internal.util.Version - HV000001: Hibernate Validator 8.0.2.Final
2025-05-17 20:41:18.140 [restartedMain] INFO  com.eleicao.core.CoreApplication - Starting CoreApplication using Java 21.0.6 with PID 29388 (C:\Users\yguilherme\Documents\youknow\nova_pasta\trab_sd_votacao\backend+core\core\target\classes started by yguilherme in C:\Users\yguilherme\Documents\youknow\nova_pasta\trab_sd_votacao\backend+core\core)
2025-05-17 20:41:18.148 [restartedMain] INFO  com.eleicao.core.CoreApplication - No active profile set, falling back to 1 default profile: "default"
2025-05-17 20:41:19.773 [restartedMain] INFO  org.apache.coyote.http11.Http11NioProtocol - Initializing ProtocolHandler ["http-nio-9090"]
2025-05-17 20:41:19.775 [restartedMain] INFO  org.apache.catalina.core.StandardService - Starting service [Tomcat]
2025-05-17 20:41:19.776 [restartedMain] INFO  org.apache.catalina.core.StandardEngine - Starting Servlet engine: [Apache Tomcat/10.1.40]
2025-05-17 20:41:19.818 [restartedMain] INFO  org.apache.catalina.core.ContainerBase.[Tomcat].[localhost].[/] - Initializing Spring embedded WebApplicationContext
2025-05-17 20:41:20.024 [restartedMain] INFO  org.hibernate.jpa.internal.util.LogHelper - HHH000204: Processing PersistenceUnitInfo [name: default]
2025-05-17 20:41:20.106 [restartedMain] INFO  org.hibernate.Version - HHH000412: Hibernate ORM core version 6.6.13.Final
2025-05-17 20:41:20.144 [restartedMain] INFO  org.hibernate.cache.internal.RegionFactoryInitiator - HHH000026: Second-level cache disabled
2025-05-17 20:41:20.522 [restartedMain] INFO  com.zaxxer.hikari.HikariDataSource - HikariPool-1 - Starting...
2025-05-17 20:41:20.658 [restartedMain] INFO  com.zaxxer.hikari.pool.HikariPool - HikariPool-1 - Added connection org.postgresql.jdbc.PgConnection@1e4ebd42
2025-05-17 20:41:20.659 [restartedMain] INFO  com.zaxxer.hikari.HikariDataSource - HikariPool-1 - Start completed.
2025-05-17 20:41:20.703 [restartedMain] WARN  org.hibernate.orm.deprecation - HHH90000025: PostgreSQLDialect does not need to be specified explicitly using 'hibernate.dialect' (remove the property setting and it will be selected by default)
2025-05-17 20:41:20.723 [restartedMain] INFO  org.hibernate.orm.connections.pooling - HHH10001005: Database info:
	Database JDBC URL [Connecting through datasource 'HikariDataSource (HikariPool-1)']
	Database driver: undefined/unknown
	Database version: 17.4
	Autocommit mode: undefined/unknown
	Isolation level: undefined/unknown
	Minimum pool size: undefined/unknown
	Maximum pool size: undefined/unknown
2025-05-17 20:41:21.414 [restartedMain] INFO  org.hibernate.engine.transaction.jta.platform.internal.JtaPlatformInitiator - HHH000489: No JTA platform available (set 'hibernate.transaction.jta.platform' to enable JTA platform integration)
2025-05-17 20:41:22.592 [restartedMain] INFO  org.apache.coyote.http11.Http11NioProtocol - Starting ProtocolHandler ["http-nio-9090"]
2025-05-17 20:41:22.708 [restartedMain] INFO  com.eleicao.core.CoreApplication - Started CoreApplication in 4.897 seconds (process running for 5.786)
2025-05-17 20:41:22.925 [org.springframework.amqp.rabbit.RabbitListenerEndpointContainer#0-1] ERROR com.eleicao.core.component.CandidatoListener - Candidato ja existe: papai neymar
2025-05-17 20:41:22.937 [org.springframework.amqp.rabbit.RabbitListenerEndpointContainer#0-1] ERROR com.eleicao.core.component.CandidatoListener - Candidato ja existe: papai neymar
2025-05-17 20:41:22.942 [org.springframework.amqp.rabbit.RabbitListenerEndpointContainer#0-1] ERROR com.eleicao.core.component.CandidatoListener - Candidato ja existe: papai neymar
2025-05-17 20:41:22.947 [org.springframework.amqp.rabbit.RabbitListenerEndpointContainer#0-1] ERROR com.eleicao.core.component.CandidatoListener - Candidato ja existe: papai neymar
2025-05-17 20:41:22.951 [org.springframework.amqp.rabbit.RabbitListenerEndpointContainer#0-1] ERROR com.eleicao.core.component.CandidatoListener - Candidato ja existe: papai neymar
2025-05-17 20:41:22.955 [org.springframework.amqp.rabbit.RabbitListenerEndpointContainer#0-1] ERROR com.eleicao.core.component.CandidatoListener - Candidato ja existe: papai neymar
2025-05-17 20:41:22.959 [org.springframework.amqp.rabbit.RabbitListenerEndpointContainer#0-1] ERROR com.eleicao.core.component.CandidatoListener - Candidato ja existe: papai neymar
2025-05-17 20:41:22.963 [org.springframework.amqp.rabbit.RabbitListenerEndpointContainer#0-1] ERROR com.eleicao.core.component.CandidatoListener - Candidato ja existe: papai neymar
2025-05-17 20:41:22.967 [org.springframework.amqp.rabbit.RabbitListenerEndpointContainer#0-1] ERROR com.eleicao.core.component.CandidatoListener - Candidato ja existe: papai neymar
2025-05-17 20:41:22.970 [org.springframework.amqp.rabbit.RabbitListenerEndpointContainer#0-1] ERROR com.eleicao.core.component.CandidatoListener - Candidato ja existe: papai neymar
2025-05-17 20:41:22.974 [org.springframework.amqp.rabbit.RabbitListenerEndpointContainer#0-1] ERROR com.eleicao.core.component.CandidatoListener - Candidato ja existe: papai neymar
2025-05-17 20:41:22.978 [org.springframework.amqp.rabbit.RabbitListenerEndpointContainer#0-1] ERROR com.eleicao.core.component.CandidatoListener - Candidato ja existe: papai neymar
2025-05-17 20:41:22.981 [org.springframework.amqp.rabbit.RabbitListenerEndpointContainer#0-1] ERROR com.eleicao.core.component.CandidatoListener - Candidato ja existe: papai neymar
2025-05-17 20:41:22.984 [org.springframework.amqp.rabbit.RabbitListenerEndpointContainer#0-1] ERROR com.eleicao.core.component.CandidatoListener - Candidato ja existe: papai neymar
2025-05-17 20:41:22.987 [org.springframework.amqp.rabbit.RabbitListenerEndpointContainer#0-1] ERROR com.eleicao.core.component.CandidatoListener - Candidato ja existe: papai neymar
2025-05-17 20:41:22.991 [org.springframework.amqp.rabbit.RabbitListenerEndpointContainer#0-1] ERROR com.eleicao.core.component.CandidatoListener - Candidato ja existe: papai neymar
2025-05-17 20:41:22.995 [org.springframework.amqp.rabbit.RabbitListenerEndpointContainer#0-1] ERROR com.eleicao.core.component.CandidatoListener - Candidato ja existe: papai neymar
2025-05-17 20:41:22.999 [org.springframework.amqp.rabbit.RabbitListenerEndpointContainer#0-1] ERROR com.eleicao.core.component.CandidatoListener - Candidato ja existe: papai neymar
2025-05-17 20:41:23.003 [org.springframework.amqp.rabbit.RabbitListenerEndpointContainer#0-1] ERROR com.eleicao.core.component.CandidatoListener - Candidato ja existe: papai neymar
2025-05-17 20:41:23.006 [org.springframework.amqp.rabbit.RabbitListenerEndpointContainer#0-1] ERROR com.eleicao.core.component.CandidatoListener - Candidato ja existe: papai neymar
2025-05-17 20:41:23.009 [org.springframework.amqp.rabbit.RabbitListenerEndpointContainer#0-1] ERROR com.eleicao.core.component.CandidatoListener - Candidato ja existe: papai neymar
2025-05-17 20:41:23.013 [org.springframework.amqp.rabbit.RabbitListenerEndpointContainer#0-1] ERROR com.eleicao.core.component.CandidatoListener - Candidato ja existe: papai neymar
2025-05-17 20:41:23.016 [org.springframework.amqp.rabbit.RabbitListenerEndpointContainer#0-1] ERROR com.eleicao.core.component.CandidatoListener - Candidato ja existe: papai neymar
2025-05-17 20:41:23.021 [org.springframework.amqp.rabbit.RabbitListenerEndpointContainer#0-1] ERROR com.eleicao.core.component.CandidatoListener - Candidato ja existe: papai neymar
2025-05-17 20:41:23.025 [org.springframework.amqp.rabbit.RabbitListenerEndpointContainer#0-1] ERROR com.eleicao.core.component.CandidatoListener - Candidato ja existe: papai neymar
2025-05-17 20:41:23.029 [org.springframework.amqp.rabbit.RabbitListenerEndpointContainer#0-1] ERROR com.eleicao.core.component.CandidatoListener - Candidato ja existe: papai neymar
2025-05-17 20:41:23.034 [org.springframework.amqp.rabbit.RabbitListenerEndpointContainer#0-1] ERROR com.eleicao.core.component.CandidatoListener - Candidato ja existe: papai neymar
2025-05-17 20:41:23.038 [org.springframework.amqp.rabbit.RabbitListenerEndpointContainer#0-1] ERROR com.eleicao.core.component.CandidatoListener - Candidato ja existe: papai neymar
2025-05-17 20:41:23.043 [org.springframework.amqp.rabbit.RabbitListenerEndpointContainer#0-1] ERROR com.eleicao.core.component.CandidatoListener - Candidato ja existe: papai neymar
2025-05-17 20:41:23.047 [org.springframework.amqp.rabbit.RabbitListenerEndpointContainer#0-1] ERROR com.eleicao.core.component.CandidatoListener - Candidato ja existe: papai neymar
2025-05-17 20:41:23.053 [org.springframework.amqp.rabbit.RabbitListenerEndpointContainer#0-1] ERROR com.eleicao.core.component.CandidatoListener - Candidato ja existe: papai neymar
2025-05-17 20:41:23.056 [org.springframework.amqp.rabbit.RabbitListenerEndpointContainer#0-1] ERROR com.eleicao.core.component.CandidatoListener - Candidato ja existe: papai neymar
2025-05-17 20:41:23.059 [org.springframework.amqp.rabbit.RabbitListenerEndpointContainer#0-1] ERROR com.eleicao.core.component.CandidatoListener - Candidato ja existe: papai neymar
2025-05-17 20:41:23.063 [org.springframework.amqp.rabbit.RabbitListenerEndpointContainer#0-1] ERROR com.eleicao.core.component.CandidatoListener - Candidato ja existe: papai neymar
2025-05-17 20:41:23.066 [org.springframework.amqp.rabbit.RabbitListenerEndpointContainer#0-1] ERROR com.eleicao.core.component.CandidatoListener - Candidato ja existe: papai neymar
2025-05-17 20:41:23.070 [org.springframework.amqp.rabbit.RabbitListenerEndpointContainer#0-1] ERROR com.eleicao.core.component.CandidatoListener - Candidato ja existe: papai neymar
2025-05-17 20:41:23.073 [org.springframework.amqp.rabbit.RabbitListenerEndpointContainer#0-1] ERROR com.eleicao.core.component.CandidatoListener - Candidato ja existe: papai neymar
2025-05-17 20:41:23.076 [org.springframework.amqp.rabbit.RabbitListenerEndpointContainer#0-1] ERROR com.eleicao.core.component.CandidatoListener - Candidato ja existe: papai neymar
2025-05-17 20:41:23.080 [org.springframework.amqp.rabbit.RabbitListenerEndpointContainer#0-1] ERROR com.eleicao.core.component.CandidatoListener - Candidato ja existe: papai neymar
2025-05-17 20:41:23.084 [org.springframework.amqp.rabbit.RabbitListenerEndpointContainer#0-1] ERROR com.eleicao.core.component.CandidatoListener - Candidato ja existe: papai neymar
2025-05-17 20:41:23.089 [org.springframework.amqp.rabbit.RabbitListenerEndpointContainer#0-1] ERROR com.eleicao.core.component.CandidatoListener - Candidato ja existe: papai neymar
2025-05-17 20:41:23.093 [org.springframework.amqp.rabbit.RabbitListenerEndpointContainer#0-1] ERROR com.eleicao.core.component.CandidatoListener - Candidato ja existe: papai neymar
2025-05-17 20:41:23.096 [org.springframework.amqp.rabbit.RabbitListenerEndpointContainer#0-1] ERROR com.eleicao.core.component.CandidatoListener - Candidato ja existe: papai neymar
2025-05-17 20:41:23.100 [org.springframework.amqp.rabbit.RabbitListenerEndpointContainer#0-1] ERROR com.eleicao.core.component.CandidatoListener - Candidato ja existe: papai neymar
2025-05-17 20:41:23.103 [org.springframework.amqp.rabbit.RabbitListenerEndpointContainer#0-1] ERROR com.eleicao.core.component.CandidatoListener - Candidato ja existe: papai neymar
2025-05-17 20:41:23.106 [org.springframework.amqp.rabbit.RabbitListenerEndpointContainer#0-1] ERROR com.eleicao.core.component.CandidatoListener - Candidato ja existe: papai neymar
2025-05-17 20:41:23.109 [org.springframework.amqp.rabbit.RabbitListenerEndpointContainer#0-1] ERROR com.eleicao.core.component.CandidatoListener - Candidato ja existe: papai neymar
2025-05-17 20:41:23.113 [org.springframework.amqp.rabbit.RabbitListenerEndpointContainer#0-1] ERROR com.eleicao.core.component.CandidatoListener - Candidato ja existe: papai neymar
2025-05-17 20:41:23.116 [org.springframework.amqp.rabbit.RabbitListenerEndpointContainer#0-1] ERROR com.eleicao.core.component.CandidatoListener - Candidato ja existe: papai neymar
2025-05-17 20:41:23.119 [org.springframework.amqp.rabbit.RabbitListenerEndpointContainer#0-1] ERROR com.eleicao.core.component.CandidatoListener - Candidato ja existe: papai neymar
2025-05-17 20:41:23.122 [org.springframework.amqp.rabbit.RabbitListenerEndpointContainer#0-1] ERROR com.eleicao.core.component.CandidatoListener - Candidato ja existe: papai neymar
2025-05-17 20:41:23.129 [org.springframework.amqp.rabbit.RabbitListenerEndpointContainer#0-1] ERROR com.eleicao.core.component.CandidatoListener - Candidato ja existe: papai neymar
2025-05-17 20:41:23.133 [org.springframework.amqp.rabbit.RabbitListenerEndpointContainer#0-1] ERROR com.eleicao.core.component.CandidatoListener - Candidato ja existe: papai neymar
2025-05-17 20:41:23.137 [org.springframework.amqp.rabbit.RabbitListenerEndpointContainer#0-1] ERROR com.eleicao.core.component.CandidatoListener - Candidato ja existe: papai neymar
2025-05-17 20:41:23.140 [org.springframework.amqp.rabbit.RabbitListenerEndpointContainer#0-1] ERROR com.eleicao.core.component.CandidatoListener - Candidato ja existe: papai neymar
2025-05-17 20:41:23.144 [org.springframework.amqp.rabbit.RabbitListenerEndpointContainer#0-1] ERROR com.eleicao.core.component.CandidatoListener - Candidato ja existe: papai neymar
2025-05-17 20:41:23.150 [org.springframework.amqp.rabbit.RabbitListenerEndpointContainer#0-1] ERROR com.eleicao.core.component.CandidatoListener - Candidato ja existe: papai neymar
2025-05-17 20:41:23.157 [org.springframework.amqp.rabbit.RabbitListenerEndpointContainer#0-1] ERROR com.eleicao.core.component.CandidatoListener - Candidato ja existe: papai neymar
2025-05-17 20:41:23.164 [org.springframework.amqp.rabbit.RabbitListenerEndpointContainer#0-1] ERROR com.eleicao.core.component.CandidatoListener - Candidato ja existe: papai neymar
2025-05-17 20:41:23.170 [org.springframework.amqp.rabbit.RabbitListenerEndpointContainer#0-1] ERROR com.eleicao.core.component.CandidatoListener - Candidato ja existe: papai neymar
2025-05-17 20:41:23.175 [org.springframework.amqp.rabbit.RabbitListenerEndpointContainer#0-1] ERROR com.eleicao.core.component.CandidatoListener - Candidato ja existe: papai neymar
2025-05-17 20:41:23.181 [org.springframework.amqp.rabbit.RabbitListenerEndpointContainer#0-1] ERROR com.eleicao.core.component.CandidatoListener - Candidato ja existe: papai neymar
2025-05-17 20:41:23.186 [org.springframework.amqp.rabbit.RabbitListenerEndpointContainer#0-1] ERROR com.eleicao.core.component.CandidatoListener - Candidato ja existe: papai neymar
2025-05-17 20:41:23.191 [org.springframework.amqp.rabbit.RabbitListenerEndpointContainer#0-1] ERROR com.eleicao.core.component.CandidatoListener - Candidato ja existe: papai neymar
2025-05-17 20:41:23.196 [org.springframework.amqp.rabbit.RabbitListenerEndpointContainer#0-1] ERROR com.eleicao.core.component.CandidatoListener - Candidato ja existe: papai neymar
2025-05-17 20:41:23.201 [org.springframework.amqp.rabbit.RabbitListenerEndpointContainer#0-1] ERROR com.eleicao.core.component.CandidatoListener - Candidato ja existe: papai neymar
2025-05-17 20:41:23.205 [org.springframework.amqp.rabbit.RabbitListenerEndpointContainer#0-1] ERROR com.eleicao.core.component.CandidatoListener - Candidato ja existe: papai neymar
2025-05-17 20:41:23.208 [org.springframework.amqp.rabbit.RabbitListenerEndpointContainer#0-1] ERROR com.eleicao.core.component.CandidatoListener - Candidato ja existe: papai neymar
2025-05-17 20:41:23.213 [org.springframework.amqp.rabbit.RabbitListenerEndpointContainer#0-1] ERROR com.eleicao.core.component.CandidatoListener - Candidato ja existe: papai neymar
2025-05-17 20:41:23.217 [org.springframework.amqp.rabbit.RabbitListenerEndpointContainer#0-1] ERROR com.eleicao.core.component.CandidatoListener - Candidato ja existe: papai neymar
2025-05-17 20:41:23.222 [org.springframework.amqp.rabbit.RabbitListenerEndpointContainer#0-1] ERROR com.eleicao.core.component.CandidatoListener - Candidato ja existe: papai neymar
2025-05-17 20:41:23.227 [org.springframework.amqp.rabbit.RabbitListenerEndpointContainer#0-1] ERROR com.eleicao.core.component.CandidatoListener - Candidato ja existe: papai neymar
2025-05-17 20:41:23.231 [org.springframework.amqp.rabbit.RabbitListenerEndpointContainer#0-1] ERROR com.eleicao.core.component.CandidatoListener - Candidato ja existe: papai neymar
2025-05-17 20:41:23.236 [org.springframework.amqp.rabbit.RabbitListenerEndpointContainer#0-1] ERROR com.eleicao.core.component.CandidatoListener - Candidato ja existe: papai neymar
2025-05-17 20:41:23.240 [org.springframework.amqp.rabbit.RabbitListenerEndpointContainer#0-1] ERROR com.eleicao.core.component.CandidatoListener - Candidato ja existe: papai neymar
2025-05-17 20:41:23.245 [org.springframework.amqp.rabbit.RabbitListenerEndpointContainer#0-1] ERROR com.eleicao.core.component.CandidatoListener - Candidato ja existe: papai neymar
2025-05-17 20:41:23.251 [org.springframework.amqp.rabbit.RabbitListenerEndpointContainer#0-1] ERROR com.eleicao.core.component.CandidatoListener - Candidato ja existe: papai neymar
2025-05-17 20:41:23.254 [org.springframework.amqp.rabbit.RabbitListenerEndpointContainer#0-1] ERROR com.eleicao.core.component.CandidatoListener - Candidato ja existe: papai neymar
2025-05-17 20:41:23.257 [org.springframework.amqp.rabbit.RabbitListenerEndpointContainer#0-1] ERROR com.eleicao.core.component.CandidatoListener - Candidato ja existe: papai neymar
2025-05-17 20:41:23.261 [org.springframework.amqp.rabbit.RabbitListenerEndpointContainer#0-1] ERROR com.eleicao.core.component.CandidatoListener - Candidato ja existe: papai neymar
2025-05-17 20:41:23.266 [org.springframework.amqp.rabbit.RabbitListenerEndpointContainer#0-1] ERROR com.eleicao.core.component.CandidatoListener - Candidato ja existe: papai neymar
2025-05-17 20:41:23.269 [org.springframework.amqp.rabbit.RabbitListenerEndpointContainer#0-1] ERROR com.eleicao.core.component.CandidatoListener - Candidato ja existe: papai neymar
2025-05-17 20:41:23.273 [org.springframework.amqp.rabbit.RabbitListenerEndpointContainer#0-1] ERROR com.eleicao.core.component.CandidatoListener - Candidato ja existe: papai neymar
2025-05-17 20:41:23.276 [org.springframework.amqp.rabbit.RabbitListenerEndpointContainer#0-1] ERROR com.eleicao.core.component.CandidatoListener - Candidato ja existe: papai neymar
2025-05-17 20:41:23.281 [org.springframework.amqp.rabbit.RabbitListenerEndpointContainer#0-1] ERROR com.eleicao.core.component.CandidatoListener - Candidato ja existe: papai neymar
2025-05-17 20:41:23.284 [org.springframework.amqp.rabbit.RabbitListenerEndpointContainer#0-1] ERROR com.eleicao.core.component.CandidatoListener - Candidato ja existe: papai neymar
2025-05-17 20:41:23.287 [org.springframework.amqp.rabbit.RabbitListenerEndpointContainer#0-1] ERROR com.eleicao.core.component.CandidatoListener - Candidato ja existe: papai neymar
2025-05-17 20:41:23.290 [org.springframework.amqp.rabbit.RabbitListenerEndpointContainer#0-1] ERROR com.eleicao.core.component.CandidatoListener - Candidato ja existe: papai neymar
2025-05-17 20:41:23.293 [org.springframework.amqp.rabbit.RabbitListenerEndpointContainer#0-1] ERROR com.eleicao.core.component.CandidatoListener - Candidato ja existe: papai neymar
2025-05-17 20:41:23.297 [org.springframework.amqp.rabbit.RabbitListenerEndpointContainer#0-1] ERROR com.eleicao.core.component.CandidatoListener - Candidato ja existe: papai neymar
2025-05-17 20:41:23.300 [org.springframework.amqp.rabbit.RabbitListenerEndpointContainer#0-1] ERROR com.eleicao.core.component.CandidatoListener - Candidato ja existe: papai neymar
2025-05-17 20:41:23.303 [org.springframework.amqp.rabbit.RabbitListenerEndpointContainer#0-1] ERROR com.eleicao.core.component.CandidatoListener - Candidato ja existe: papai neymar
2025-05-17 20:41:23.306 [org.springframework.amqp.rabbit.RabbitListenerEndpointContainer#0-1] ERROR com.eleicao.core.component.CandidatoListener - Candidato ja existe: papai neymar
2025-05-17 20:41:23.309 [org.springframework.amqp.rabbit.RabbitListenerEndpointContainer#0-1] ERROR com.eleicao.core.component.CandidatoListener - Candidato ja existe: papai neymar
2025-05-17 20:41:23.313 [org.springframework.amqp.rabbit.RabbitListenerEndpointContainer#0-1] ERROR com.eleicao.core.component.CandidatoListener - Candidato ja existe: papai neymar
2025-05-17 20:41:23.316 [org.springframework.amqp.rabbit.RabbitListenerEndpointContainer#0-1] ERROR com.eleicao.core.component.CandidatoListener - Candidato ja existe: papai neymar
2025-05-17 20:41:23.319 [org.springframework.amqp.rabbit.RabbitListenerEndpointContainer#0-1] ERROR com.eleicao.core.component.CandidatoListener - Candidato ja existe: papai neymar
2025-05-17 20:41:23.322 [org.springframework.amqp.rabbit.RabbitListenerEndpointContainer#0-1] ERROR com.eleicao.core.component.CandidatoListener - Candidato ja existe: papai neymar
2025-05-17 20:41:23.325 [org.springframework.amqp.rabbit.RabbitListenerEndpointContainer#0-1] ERROR com.eleicao.core.component.CandidatoListener - Candidato ja existe: papai neymar
2025-05-17 20:41:23.327 [org.springframework.amqp.rabbit.RabbitListenerEndpointContainer#0-1] ERROR com.eleicao.core.component.CandidatoListener - Candidato ja existe: papai neymar
2025-05-17 20:41:23.330 [org.springframework.amqp.rabbit.RabbitListenerEndpointContainer#0-1] ERROR com.eleicao.core.component.CandidatoListener - Candidato ja existe: papai neymar
2025-05-17 20:41:23.334 [org.springframework.amqp.rabbit.RabbitListenerEndpointContainer#0-1] ERROR com.eleicao.core.component.CandidatoListener - Candidato ja existe: papai neymar
2025-05-17 20:41:23.337 [org.springframework.amqp.rabbit.RabbitListenerEndpointContainer#0-1] ERROR com.eleicao.core.component.CandidatoListener - Candidato ja existe: papai neymar
2025-05-17 20:41:23.340 [org.springframework.amqp.rabbit.RabbitListenerEndpointContainer#0-1] ERROR com.eleicao.core.component.CandidatoListener - Candidato ja existe: papai neymar
2025-05-17 20:41:23.345 [org.springframework.amqp.rabbit.RabbitListenerEndpointContainer#0-1] ERROR com.eleicao.core.component.CandidatoListener - Candidato ja existe: papai neymar
2025-05-17 20:41:23.350 [org.springframework.amqp.rabbit.RabbitListenerEndpointContainer#0-1] ERROR com.eleicao.core.component.CandidatoListener - Candidato ja existe: papai neymar
2025-05-17 20:41:23.354 [org.springframework.amqp.rabbit.RabbitListenerEndpointContainer#0-1] ERROR com.eleicao.core.component.CandidatoListener - Candidato ja existe: papai neymar
2025-05-17 20:41:23.359 [org.springframework.amqp.rabbit.RabbitListenerEndpointContainer#0-1] ERROR com.eleicao.core.component.CandidatoListener - Candidato ja existe: papai neymar
2025-05-17 20:41:23.365 [org.springframework.amqp.rabbit.RabbitListenerEndpointContainer#0-1] ERROR com.eleicao.core.component.CandidatoListener - Candidato ja existe: papai neymar
2025-05-17 20:41:23.370 [org.springframework.amqp.rabbit.RabbitListenerEndpointContainer#0-1] ERROR com.eleicao.core.component.CandidatoListener - Candidato ja existe: papai neymar
2025-05-17 20:41:23.376 [org.springframework.amqp.rabbit.RabbitListenerEndpointContainer#0-1] ERROR com.eleicao.core.component.CandidatoListener - Candidato ja existe: papai neymar
2025-05-17 20:41:23.381 [org.springframework.amqp.rabbit.RabbitListenerEndpointContainer#0-1] ERROR com.eleicao.core.component.CandidatoListener - Candidato ja existe: papai neymar
2025-05-17 20:41:23.386 [org.springframework.amqp.rabbit.RabbitListenerEndpointContainer#0-1] ERROR com.eleicao.core.component.CandidatoListener - Candidato ja existe: papai neymar
2025-05-17 20:41:23.390 [org.springframework.amqp.rabbit.RabbitListenerEndpointContainer#0-1] ERROR com.eleicao.core.component.CandidatoListener - Candidato ja existe: papai neymar
2025-05-17 20:41:23.395 [org.springframework.amqp.rabbit.RabbitListenerEndpointContainer#0-1] ERROR com.eleicao.core.component.CandidatoListener - Candidato ja existe: papai neymar
2025-05-17 20:41:23.401 [org.springframework.amqp.rabbit.RabbitListenerEndpointContainer#0-1] ERROR com.eleicao.core.component.CandidatoListener - Candidato ja existe: papai neymar
2025-05-17 20:41:23.406 [org.springframework.amqp.rabbit.RabbitListenerEndpointContainer#0-1] ERROR com.eleicao.core.component.CandidatoListener - Candidato ja existe: papai neymar
2025-05-17 20:41:23.411 [org.springframework.amqp.rabbit.RabbitListenerEndpointContainer#0-1] ERROR com.eleicao.core.component.CandidatoListener - Candidato ja existe: papai neymar
2025-05-17 20:41:23.416 [org.springframework.amqp.rabbit.RabbitListenerEndpointContainer#0-1] ERROR com.eleicao.core.component.CandidatoListener - Candidato ja existe: papai neymar
2025-05-17 20:41:23.422 [org.springframework.amqp.rabbit.RabbitListenerEndpointContainer#0-1] ERROR com.eleicao.core.component.CandidatoListener - Candidato ja existe: papai neymar
2025-05-17 20:41:23.428 [org.springframework.amqp.rabbit.RabbitListenerEndpointContainer#0-1] ERROR com.eleicao.core.component.CandidatoListener - Candidato ja existe: papai neymar
2025-05-17 20:41:23.432 [org.springframework.amqp.rabbit.RabbitListenerEndpointContainer#0-1] ERROR com.eleicao.core.component.CandidatoListener - Candidato ja existe: papai neymar
2025-05-17 20:41:23.437 [org.springframework.amqp.rabbit.RabbitListenerEndpointContainer#0-1] ERROR com.eleicao.core.component.CandidatoListener - Candidato ja existe: papai neymar
2025-05-17 20:41:23.441 [org.springframework.amqp.rabbit.RabbitListenerEndpointContainer#0-1] ERROR com.eleicao.core.component.CandidatoListener - Candidato ja existe: papai neymar
2025-05-17 20:41:23.447 [org.springframework.amqp.rabbit.RabbitListenerEndpointContainer#0-1] ERROR com.eleicao.core.component.CandidatoListener - Candidato ja existe: papai neymar
2025-05-17 20:41:23.454 [org.springframework.amqp.rabbit.RabbitListenerEndpointContainer#0-1] ERROR com.eleicao.core.component.CandidatoListener - Candidato ja existe: papai neymar
2025-05-17 20:41:23.458 [org.springframework.amqp.rabbit.RabbitListenerEndpointContainer#0-1] ERROR com.eleicao.core.component.CandidatoListener - Candidato ja existe: papai neymar
2025-05-17 20:41:23.465 [org.springframework.amqp.rabbit.RabbitListenerEndpointContainer#0-1] ERROR com.eleicao.core.component.CandidatoListener - Candidato ja existe: papai neymar
2025-05-17 20:41:23.469 [org.springframework.amqp.rabbit.RabbitListenerEndpointContainer#0-1] ERROR com.eleicao.core.component.CandidatoListener - Candidato ja existe: papai neymar
2025-05-17 20:41:23.471 [org.springframework.amqp.rabbit.RabbitListenerEndpointContainer#0-1] ERROR com.eleicao.core.component.CandidatoListener - Candidato ja existe: papai neymar
2025-05-17 20:41:23.475 [org.springframework.amqp.rabbit.RabbitListenerEndpointContainer#0-1] ERROR com.eleicao.core.component.CandidatoListener - Candidato ja existe: papai neymar
2025-05-17 20:41:23.478 [org.springframework.amqp.rabbit.RabbitListenerEndpointContainer#0-1] ERROR com.eleicao.core.component.CandidatoListener - Candidato ja existe: papai neymar
2025-05-17 20:41:23.481 [org.springframework.amqp.rabbit.RabbitListenerEndpointContainer#0-1] ERROR com.eleicao.core.component.CandidatoListener - Candidato ja existe: papai neymar
2025-05-17 20:41:23.484 [org.springframework.amqp.rabbit.RabbitListenerEndpointContainer#0-1] ERROR com.eleicao.core.component.CandidatoListener - Candidato ja existe: papai neymar
2025-05-17 20:41:23.488 [org.springframework.amqp.rabbit.RabbitListenerEndpointContainer#0-1] ERROR com.eleicao.core.component.CandidatoListener - Candidato ja existe: papai neymar
2025-05-17 20:41:23.490 [org.springframework.amqp.rabbit.RabbitListenerEndpointContainer#0-1] ERROR com.eleicao.core.component.CandidatoListener - Candidato ja existe: papai neymar
2025-05-17 20:41:23.492 [org.springframework.amqp.rabbit.RabbitListenerEndpointContainer#0-1] ERROR com.eleicao.core.component.CandidatoListener - Candidato ja existe: papai neymar
2025-05-17 20:41:23.495 [org.springframework.amqp.rabbit.RabbitListenerEndpointContainer#0-1] ERROR com.eleicao.core.component.CandidatoListener - Candidato ja existe: papai neymar
2025-05-17 20:41:23.499 [org.springframework.amqp.rabbit.RabbitListenerEndpointContainer#0-1] ERROR com.eleicao.core.component.CandidatoListener - Candidato ja existe: papai neymar
2025-05-17 20:41:23.502 [org.springframework.amqp.rabbit.RabbitListenerEndpointContainer#0-1] ERROR com.eleicao.core.component.CandidatoListener - Candidato ja existe: papai neymar
2025-05-17 20:41:23.505 [org.springframework.amqp.rabbit.RabbitListenerEndpointContainer#0-1] ERROR com.eleicao.core.component.CandidatoListener - Candidato ja existe: papai neymar
2025-05-17 20:41:23.507 [org.springframework.amqp.rabbit.RabbitListenerEndpointContainer#0-1] ERROR com.eleicao.core.component.CandidatoListener - Candidato ja existe: papai neymar
2025-05-17 20:41:23.511 [org.springframework.amqp.rabbit.RabbitListenerEndpointContainer#0-1] ERROR com.eleicao.core.component.CandidatoListener - Candidato ja existe: papai neymar
2025-05-17 20:41:23.514 [org.springframework.amqp.rabbit.RabbitListenerEndpointContainer#0-1] ERROR com.eleicao.core.component.CandidatoListener - Candidato ja existe: papai neymar
2025-05-17 20:41:23.519 [org.springframework.amqp.rabbit.RabbitListenerEndpointContainer#0-1] ERROR com.eleicao.core.component.CandidatoListener - Candidato ja existe: papai neymar
2025-05-17 20:41:23.522 [org.springframework.amqp.rabbit.RabbitListenerEndpointContainer#0-1] ERROR com.eleicao.core.component.CandidatoListener - Candidato ja existe: papai neymar
2025-05-17 20:41:23.525 [org.springframework.amqp.rabbit.RabbitListenerEndpointContainer#0-1] ERROR com.eleicao.core.component.CandidatoListener - Candidato ja existe: papai neymar
2025-05-17 20:41:23.528 [org.springframework.amqp.rabbit.RabbitListenerEndpointContainer#0-1] ERROR com.eleicao.core.component.CandidatoListener - Candidato ja existe: papai neymar
2025-05-17 20:41:23.533 [org.springframework.amqp.rabbit.RabbitListenerEndpointContainer#0-1] ERROR com.eleicao.core.component.CandidatoListener - Candidato ja existe: papai neymar
2025-05-17 20:41:23.538 [org.springframework.amqp.rabbit.RabbitListenerEndpointContainer#0-1] ERROR com.eleicao.core.component.CandidatoListener - Candidato ja existe: papai neymar
2025-05-17 20:41:23.541 [org.springframework.amqp.rabbit.RabbitListenerEndpointContainer#0-1] ERROR com.eleicao.core.component.CandidatoListener - Candidato ja existe: papai neymar
2025-05-17 20:41:23.545 [org.springframework.amqp.rabbit.RabbitListenerEndpointContainer#0-1] ERROR com.eleicao.core.component.CandidatoListener - Candidato ja existe: papai neymar
2025-05-17 20:41:23.549 [org.springframework.amqp.rabbit.RabbitListenerEndpointContainer#0-1] ERROR com.eleicao.core.component.CandidatoListener - Candidato ja existe: papai neymar
2025-05-17 20:41:23.554 [org.springframework.amqp.rabbit.RabbitListenerEndpointContainer#0-1] ERROR com.eleicao.core.component.CandidatoListener - Candidato ja existe: papai neymar
2025-05-17 20:41:23.558 [org.springframework.amqp.rabbit.RabbitListenerEndpointContainer#0-1] ERROR com.eleicao.core.component.CandidatoListener - Candidato ja existe: papai neymar
2025-05-17 20:41:23.563 [org.springframework.amqp.rabbit.RabbitListenerEndpointContainer#0-1] ERROR com.eleicao.core.component.CandidatoListener - Candidato ja existe: papai neymar
2025-05-17 20:41:23.567 [org.springframework.amqp.rabbit.RabbitListenerEndpointContainer#0-1] ERROR com.eleicao.core.component.CandidatoListener - Candidato ja existe: papai neymar
2025-05-17 20:41:23.571 [org.springframework.amqp.rabbit.RabbitListenerEndpointContainer#0-1] ERROR com.eleicao.core.component.CandidatoListener - Candidato ja existe: papai neymar
2025-05-17 20:41:23.577 [org.springframework.amqp.rabbit.RabbitListenerEndpointContainer#0-1] ERROR com.eleicao.core.component.CandidatoListener - Candidato ja existe: papai neymar
2025-05-17 20:41:23.582 [org.springframework.amqp.rabbit.RabbitListenerEndpointContainer#0-1] ERROR com.eleicao.core.component.CandidatoListener - Candidato ja existe: papai neymar
2025-05-17 20:41:23.587 [org.springframework.amqp.rabbit.RabbitListenerEndpointContainer#0-1] ERROR com.eleicao.core.component.CandidatoListener - Candidato ja existe: papai neymar
2025-05-17 20:41:23.591 [org.springframework.amqp.rabbit.RabbitListenerEndpointContainer#0-1] ERROR com.eleicao.core.component.CandidatoListener - Candidato ja existe: papai neymar
2025-05-17 20:41:23.595 [org.springframework.amqp.rabbit.RabbitListenerEndpointContainer#0-1] ERROR com.eleicao.core.component.CandidatoListener - Candidato ja existe: papai neymar
2025-05-17 20:41:23.600 [org.springframework.amqp.rabbit.RabbitListenerEndpointContainer#0-1] ERROR com.eleicao.core.component.CandidatoListener - Candidato ja existe: papai neymar
2025-05-17 20:41:23.603 [org.springframework.amqp.rabbit.RabbitListenerEndpointContainer#0-1] ERROR com.eleicao.core.component.CandidatoListener - Candidato ja existe: papai neymar
2025-05-17 20:41:23.607 [org.springframework.amqp.rabbit.RabbitListenerEndpointContainer#0-1] ERROR com.eleicao.core.component.CandidatoListener - Candidato ja existe: papai neymar
2025-05-17 20:41:23.610 [org.springframework.amqp.rabbit.RabbitListenerEndpointContainer#0-1] ERROR com.eleicao.core.component.CandidatoListener - Candidato ja existe: papai neymar
2025-05-17 20:41:23.615 [org.springframework.amqp.rabbit.RabbitListenerEndpointContainer#0-1] ERROR com.eleicao.core.component.CandidatoListener - Candidato ja existe: papai neymar
2025-05-17 20:41:23.619 [org.springframework.amqp.rabbit.RabbitListenerEndpointContainer#0-1] ERROR com.eleicao.core.component.CandidatoListener - Candidato ja existe: papai neymar
2025-05-17 20:41:23.623 [org.springframework.amqp.rabbit.RabbitListenerEndpointContainer#0-1] ERROR com.eleicao.core.component.CandidatoListener - Candidato ja existe: papai neymar
2025-05-17 20:41:23.628 [org.springframework.amqp.rabbit.RabbitListenerEndpointContainer#0-1] ERROR com.eleicao.core.component.CandidatoListener - Candidato ja existe: papai neymar
2025-05-17 20:41:23.634 [org.springframework.amqp.rabbit.RabbitListenerEndpointContainer#0-1] ERROR com.eleicao.core.component.CandidatoListener - Candidato ja existe: papai neymar
2025-05-17 20:41:23.638 [org.springframework.amqp.rabbit.RabbitListenerEndpointContainer#0-1] ERROR com.eleicao.core.component.CandidatoListener - Candidato ja existe: papai neymar
2025-05-17 20:41:23.645 [org.springframework.amqp.rabbit.RabbitListenerEndpointContainer#0-1] ERROR com.eleicao.core.component.CandidatoListener - Candidato ja existe: papai neymar
2025-05-17 20:41:23.650 [org.springframework.amqp.rabbit.RabbitListenerEndpointContainer#0-1] ERROR com.eleicao.core.component.CandidatoListener - Candidato ja existe: papai neymar
2025-05-17 20:41:23.655 [org.springframework.amqp.rabbit.RabbitListenerEndpointContainer#0-1] ERROR com.eleicao.core.component.CandidatoListener - Candidato ja existe: papai neymar
2025-05-17 20:41:23.659 [org.springframework.amqp.rabbit.RabbitListenerEndpointContainer#0-1] ERROR com.eleicao.core.component.CandidatoListener - Candidato ja existe: papai neymar
2025-05-17 20:41:23.663 [org.springframework.amqp.rabbit.RabbitListenerEndpointContainer#0-1] ERROR com.eleicao.core.component.CandidatoListener - Candidato ja existe: papai neymar
2025-05-17 20:41:23.667 [org.springframework.amqp.rabbit.RabbitListenerEndpointContainer#0-1] ERROR com.eleicao.core.component.CandidatoListener - Candidato ja existe: papai neymar
2025-05-17 20:41:23.671 [org.springframework.amqp.rabbit.RabbitListenerEndpointContainer#0-1] ERROR com.eleicao.core.component.CandidatoListener - Candidato ja existe: papai neymar
2025-05-17 20:41:23.674 [org.springframework.amqp.rabbit.RabbitListenerEndpointContainer#0-1] ERROR com.eleicao.core.component.CandidatoListener - Candidato ja existe: papai neymar
2025-05-17 20:41:23.677 [org.springframework.amqp.rabbit.RabbitListenerEndpointContainer#0-1] ERROR com.eleicao.core.component.CandidatoListener - Candidato ja existe: papai neymar
2025-05-17 20:41:23.680 [org.springframework.amqp.rabbit.RabbitListenerEndpointContainer#0-1] ERROR com.eleicao.core.component.CandidatoListener - Candidato ja existe: papai neymar
2025-05-17 20:41:23.683 [org.springframework.amqp.rabbit.RabbitListenerEndpointContainer#0-1] ERROR com.eleicao.core.component.CandidatoListener - Candidato ja existe: papai neymar
2025-05-17 20:41:23.686 [org.springframework.amqp.rabbit.RabbitListenerEndpointContainer#0-1] ERROR com.eleicao.core.component.CandidatoListener - Candidato ja existe: papai neymar
2025-05-17 20:41:23.689 [org.springframework.amqp.rabbit.RabbitListenerEndpointContainer#0-1] ERROR com.eleicao.core.component.CandidatoListener - Candidato ja existe: papai neymar
2025-05-17 20:41:23.693 [org.springframework.amqp.rabbit.RabbitListenerEndpointContainer#0-1] ERROR com.eleicao.core.component.CandidatoListener - Candidato ja existe: papai neymar
2025-05-17 20:41:23.697 [org.springframework.amqp.rabbit.RabbitListenerEndpointContainer#0-1] ERROR com.eleicao.core.component.CandidatoListener - Candidato ja existe: papai neymar
2025-05-17 20:41:23.700 [org.springframework.amqp.rabbit.RabbitListenerEndpointContainer#0-1] ERROR com.eleicao.core.component.CandidatoListener - Candidato ja existe: papai neymar
2025-05-17 20:41:23.704 [org.springframework.amqp.rabbit.RabbitListenerEndpointContainer#0-1] ERROR com.eleicao.core.component.CandidatoListener - Candidato ja existe: papai neymar
2025-05-17 20:41:23.707 [org.springframework.amqp.rabbit.RabbitListenerEndpointContainer#0-1] ERROR com.eleicao.core.component.CandidatoListener - Candidato ja existe: papai neymar
2025-05-17 20:41:23.711 [org.springframework.amqp.rabbit.RabbitListenerEndpointContainer#0-1] ERROR com.eleicao.core.component.CandidatoListener - Candidato ja existe: papai neymar
2025-05-17 20:41:23.715 [org.springframework.amqp.rabbit.RabbitListenerEndpointContainer#0-1] ERROR com.eleicao.core.component.CandidatoListener - Candidato ja existe: papai neymar
2025-05-17 20:41:23.719 [org.springframework.amqp.rabbit.RabbitListenerEndpointContainer#0-1] ERROR com.eleicao.core.component.CandidatoListener - Candidato ja existe: papai neymar
2025-05-17 20:41:23.722 [org.springframework.amqp.rabbit.RabbitListenerEndpointContainer#0-1] ERROR com.eleicao.core.component.CandidatoListener - Candidato ja existe: papai neymar
2025-05-17 20:41:23.725 [org.springframework.amqp.rabbit.RabbitListenerEndpointContainer#0-1] ERROR com.eleicao.core.component.CandidatoListener - Candidato ja existe: papai neymar
2025-05-17 20:41:23.728 [org.springframework.amqp.rabbit.RabbitListenerEndpointContainer#0-1] ERROR com.eleicao.core.component.CandidatoListener - Candidato ja existe: papai neymar
2025-05-17 20:41:23.731 [org.springframework.amqp.rabbit.RabbitListenerEndpointContainer#0-1] ERROR com.eleicao.core.component.CandidatoListener - Candidato ja existe: papai neymar
2025-05-17 20:41:23.734 [org.springframework.amqp.rabbit.RabbitListenerEndpointContainer#0-1] ERROR com.eleicao.core.component.CandidatoListener - Candidato ja existe: papai neymar
2025-05-17 20:41:23.737 [org.springframework.amqp.rabbit.RabbitListenerEndpointContainer#0-1] ERROR com.eleicao.core.component.CandidatoListener - Candidato ja existe: papai neymar
2025-05-17 20:41:23.740 [org.springframework.amqp.rabbit.RabbitListenerEndpointContainer#0-1] ERROR com.eleicao.core.component.CandidatoListener - Candidato ja existe: papai neymar
2025-05-17 20:41:23.744 [org.springframework.amqp.rabbit.RabbitListenerEndpointContainer#0-1] ERROR com.eleicao.core.component.CandidatoListener - Candidato ja existe: papai neymar
2025-05-17 20:41:23.748 [org.springframework.amqp.rabbit.RabbitListenerEndpointContainer#0-1] ERROR com.eleicao.core.component.CandidatoListener - Candidato ja existe: papai neymar
2025-05-17 20:41:23.752 [org.springframework.amqp.rabbit.RabbitListenerEndpointContainer#0-1] ERROR com.eleicao.core.component.CandidatoListener - Candidato ja existe: papai neymar
2025-05-17 20:41:23.757 [org.springframework.amqp.rabbit.RabbitListenerEndpointContainer#0-1] ERROR com.eleicao.core.component.CandidatoListener - Candidato ja existe: papai neymar
2025-05-17 20:41:23.764 [org.springframework.amqp.rabbit.RabbitListenerEndpointContainer#0-1] ERROR com.eleicao.core.component.CandidatoListener - Candidato ja existe: papai neymar
2025-05-17 20:41:23.768 [org.springframework.amqp.rabbit.RabbitListenerEndpointContainer#0-1] ERROR com.eleicao.core.component.CandidatoListener - Candidato ja existe: papai neymar
2025-05-17 20:41:23.773 [org.springframework.amqp.rabbit.RabbitListenerEndpointContainer#0-1] ERROR com.eleicao.core.component.CandidatoListener - Candidato ja existe: papai neymar
2025-05-17 20:41:23.778 [org.springframework.amqp.rabbit.RabbitListenerEndpointContainer#0-1] ERROR com.eleicao.core.component.CandidatoListener - Candidato ja existe: papai neymar
2025-05-17 20:41:23.783 [org.springframework.amqp.rabbit.RabbitListenerEndpointContainer#0-1] ERROR com.eleicao.core.component.CandidatoListener - Candidato ja existe: papai neymar
2025-05-17 20:41:23.788 [org.springframework.amqp.rabbit.RabbitListenerEndpointContainer#0-1] ERROR com.eleicao.core.component.CandidatoListener - Candidato ja existe: papai neymar
2025-05-17 20:41:23.793 [org.springframework.amqp.rabbit.RabbitListenerEndpointContainer#0-1] ERROR com.eleicao.core.component.CandidatoListener - Candidato ja existe: papai neymar
2025-05-17 20:41:23.798 [org.springframework.amqp.rabbit.RabbitListenerEndpointContainer#0-1] ERROR com.eleicao.core.component.CandidatoListener - Candidato ja existe: papai neymar
2025-05-17 20:41:23.803 [org.springframework.amqp.rabbit.RabbitListenerEndpointContainer#0-1] ERROR com.eleicao.core.component.CandidatoListener - Candidato ja existe: papai neymar
2025-05-17 20:41:23.808 [org.springframework.amqp.rabbit.RabbitListenerEndpointContainer#0-1] ERROR com.eleicao.core.component.CandidatoListener - Candidato ja existe: papai neymar
2025-05-17 20:41:23.814 [org.springframework.amqp.rabbit.RabbitListenerEndpointContainer#0-1] ERROR com.eleicao.core.component.CandidatoListener - Candidato ja existe: papai neymar
2025-05-17 20:41:23.821 [org.springframework.amqp.rabbit.RabbitListenerEndpointContainer#0-1] ERROR com.eleicao.core.component.CandidatoListener - Candidato ja existe: papai neymar
2025-05-17 20:41:23.827 [org.springframework.amqp.rabbit.RabbitListenerEndpointContainer#0-1] ERROR com.eleicao.core.component.CandidatoListener - Candidato ja existe: papai neymar
2025-05-17 20:41:23.833 [org.springframework.amqp.rabbit.RabbitListenerEndpointContainer#0-1] ERROR com.eleicao.core.component.CandidatoListener - Candidato ja existe: papai neymar
2025-05-17 20:41:23.838 [org.springframework.amqp.rabbit.RabbitListenerEndpointContainer#0-1] ERROR com.eleicao.core.component.CandidatoListener - Candidato ja existe: papai neymar
2025-05-17 20:41:23.842 [org.springframework.amqp.rabbit.RabbitListenerEndpointContainer#0-1] ERROR com.eleicao.core.component.CandidatoListener - Candidato ja existe: papai neymar
2025-05-17 20:41:23.848 [org.springframework.amqp.rabbit.RabbitListenerEndpointContainer#0-1] ERROR com.eleicao.core.component.CandidatoListener - Candidato ja existe: papai neymar
2025-05-17 20:41:23.852 [org.springframework.amqp.rabbit.RabbitListenerEndpointContainer#0-1] ERROR com.eleicao.core.component.CandidatoListener - Candidato ja existe: papai neymar
2025-05-17 20:41:23.856 [org.springframework.amqp.rabbit.RabbitListenerEndpointContainer#0-1] ERROR com.eleicao.core.component.CandidatoListener - Candidato ja existe: papai neymar
2025-05-17 20:41:23.863 [org.springframework.amqp.rabbit.RabbitListenerEndpointContainer#0-1] ERROR com.eleicao.core.component.CandidatoListener - Candidato ja existe: papai neymar
2025-05-17 20:41:23.866 [org.springframework.amqp.rabbit.RabbitListenerEndpointContainer#0-1] ERROR com.eleicao.core.component.CandidatoListener - Candidato ja existe: papai neymar
2025-05-17 20:41:23.870 [org.springframework.amqp.rabbit.RabbitListenerEndpointContainer#0-1] ERROR com.eleicao.core.component.CandidatoListener - Candidato ja existe: papai neymar
2025-05-17 20:41:23.872 [org.springframework.amqp.rabbit.RabbitListenerEndpointContainer#0-1] ERROR com.eleicao.core.component.CandidatoListener - Candidato ja existe: papai neymar
2025-05-17 20:41:23.876 [org.springframework.amqp.rabbit.RabbitListenerEndpointContainer#0-1] ERROR com.eleicao.core.component.CandidatoListener - Candidato ja existe: papai neymar
2025-05-17 20:41:23.880 [org.springframework.amqp.rabbit.RabbitListenerEndpointContainer#0-1] ERROR com.eleicao.core.component.CandidatoListener - Candidato ja existe: papai neymar
2025-05-17 20:41:23.883 [org.springframework.amqp.rabbit.RabbitListenerEndpointContainer#0-1] ERROR com.eleicao.core.component.CandidatoListener - Candidato ja existe: papai neymar
2025-05-17 20:41:23.886 [org.springframework.amqp.rabbit.RabbitListenerEndpointContainer#0-1] ERROR com.eleicao.core.component.CandidatoListener - Candidato ja existe: papai neymar
2025-05-17 20:41:23.888 [org.springframework.amqp.rabbit.RabbitListenerEndpointContainer#0-1] ERROR com.eleicao.core.component.CandidatoListener - Candidato ja existe: papai neymar
2025-05-17 20:41:23.891 [org.springframework.amqp.rabbit.RabbitListenerEndpointContainer#0-1] ERROR com.eleicao.core.component.CandidatoListener - Candidato ja existe: papai neymar
2025-05-17 20:41:23.895 [org.springframework.amqp.rabbit.RabbitListenerEndpointContainer#0-1] ERROR com.eleicao.core.component.CandidatoListener - Candidato ja existe: papai neymar
2025-05-17 20:41:23.898 [org.springframework.amqp.rabbit.RabbitListenerEndpointContainer#0-1] ERROR com.eleicao.core.component.CandidatoListener - Candidato ja existe: papai neymar
2025-05-17 20:41:23.901 [org.springframework.amqp.rabbit.RabbitListenerEndpointContainer#0-1] ERROR com.eleicao.core.component.CandidatoListener - Candidato ja existe: papai neymar
2025-05-17 20:41:23.904 [org.springframework.amqp.rabbit.RabbitListenerEndpointContainer#0-1] ERROR com.eleicao.core.component.CandidatoListener - Candidato ja existe: papai neymar
2025-05-17 20:41:23.908 [org.springframework.amqp.rabbit.RabbitListenerEndpointContainer#0-1] ERROR com.eleicao.core.component.CandidatoListener - Candidato ja existe: papai neymar
2025-05-17 20:41:23.911 [org.springframework.amqp.rabbit.RabbitListenerEndpointContainer#0-1] ERROR com.eleicao.core.component.CandidatoListener - Candidato ja existe: papai neymar
2025-05-17 20:41:23.914 [org.springframework.amqp.rabbit.RabbitListenerEndpointContainer#0-1] ERROR com.eleicao.core.component.CandidatoListener - Candidato ja existe: papai neymar
2025-05-17 20:41:23.918 [org.springframework.amqp.rabbit.RabbitListenerEndpointContainer#0-1] ERROR com.eleicao.core.component.CandidatoListener - Candidato ja existe: papai neymar
2025-05-17 20:41:23.921 [org.springframework.amqp.rabbit.RabbitListenerEndpointContainer#0-1] ERROR com.eleicao.core.component.CandidatoListener - Candidato ja existe: papai neymar
2025-05-17 20:41:23.925 [org.springframework.amqp.rabbit.RabbitListenerEndpointContainer#0-1] ERROR com.eleicao.core.component.CandidatoListener - Candidato ja existe: papai neymar
2025-05-17 20:41:23.928 [org.springframework.amqp.rabbit.RabbitListenerEndpointContainer#0-1] ERROR com.eleicao.core.component.CandidatoListener - Candidato ja existe: papai neymar
2025-05-17 20:41:23.932 [org.springframework.amqp.rabbit.RabbitListenerEndpointContainer#0-1] ERROR com.eleicao.core.component.CandidatoListener - Candidato ja existe: papai neymar
2025-05-17 20:41:23.936 [org.springframework.amqp.rabbit.RabbitListenerEndpointContainer#0-1] ERROR com.eleicao.core.component.CandidatoListener - Candidato ja existe: papai neymar
2025-05-17 20:41:23.941 [org.springframework.amqp.rabbit.RabbitListenerEndpointContainer#0-1] ERROR com.eleicao.core.component.CandidatoListener - Candidato ja existe: papai neymar
2025-05-17 20:41:23.946 [org.springframework.amqp.rabbit.RabbitListenerEndpointContainer#0-1] ERROR com.eleicao.core.component.CandidatoListener - Candidato ja existe: papai neymar
2025-05-17 20:41:23.950 [org.springframework.amqp.rabbit.RabbitListenerEndpointContainer#0-1] ERROR com.eleicao.core.component.CandidatoListener - Candidato ja existe: papai neymar
2025-05-17 20:41:23.955 [org.springframework.amqp.rabbit.RabbitListenerEndpointContainer#0-1] ERROR com.eleicao.core.component.CandidatoListener - Candidato ja existe: papai neymar
2025-05-17 20:41:23.959 [org.springframework.amqp.rabbit.RabbitListenerEndpointContainer#0-1] ERROR com.eleicao.core.component.CandidatoListener - Candidato ja existe: papai neymar
2025-05-17 20:41:23.964 [org.springframework.amqp.rabbit.RabbitListenerEndpointContainer#0-1] ERROR com.eleicao.core.component.CandidatoListener - Candidato ja existe: papai neymar
2025-05-17 20:41:23.969 [org.springframework.amqp.rabbit.RabbitListenerEndpointContainer#0-1] ERROR com.eleicao.core.component.CandidatoListener - Candidato ja existe: papai neymar
2025-05-17 20:41:23.975 [org.springframework.amqp.rabbit.RabbitListenerEndpointContainer#0-1] ERROR com.eleicao.core.component.CandidatoListener - Candidato ja existe: papai neymar
2025-05-17 20:41:23.982 [org.springframework.amqp.rabbit.RabbitListenerEndpointContainer#0-1] ERROR com.eleicao.core.component.CandidatoListener - Candidato ja existe: papai neymar
2025-05-17 20:41:23.987 [org.springframework.amqp.rabbit.RabbitListenerEndpointContainer#0-1] ERROR com.eleicao.core.component.CandidatoListener - Candidato ja existe: papai neymar
2025-05-17 20:41:23.992 [org.springframework.amqp.rabbit.RabbitListenerEndpointContainer#0-1] ERROR com.eleicao.core.component.CandidatoListener - Candidato ja existe: papai neymar
2025-05-17 20:41:23.997 [org.springframework.amqp.rabbit.RabbitListenerEndpointContainer#0-1] ERROR com.eleicao.core.component.CandidatoListener - Candidato ja existe: papai neymar
2025-05-17 20:41:24.003 [org.springframework.amqp.rabbit.RabbitListenerEndpointContainer#0-1] ERROR com.eleicao.core.component.CandidatoListener - Candidato ja existe: papai neymar
2025-05-17 20:41:24.008 [org.springframework.amqp.rabbit.RabbitListenerEndpointContainer#0-1] ERROR com.eleicao.core.component.CandidatoListener - Candidato ja existe: papai neymar
2025-05-17 20:41:24.013 [org.springframework.amqp.rabbit.RabbitListenerEndpointContainer#0-1] ERROR com.eleicao.core.component.CandidatoListener - Candidato ja existe: papai neymar
2025-05-17 20:41:24.016 [org.springframework.amqp.rabbit.RabbitListenerEndpointContainer#0-1] ERROR com.eleicao.core.component.CandidatoListener - Candidato ja existe: papai neymar
2025-05-17 20:41:24.019 [org.springframework.amqp.rabbit.RabbitListenerEndpointContainer#0-1] ERROR com.eleicao.core.component.CandidatoListener - Candidato ja existe: papai neymar
2025-05-17 20:41:24.023 [org.springframework.amqp.rabbit.RabbitListenerEndpointContainer#0-1] ERROR com.eleicao.core.component.CandidatoListener - Candidato ja existe: papai neymar
2025-05-17 20:41:24.027 [org.springframework.amqp.rabbit.RabbitListenerEndpointContainer#0-1] ERROR com.eleicao.core.component.CandidatoListener - Candidato ja existe: papai neymar
2025-05-17 20:41:24.031 [org.springframework.amqp.rabbit.RabbitListenerEndpointContainer#0-1] ERROR com.eleicao.core.component.CandidatoListener - Candidato ja existe: papai neymar
2025-05-17 20:41:24.035 [org.springframework.amqp.rabbit.RabbitListenerEndpointContainer#0-1] ERROR com.eleicao.core.component.CandidatoListener - Candidato ja existe: papai neymar
2025-05-17 20:41:24.039 [org.springframework.amqp.rabbit.RabbitListenerEndpointContainer#0-1] ERROR com.eleicao.core.component.CandidatoListener - Candidato ja existe: papai neymar
2025-05-17 20:41:24.044 [org.springframework.amqp.rabbit.RabbitListenerEndpointContainer#0-1] ERROR com.eleicao.core.component.CandidatoListener - Candidato ja existe: papai neymar
2025-05-17 20:41:24.048 [org.springframework.amqp.rabbit.RabbitListenerEndpointContainer#0-1] ERROR com.eleicao.core.component.CandidatoListener - Candidato ja existe: papai neymar
2025-05-17 20:41:24.052 [org.springframework.amqp.rabbit.RabbitListenerEndpointContainer#0-1] ERROR com.eleicao.core.component.CandidatoListener - Candidato ja existe: papai neymar
2025-05-17 20:41:24.056 [org.springframework.amqp.rabbit.RabbitListenerEndpointContainer#0-1] ERROR com.eleicao.core.component.CandidatoListener - Candidato ja existe: papai neymar
2025-05-17 20:41:24.059 [org.springframework.amqp.rabbit.RabbitListenerEndpointContainer#0-1] ERROR com.eleicao.core.component.CandidatoListener - Candidato ja existe: papai neymar
2025-05-17 20:41:24.064 [org.springframework.amqp.rabbit.RabbitListenerEndpointContainer#0-1] ERROR com.eleicao.core.component.CandidatoListener - Candidato ja existe: papai neymar
2025-05-17 20:41:24.068 [org.springframework.amqp.rabbit.RabbitListenerEndpointContainer#0-1] ERROR com.eleicao.core.component.CandidatoListener - Candidato ja existe: papai neymar
2025-05-17 20:41:24.072 [org.springframework.amqp.rabbit.RabbitListenerEndpointContainer#0-1] ERROR com.eleicao.core.component.CandidatoListener - Candidato ja existe: papai neymar
2025-05-17 20:41:24.075 [org.springframework.amqp.rabbit.RabbitListenerEndpointContainer#0-1] ERROR com.eleicao.core.component.CandidatoListener - Candidato ja existe: papai neymar
2025-05-17 20:41:24.078 [org.springframework.amqp.rabbit.RabbitListenerEndpointContainer#0-1] ERROR com.eleicao.core.component.CandidatoListener - Candidato ja existe: papai neymar
2025-05-17 20:41:24.082 [org.springframework.amqp.rabbit.RabbitListenerEndpointContainer#0-1] ERROR com.eleicao.core.component.CandidatoListener - Candidato ja existe: papai neymar
2025-05-17 20:41:24.085 [org.springframework.amqp.rabbit.RabbitListenerEndpointContainer#0-1] ERROR com.eleicao.core.component.CandidatoListener - Candidato ja existe: papai neymar
2025-05-17 20:41:24.088 [org.springframework.amqp.rabbit.RabbitListenerEndpointContainer#0-1] ERROR com.eleicao.core.component.CandidatoListener - Candidato ja existe: papai neymar
2025-05-17 20:41:24.091 [org.springframework.amqp.rabbit.RabbitListenerEndpointContainer#0-1] ERROR com.eleicao.core.component.CandidatoListener - Candidato ja existe: papai neymar
2025-05-17 20:41:24.094 [org.springframework.amqp.rabbit.RabbitListenerEndpointContainer#0-1] ERROR com.eleicao.core.component.CandidatoListener - Candidato ja existe: papai neymar
2025-05-17 20:41:24.098 [org.springframework.amqp.rabbit.RabbitListenerEndpointContainer#0-1] ERROR com.eleicao.core.component.CandidatoListener - Candidato ja existe: papai neymar
2025-05-17 20:41:24.101 [org.springframework.amqp.rabbit.RabbitListenerEndpointContainer#0-1] ERROR com.eleicao.core.component.CandidatoListener - Candidato ja existe: papai neymar
2025-05-17 20:41:24.103 [org.springframework.amqp.rabbit.RabbitListenerEndpointContainer#0-1] ERROR com.eleicao.core.component.CandidatoListener - Candidato ja existe: papai neymar
2025-05-17 20:41:24.106 [org.springframework.amqp.rabbit.RabbitListenerEndpointContainer#0-1] ERROR com.eleicao.core.component.CandidatoListener - Candidato ja existe: papai neymar
2025-05-17 20:41:24.109 [org.springframework.amqp.rabbit.RabbitListenerEndpointContainer#0-1] ERROR com.eleicao.core.component.CandidatoListener - Candidato ja existe: papai neymar
2025-05-17 20:41:24.114 [org.springframework.amqp.rabbit.RabbitListenerEndpointContainer#0-1] ERROR com.eleicao.core.component.CandidatoListener - Candidato ja existe: papai neymar
2025-05-17 20:41:24.118 [org.springframework.amqp.rabbit.RabbitListenerEndpointContainer#0-1] ERROR com.eleicao.core.component.CandidatoListener - Candidato ja existe: papai neymar
2025-05-17 20:41:24.122 [org.springframework.amqp.rabbit.RabbitListenerEndpointContainer#0-1] ERROR com.eleicao.core.component.CandidatoListener - Candidato ja existe: papai neymar
2025-05-17 20:41:24.124 [org.springframework.amqp.rabbit.RabbitListenerEndpointContainer#0-1] ERROR com.eleicao.core.component.CandidatoListener - Candidato ja existe: papai neymar
2025-05-17 20:41:24.126 [org.springframework.amqp.rabbit.RabbitListenerEndpointContainer#0-1] ERROR com.eleicao.core.component.CandidatoListener - Candidato ja existe: papai neymar
2025-05-17 20:41:24.129 [org.springframework.amqp.rabbit.RabbitListenerEndpointContainer#0-1] ERROR com.eleicao.core.component.CandidatoListener - Candidato ja existe: papai neymar
2025-05-17 20:41:24.132 [org.springframework.amqp.rabbit.RabbitListenerEndpointContainer#0-1] ERROR com.eleicao.core.component.CandidatoListener - Candidato ja existe: papai neymar
2025-05-17 20:41:24.135 [org.springframework.amqp.rabbit.RabbitListenerEndpointContainer#0-1] ERROR com.eleicao.core.component.CandidatoListener - Candidato ja existe: papai neymar
2025-05-17 20:41:24.137 [org.springframework.amqp.rabbit.RabbitListenerEndpointContainer#0-1] ERROR com.eleicao.core.component.CandidatoListener - Candidato ja existe: papai neymar
2025-05-17 20:41:24.140 [org.springframework.amqp.rabbit.RabbitListenerEndpointContainer#0-1] ERROR com.eleicao.core.component.CandidatoListener - Candidato ja existe: papai neymar
2025-05-17 20:41:24.145 [org.springframework.amqp.rabbit.RabbitListenerEndpointContainer#0-1] ERROR com.eleicao.core.component.CandidatoListener - Candidato ja existe: papai neymar
2025-05-17 20:41:24.148 [org.springframework.amqp.rabbit.RabbitListenerEndpointContainer#0-1] ERROR com.eleicao.core.component.CandidatoListener - Candidato ja existe: papai neymar
2025-05-17 20:41:24.151 [org.springframework.amqp.rabbit.RabbitListenerEndpointContainer#0-1] ERROR com.eleicao.core.component.CandidatoListener - Candidato ja existe: papai neymar
2025-05-17 20:41:24.154 [org.springframework.amqp.rabbit.RabbitListenerEndpointContainer#0-1] ERROR com.eleicao.core.component.CandidatoListener - Candidato ja existe: papai neymar
2025-05-17 20:41:24.158 [org.springframework.amqp.rabbit.RabbitListenerEndpointContainer#0-1] ERROR com.eleicao.core.component.CandidatoListener - Candidato ja existe: papai neymar
2025-05-17 20:41:24.162 [org.springframework.amqp.rabbit.RabbitListenerEndpointContainer#0-1] ERROR com.eleicao.core.component.CandidatoListener - Candidato ja existe: papai neymar
2025-05-17 20:41:24.165 [org.springframework.amqp.rabbit.RabbitListenerEndpointContainer#0-1] ERROR com.eleicao.core.component.CandidatoListener - Candidato ja existe: papai neymar
2025-05-17 20:41:24.168 [org.springframework.amqp.rabbit.RabbitListenerEndpointContainer#0-1] ERROR com.eleicao.core.component.CandidatoListener - Candidato ja existe: papai neymar
2025-05-17 20:41:24.171 [org.springframework.amqp.rabbit.RabbitListenerEndpointContainer#0-1] ERROR com.eleicao.core.component.CandidatoListener - Candidato ja existe: papai neymar
2025-05-17 20:41:24.176 [org.springframework.amqp.rabbit.RabbitListenerEndpointContainer#0-1] ERROR com.eleicao.core.component.CandidatoListener - Candidato ja existe: papai neymar
2025-05-17 20:41:24.180 [org.springframework.amqp.rabbit.RabbitListenerEndpointContainer#0-1] ERROR com.eleicao.core.component.CandidatoListener - Candidato ja existe: papai neymar
2025-05-17 20:41:24.184 [org.springframework.amqp.rabbit.RabbitListenerEndpointContainer#0-1] ERROR com.eleicao.core.component.CandidatoListener - Candidato ja existe: papai neymar
2025-05-17 20:41:24.188 [org.springframework.amqp.rabbit.RabbitListenerEndpointContainer#0-1] ERROR com.eleicao.core.component.CandidatoListener - Candidato ja existe: papai neymar
2025-05-17 20:41:24.193 [org.springframework.amqp.rabbit.RabbitListenerEndpointContainer#0-1] ERROR com.eleicao.core.component.CandidatoListener - Candidato ja existe: papai neymar
2025-05-17 20:41:24.198 [org.springframework.amqp.rabbit.RabbitListenerEndpointContainer#0-1] ERROR com.eleicao.core.component.CandidatoListener - Candidato ja existe: papai neymar
2025-05-17 20:41:24.203 [org.springframework.amqp.rabbit.RabbitListenerEndpointContainer#0-1] ERROR com.eleicao.core.component.CandidatoListener - Candidato ja existe: papai neymar
2025-05-17 20:41:24.208 [org.springframework.amqp.rabbit.RabbitListenerEndpointContainer#0-1] ERROR com.eleicao.core.component.CandidatoListener - Candidato ja existe: papai neymar
2025-05-17 20:41:24.213 [org.springframework.amqp.rabbit.RabbitListenerEndpointContainer#0-1] ERROR com.eleicao.core.component.CandidatoListener - Candidato ja existe: papai neymar
2025-05-17 20:41:24.216 [org.springframework.amqp.rabbit.RabbitListenerEndpointContainer#0-1] ERROR com.eleicao.core.component.CandidatoListener - Candidato ja existe: papai neymar
2025-05-17 20:41:24.219 [org.springframework.amqp.rabbit.RabbitListenerEndpointContainer#0-1] ERROR com.eleicao.core.component.CandidatoListener - Candidato ja existe: papai neymar
2025-05-17 20:41:24.223 [org.springframework.amqp.rabbit.RabbitListenerEndpointContainer#0-1] ERROR com.eleicao.core.component.CandidatoListener - Candidato ja existe: papai neymar
2025-05-17 20:41:24.229 [org.springframework.amqp.rabbit.RabbitListenerEndpointContainer#0-1] ERROR com.eleicao.core.component.CandidatoListener - Candidato ja existe: papai neymar
2025-05-17 20:41:24.233 [org.springframework.amqp.rabbit.RabbitListenerEndpointContainer#0-1] ERROR com.eleicao.core.component.CandidatoListener - Candidato ja existe: papai neymar
2025-05-17 20:41:24.237 [org.springframework.amqp.rabbit.RabbitListenerEndpointContainer#0-1] ERROR com.eleicao.core.component.CandidatoListener - Candidato ja existe: papai neymar
2025-05-17 20:41:24.241 [org.springframework.amqp.rabbit.RabbitListenerEndpointContainer#0-1] ERROR com.eleicao.core.component.CandidatoListener - Candidato ja existe: papai neymar
2025-05-17 20:41:24.245 [org.springframework.amqp.rabbit.RabbitListenerEndpointContainer#0-1] ERROR com.eleicao.core.component.CandidatoListener - Candidato ja existe: papai neymar
2025-05-17 20:41:24.249 [org.springframework.amqp.rabbit.RabbitListenerEndpointContainer#0-1] ERROR com.eleicao.core.component.CandidatoListener - Candidato ja existe: papai neymar
2025-05-17 20:41:24.253 [org.springframework.amqp.rabbit.RabbitListenerEndpointContainer#0-1] ERROR com.eleicao.core.component.CandidatoListener - Candidato ja existe: papai neymar
2025-05-17 20:41:24.256 [org.springframework.amqp.rabbit.RabbitListenerEndpointContainer#0-1] ERROR com.eleicao.core.component.CandidatoListener - Candidato ja existe: papai neymar
2025-05-17 20:41:24.261 [org.springframework.amqp.rabbit.RabbitListenerEndpointContainer#0-1] ERROR com.eleicao.core.component.CandidatoListener - Candidato ja existe: papai neymar
2025-05-17 20:41:24.265 [org.springframework.amqp.rabbit.RabbitListenerEndpointContainer#0-1] ERROR com.eleicao.core.component.CandidatoListener - Candidato ja existe: papai neymar
2025-05-17 20:41:24.269 [org.springframework.amqp.rabbit.RabbitListenerEndpointContainer#0-1] ERROR com.eleicao.core.component.CandidatoListener - Candidato ja existe: papai neymar
2025-05-17 20:41:24.273 [org.springframework.amqp.rabbit.RabbitListenerEndpointContainer#0-1] ERROR com.eleicao.core.component.CandidatoListener - Candidato ja existe: papai neymar
2025-05-17 20:41:24.277 [org.springframework.amqp.rabbit.RabbitListenerEndpointContainer#0-1] ERROR com.eleicao.core.component.CandidatoListener - Candidato ja existe: papai neymar
2025-05-17 20:41:24.280 [org.springframework.amqp.rabbit.RabbitListenerEndpointContainer#0-1] ERROR com.eleicao.core.component.CandidatoListener - Candidato ja existe: papai neymar
2025-05-17 20:41:24.283 [org.springframework.amqp.rabbit.RabbitListenerEndpointContainer#0-1] ERROR com.eleicao.core.component.CandidatoListener - Candidato ja existe: papai neymar
2025-05-17 20:41:24.286 [org.springframework.amqp.rabbit.RabbitListenerEndpointContainer#0-1] ERROR com.eleicao.core.component.CandidatoListener - Candidato ja existe: papai neymar
2025-05-17 20:41:24.289 [org.springframework.amqp.rabbit.RabbitListenerEndpointContainer#0-1] ERROR com.eleicao.core.component.CandidatoListener - Candidato ja existe: papai neymar
2025-05-17 20:41:24.292 [org.springframework.amqp.rabbit.RabbitListenerEndpointContainer#0-1] ERROR com.eleicao.core.component.CandidatoListener - Candidato ja existe: papai neymar
2025-05-17 20:41:24.296 [org.springframework.amqp.rabbit.RabbitListenerEndpointContainer#0-1] ERROR com.eleicao.core.component.CandidatoListener - Candidato ja existe: papai neymar
2025-05-17 20:41:24.299 [org.springframework.amqp.rabbit.RabbitListenerEndpointContainer#0-1] ERROR com.eleicao.core.component.CandidatoListener - Candidato ja existe: papai neymar
2025-05-17 20:41:24.301 [org.springframework.amqp.rabbit.RabbitListenerEndpointContainer#0-1] ERROR com.eleicao.core.component.CandidatoListener - Candidato ja existe: papai neymar
2025-05-17 20:41:24.304 [org.springframework.amqp.rabbit.RabbitListenerEndpointContainer#0-1] ERROR com.eleicao.core.component.CandidatoListener - Candidato ja existe: papai neymar
2025-05-17 20:41:24.307 [org.springframework.amqp.rabbit.RabbitListenerEndpointContainer#0-1] ERROR com.eleicao.core.component.CandidatoListener - Candidato ja existe: papai neymar
2025-05-17 20:41:24.311 [org.springframework.amqp.rabbit.RabbitListenerEndpointContainer#0-1] ERROR com.eleicao.core.component.CandidatoListener - Candidato ja existe: papai neymar
2025-05-17 20:41:24.313 [org.springframework.amqp.rabbit.RabbitListenerEndpointContainer#0-1] ERROR com.eleicao.core.component.CandidatoListener - Candidato ja existe: papai neymar
2025-05-17 20:41:24.316 [org.springframework.amqp.rabbit.RabbitListenerEndpointContainer#0-1] ERROR com.eleicao.core.component.CandidatoListener - Candidato ja existe: papai neymar
2025-05-17 20:41:24.318 [org.springframework.amqp.rabbit.RabbitListenerEndpointContainer#0-1] ERROR com.eleicao.core.component.CandidatoListener - Candidato ja existe: papai neymar
2025-05-17 20:41:24.321 [org.springframework.amqp.rabbit.RabbitListenerEndpointContainer#0-1] ERROR com.eleicao.core.component.CandidatoListener - Candidato ja existe: papai neymar
2025-05-17 20:41:24.324 [org.springframework.amqp.rabbit.RabbitListenerEndpointContainer#0-1] ERROR com.eleicao.core.component.CandidatoListener - Candidato ja existe: papai neymar
2025-05-17 20:41:24.327 [org.springframework.amqp.rabbit.RabbitListenerEndpointContainer#0-1] ERROR com.eleicao.core.component.CandidatoListener - Candidato ja existe: papai neymar
2025-05-17 20:41:24.329 [org.springframework.amqp.rabbit.RabbitListenerEndpointContainer#0-1] ERROR com.eleicao.core.component.CandidatoListener - Candidato ja existe: papai neymar
2025-05-17 20:41:24.332 [org.springframework.amqp.rabbit.RabbitListenerEndpointContainer#0-1] ERROR com.eleicao.core.component.CandidatoListener - Candidato ja existe: papai neymar
2025-05-17 20:41:24.334 [org.springframework.amqp.rabbit.RabbitListenerEndpointContainer#0-1] ERROR com.eleicao.core.component.CandidatoListener - Candidato ja existe: papai neymar
2025-05-17 20:41:24.337 [org.springframework.amqp.rabbit.RabbitListenerEndpointContainer#0-1] ERROR com.eleicao.core.component.CandidatoListener - Candidato ja existe: papai neymar
2025-05-17 20:41:24.341 [org.springframework.amqp.rabbit.RabbitListenerEndpointContainer#0-1] ERROR com.eleicao.core.component.CandidatoListener - Candidato ja existe: papai neymar
2025-05-17 20:41:24.344 [org.springframework.amqp.rabbit.RabbitListenerEndpointContainer#0-1] ERROR com.eleicao.core.component.CandidatoListener - Candidato ja existe: papai neymar
2025-05-17 20:41:24.347 [org.springframework.amqp.rabbit.RabbitListenerEndpointContainer#0-1] ERROR com.eleicao.core.component.CandidatoListener - Candidato ja existe: papai neymar
2025-05-17 20:41:24.350 [org.springframework.amqp.rabbit.RabbitListenerEndpointContainer#0-1] ERROR com.eleicao.core.component.CandidatoListener - Candidato ja existe: papai neymar
2025-05-17 20:41:24.354 [org.springframework.amqp.rabbit.RabbitListenerEndpointContainer#0-1] ERROR com.eleicao.core.component.CandidatoListener - Candidato ja existe: papai neymar
2025-05-17 20:41:24.357 [org.springframework.amqp.rabbit.RabbitListenerEndpointContainer#0-1] ERROR com.eleicao.core.component.CandidatoListener - Candidato ja existe: papai neymar
2025-05-17 20:41:24.360 [org.springframework.amqp.rabbit.RabbitListenerEndpointContainer#0-1] ERROR com.eleicao.core.component.CandidatoListener - Candidato ja existe: papai neymar
2025-05-17 20:41:24.363 [org.springframework.amqp.rabbit.RabbitListenerEndpointContainer#0-1] ERROR com.eleicao.core.component.CandidatoListener - Candidato ja existe: papai neymar
2025-05-17 20:41:24.367 [org.springframework.amqp.rabbit.RabbitListenerEndpointContainer#0-1] ERROR com.eleicao.core.component.CandidatoListener - Candidato ja existe: papai neymar
2025-05-17 20:41:24.370 [org.springframework.amqp.rabbit.RabbitListenerEndpointContainer#0-1] ERROR com.eleicao.core.component.CandidatoListener - Candidato ja existe: papai neymar
2025-05-17 20:41:24.373 [org.springframework.amqp.rabbit.RabbitListenerEndpointContainer#0-1] ERROR com.eleicao.core.component.CandidatoListener - Candidato ja existe: papai neymar
2025-05-17 20:41:24.379 [org.springframework.amqp.rabbit.RabbitListenerEndpointContainer#0-1] ERROR com.eleicao.core.component.CandidatoListener - Candidato ja existe: papai neymar
2025-05-17 20:41:24.384 [org.springframework.amqp.rabbit.RabbitListenerEndpointContainer#0-1] ERROR com.eleicao.core.component.CandidatoListener - Candidato ja existe: papai neymar
2025-05-17 20:41:24.390 [org.springframework.amqp.rabbit.RabbitListenerEndpointContainer#0-1] ERROR com.eleicao.core.component.CandidatoListener - Candidato ja existe: papai neymar
2025-05-17 20:41:24.396 [org.springframework.amqp.rabbit.RabbitListenerEndpointContainer#0-1] ERROR com.eleicao.core.component.CandidatoListener - Candidato ja existe: papai neymar
2025-05-17 20:41:24.402 [org.springframework.amqp.rabbit.RabbitListenerEndpointContainer#0-1] ERROR com.eleicao.core.component.CandidatoListener - Candidato ja existe: papai neymar
2025-05-17 20:41:24.408 [org.springframework.amqp.rabbit.RabbitListenerEndpointContainer#0-1] ERROR com.eleicao.core.component.CandidatoListener - Candidato ja existe: papai neymar
2025-05-17 20:41:24.413 [org.springframework.amqp.rabbit.RabbitListenerEndpointContainer#0-1] ERROR com.eleicao.core.component.CandidatoListener - Candidato ja existe: papai neymar
2025-05-17 20:41:24.418 [org.springframework.amqp.rabbit.RabbitListenerEndpointContainer#0-1] ERROR com.eleicao.core.component.CandidatoListener - Candidato ja existe: papai neymar
2025-05-17 20:41:24.423 [org.springframework.amqp.rabbit.RabbitListenerEndpointContainer#0-1] ERROR com.eleicao.core.component.CandidatoListener - Candidato ja existe: papai neymar
2025-05-17 20:41:24.428 [org.springframework.amqp.rabbit.RabbitListenerEndpointContainer#0-1] ERROR com.eleicao.core.component.CandidatoListener - Candidato ja existe: papai neymar
2025-05-17 20:41:24.432 [org.springframework.amqp.rabbit.RabbitListenerEndpointContainer#0-1] ERROR com.eleicao.core.component.CandidatoListener - Candidato ja existe: papai neymar
2025-05-17 20:41:24.436 [org.springframework.amqp.rabbit.RabbitListenerEndpointContainer#0-1] ERROR com.eleicao.core.component.CandidatoListener - Candidato ja existe: papai neymar
2025-05-17 20:41:24.439 [org.springframework.amqp.rabbit.RabbitListenerEndpointContainer#0-1] ERROR com.eleicao.core.component.CandidatoListener - Candidato ja existe: papai neymar
2025-05-17 20:41:24.443 [org.springframework.amqp.rabbit.RabbitListenerEndpointContainer#0-1] ERROR com.eleicao.core.component.CandidatoListener - Candidato ja existe: papai neymar
2025-05-17 20:41:24.447 [org.springframework.amqp.rabbit.RabbitListenerEndpointContainer#0-1] ERROR com.eleicao.core.component.CandidatoListener - Candidato ja existe: papai neymar
2025-05-17 20:41:24.451 [org.springframework.amqp.rabbit.RabbitListenerEndpointContainer#0-1] ERROR com.eleicao.core.component.CandidatoListener - Candidato ja existe: papai neymar
2025-05-17 20:41:24.455 [org.springframework.amqp.rabbit.RabbitListenerEndpointContainer#0-1] ERROR com.eleicao.core.component.CandidatoListener - Candidato ja existe: papai neymar
2025-05-17 20:41:24.460 [org.springframework.amqp.rabbit.RabbitListenerEndpointContainer#0-1] ERROR com.eleicao.core.component.CandidatoListener - Candidato ja existe: papai neymar
2025-05-17 20:41:24.465 [org.springframework.amqp.rabbit.RabbitListenerEndpointContainer#0-1] ERROR com.eleicao.core.component.CandidatoListener - Candidato ja existe: papai neymar
2025-05-17 20:41:24.469 [org.springframework.amqp.rabbit.RabbitListenerEndpointContainer#0-1] ERROR com.eleicao.core.component.CandidatoListener - Candidato ja existe: papai neymar
2025-05-17 20:41:24.473 [org.springframework.amqp.rabbit.RabbitListenerEndpointContainer#0-1] ERROR com.eleicao.core.component.CandidatoListener - Candidato ja existe: papai neymar
2025-05-17 20:41:24.478 [org.springframework.amqp.rabbit.RabbitListenerEndpointContainer#0-1] ERROR com.eleicao.core.component.CandidatoListener - Candidato ja existe: papai neymar
2025-05-17 20:41:24.480 [org.springframework.amqp.rabbit.RabbitListenerEndpointContainer#0-1] ERROR com.eleicao.core.component.CandidatoListener - Candidato ja existe: papai neymar
2025-05-17 20:41:24.483 [org.springframework.amqp.rabbit.RabbitListenerEndpointContainer#0-1] ERROR com.eleicao.core.component.CandidatoListener - Candidato ja existe: papai neymar
2025-05-17 20:41:24.485 [org.springframework.amqp.rabbit.RabbitListenerEndpointContainer#0-1] ERROR com.eleicao.core.component.CandidatoListener - Candidato ja existe: papai neymar
2025-05-17 20:41:24.488 [org.springframework.amqp.rabbit.RabbitListenerEndpointContainer#0-1] ERROR com.eleicao.core.component.CandidatoListener - Candidato ja existe: papai neymar
2025-05-17 20:41:24.490 [org.springframework.amqp.rabbit.RabbitListenerEndpointContainer#0-1] ERROR com.eleicao.core.component.CandidatoListener - Candidato ja existe: papai neymar
2025-05-17 20:41:24.494 [org.springframework.amqp.rabbit.RabbitListenerEndpointContainer#0-1] ERROR com.eleicao.core.component.CandidatoListener - Candidato ja existe: papai neymar
2025-05-17 20:41:24.497 [org.springframework.amqp.rabbit.RabbitListenerEndpointContainer#0-1] ERROR com.eleicao.core.component.CandidatoListener - Candidato ja existe: papai neymar
2025-05-17 20:41:24.499 [org.springframework.amqp.rabbit.RabbitListenerEndpointContainer#0-1] ERROR com.eleicao.core.component.CandidatoListener - Candidato ja existe: papai neymar
2025-05-17 20:41:24.502 [org.springframework.amqp.rabbit.RabbitListenerEndpointContainer#0-1] ERROR com.eleicao.core.component.CandidatoListener - Candidato ja existe: papai neymar
2025-05-17 20:41:24.505 [org.springframework.amqp.rabbit.RabbitListenerEndpointContainer#0-1] ERROR com.eleicao.core.component.CandidatoListener - Candidato ja existe: papai neymar
2025-05-17 20:41:24.507 [org.springframework.amqp.rabbit.RabbitListenerEndpointContainer#0-1] ERROR com.eleicao.core.component.CandidatoListener - Candidato ja existe: papai neymar
2025-05-17 20:41:24.511 [org.springframework.amqp.rabbit.RabbitListenerEndpointContainer#0-1] ERROR com.eleicao.core.component.CandidatoListener - Candidato ja existe: papai neymar
2025-05-17 20:41:24.513 [org.springframework.amqp.rabbit.RabbitListenerEndpointContainer#0-1] ERROR com.eleicao.core.component.CandidatoListener - Candidato ja existe: papai neymar
2025-05-17 20:41:24.516 [org.springframework.amqp.rabbit.RabbitListenerEndpointContainer#0-1] ERROR com.eleicao.core.component.CandidatoListener - Candidato ja existe: papai neymar
2025-05-17 20:41:24.518 [org.springframework.amqp.rabbit.RabbitListenerEndpointContainer#0-1] ERROR com.eleicao.core.component.CandidatoListener - Candidato ja existe: papai neymar
2025-05-17 20:41:24.521 [org.springframework.amqp.rabbit.RabbitListenerEndpointContainer#0-1] ERROR com.eleicao.core.component.CandidatoListener - Candidato ja existe: papai neymar
2025-05-17 20:41:24.526 [org.springframework.amqp.rabbit.RabbitListenerEndpointContainer#0-1] ERROR com.eleicao.core.component.CandidatoListener - Candidato ja existe: papai neymar
2025-05-17 20:41:24.529 [org.springframework.amqp.rabbit.RabbitListenerEndpointContainer#0-1] ERROR com.eleicao.core.component.CandidatoListener - Candidato ja existe: papai neymar
2025-05-17 20:41:24.532 [org.springframework.amqp.rabbit.RabbitListenerEndpointContainer#0-1] ERROR com.eleicao.core.component.CandidatoListener - Candidato ja existe: papai neymar
2025-05-17 20:41:24.536 [org.springframework.amqp.rabbit.RabbitListenerEndpointContainer#0-1] ERROR com.eleicao.core.component.CandidatoListener - Candidato ja existe: papai neymar
2025-05-17 20:41:24.539 [org.springframework.amqp.rabbit.RabbitListenerEndpointContainer#0-1] ERROR com.eleicao.core.component.CandidatoListener - Candidato ja existe: papai neymar
2025-05-17 20:41:24.544 [org.springframework.amqp.rabbit.RabbitListenerEndpointContainer#0-1] ERROR com.eleicao.core.component.CandidatoListener - Candidato ja existe: papai neymar
2025-05-17 20:41:24.547 [org.springframework.amqp.rabbit.RabbitListenerEndpointContainer#0-1] ERROR com.eleicao.core.component.CandidatoListener - Candidato ja existe: papai neymar
2025-05-17 20:41:24.551 [org.springframework.amqp.rabbit.RabbitListenerEndpointContainer#0-1] ERROR com.eleicao.core.component.CandidatoListener - Candidato ja existe: papai neymar
2025-05-17 20:41:24.554 [org.springframework.amqp.rabbit.RabbitListenerEndpointContainer#0-1] ERROR com.eleicao.core.component.CandidatoListener - Candidato ja existe: papai neymar
2025-05-17 20:41:24.556 [org.springframework.amqp.rabbit.RabbitListenerEndpointContainer#0-1] ERROR com.eleicao.core.component.CandidatoListener - Candidato ja existe: papai neymar
2025-05-17 20:41:24.559 [org.springframework.amqp.rabbit.RabbitListenerEndpointContainer#0-1] ERROR com.eleicao.core.component.CandidatoListener - Candidato ja existe: papai neymar
2025-05-17 20:41:24.563 [org.springframework.amqp.rabbit.RabbitListenerEndpointContainer#0-1] ERROR com.eleicao.core.component.CandidatoListener - Candidato ja existe: papai neymar
2025-05-17 20:41:24.568 [org.springframework.amqp.rabbit.RabbitListenerEndpointContainer#0-1] ERROR com.eleicao.core.component.CandidatoListener - Candidato ja existe: papai neymar
2025-05-17 20:41:24.572 [org.springframework.amqp.rabbit.RabbitListenerEndpointContainer#0-1] ERROR com.eleicao.core.component.CandidatoListener - Candidato ja existe: papai neymar
2025-05-17 20:41:24.576 [org.springframework.amqp.rabbit.RabbitListenerEndpointContainer#0-1] ERROR com.eleicao.core.component.CandidatoListener - Candidato ja existe: papai neymar
2025-05-17 20:41:24.581 [org.springframework.amqp.rabbit.RabbitListenerEndpointContainer#0-1] ERROR com.eleicao.core.component.CandidatoListener - Candidato ja existe: papai neymar
2025-05-17 20:41:24.586 [org.springframework.amqp.rabbit.RabbitListenerEndpointContainer#0-1] ERROR com.eleicao.core.component.CandidatoListener - Candidato ja existe: papai neymar
2025-05-17 20:41:24.590 [org.springframework.amqp.rabbit.RabbitListenerEndpointContainer#0-1] ERROR com.eleicao.core.component.CandidatoListener - Candidato ja existe: papai neymar
2025-05-17 20:41:24.596 [org.springframework.amqp.rabbit.RabbitListenerEndpointContainer#0-1] ERROR com.eleicao.core.component.CandidatoListener - Candidato ja existe: papai neymar
2025-05-17 20:41:24.600 [org.springframework.amqp.rabbit.RabbitListenerEndpointContainer#0-1] ERROR com.eleicao.core.component.CandidatoListener - Candidato ja existe: papai neymar
2025-05-17 20:41:24.604 [org.springframework.amqp.rabbit.RabbitListenerEndpointContainer#0-1] ERROR com.eleicao.core.component.CandidatoListener - Candidato ja existe: papai neymar
2025-05-17 20:41:24.609 [org.springframework.amqp.rabbit.RabbitListenerEndpointContainer#0-1] ERROR com.eleicao.core.component.CandidatoListener - Candidato ja existe: papai neymar
2025-05-17 20:41:24.614 [org.springframework.amqp.rabbit.RabbitListenerEndpointContainer#0-1] ERROR com.eleicao.core.component.CandidatoListener - Candidato ja existe: papai neymar
2025-05-17 20:41:24.619 [org.springframework.amqp.rabbit.RabbitListenerEndpointContainer#0-1] ERROR com.eleicao.core.component.CandidatoListener - Candidato ja existe: papai neymar
2025-05-17 20:41:24.624 [org.springframework.amqp.rabbit.RabbitListenerEndpointContainer#0-1] ERROR com.eleicao.core.component.CandidatoListener - Candidato ja existe: papai neymar
2025-05-17 20:41:24.627 [org.springframework.amqp.rabbit.RabbitListenerEndpointContainer#0-1] ERROR com.eleicao.core.component.CandidatoListener - Candidato ja existe: papai neymar
2025-05-17 20:41:24.630 [org.springframework.amqp.rabbit.RabbitListenerEndpointContainer#0-1] ERROR com.eleicao.core.component.CandidatoListener - Candidato ja existe: papai neymar
2025-05-17 20:41:24.633 [org.springframework.amqp.rabbit.RabbitListenerEndpointContainer#0-1] ERROR com.eleicao.core.component.CandidatoListener - Candidato ja existe: papai neymar
2025-05-17 20:41:24.637 [org.springframework.amqp.rabbit.RabbitListenerEndpointContainer#0-1] ERROR com.eleicao.core.component.CandidatoListener - Candidato ja existe: papai neymar
2025-05-17 20:41:24.641 [org.springframework.amqp.rabbit.RabbitListenerEndpointContainer#0-1] ERROR com.eleicao.core.component.CandidatoListener - Candidato ja existe: papai neymar
2025-05-17 20:41:24.645 [org.springframework.amqp.rabbit.RabbitListenerEndpointContainer#0-1] ERROR com.eleicao.core.component.CandidatoListener - Candidato ja existe: papai neymar
2025-05-17 20:41:24.650 [org.springframework.amqp.rabbit.RabbitListenerEndpointContainer#0-1] ERROR com.eleicao.core.component.CandidatoListener - Candidato ja existe: papai neymar
2025-05-17 20:41:24.654 [org.springframework.amqp.rabbit.RabbitListenerEndpointContainer#0-1] ERROR com.eleicao.core.component.CandidatoListener - Candidato ja existe: papai neymar
2025-05-17 20:41:24.657 [org.springframework.amqp.rabbit.RabbitListenerEndpointContainer#0-1] ERROR com.eleicao.core.component.CandidatoListener - Candidato ja existe: papai neymar
2025-05-17 20:41:24.662 [org.springframework.amqp.rabbit.RabbitListenerEndpointContainer#0-1] ERROR com.eleicao.core.component.CandidatoListener - Candidato ja existe: papai neymar
2025-05-17 20:41:24.666 [org.springframework.amqp.rabbit.RabbitListenerEndpointContainer#0-1] ERROR com.eleicao.core.component.CandidatoListener - Candidato ja existe: papai neymar
2025-05-17 20:41:24.669 [org.springframework.amqp.rabbit.RabbitListenerEndpointContainer#0-1] ERROR com.eleicao.core.component.CandidatoListener - Candidato ja existe: papai neymar
2025-05-17 20:41:24.673 [org.springframework.amqp.rabbit.RabbitListenerEndpointContainer#0-1] ERROR com.eleicao.core.component.CandidatoListener - Candidato ja existe: papai neymar
2025-05-17 20:41:24.677 [org.springframework.amqp.rabbit.RabbitListenerEndpointContainer#0-1] ERROR com.eleicao.core.component.CandidatoListener - Candidato ja existe: papai neymar
2025-05-17 20:41:24.681 [org.springframework.amqp.rabbit.RabbitListenerEndpointContainer#0-1] ERROR com.eleicao.core.component.CandidatoListener - Candidato ja existe: papai neymar
2025-05-17 20:41:24.685 [org.springframework.amqp.rabbit.RabbitListenerEndpointContainer#0-1] ERROR com.eleicao.core.component.CandidatoListener - Candidato ja existe: papai neymar
2025-05-17 20:41:24.687 [org.springframework.amqp.rabbit.RabbitListenerEndpointContainer#0-1] ERROR com.eleicao.core.component.CandidatoListener - Candidato ja existe: papai neymar
2025-05-17 20:41:24.689 [org.springframework.amqp.rabbit.RabbitListenerEndpointContainer#0-1] ERROR com.eleicao.core.component.CandidatoListener - Candidato ja existe: papai neymar
2025-05-17 20:41:24.691 [org.springframework.amqp.rabbit.RabbitListenerEndpointContainer#0-1] ERROR com.eleicao.core.component.CandidatoListener - Candidato ja existe: papai neymar
2025-05-17 20:41:24.695 [org.springframework.amqp.rabbit.RabbitListenerEndpointContainer#0-1] ERROR com.eleicao.core.component.CandidatoListener - Candidato ja existe: papai neymar
2025-05-17 20:41:24.698 [org.springframework.amqp.rabbit.RabbitListenerEndpointContainer#0-1] ERROR com.eleicao.core.component.CandidatoListener - Candidato ja existe: papai neymar
2025-05-17 20:41:24.702 [org.springframework.amqp.rabbit.RabbitListenerEndpointContainer#0-1] ERROR com.eleicao.core.component.CandidatoListener - Candidato ja existe: papai neymar
2025-05-17 20:41:24.704 [org.springframework.amqp.rabbit.RabbitListenerEndpointContainer#0-1] ERROR com.eleicao.core.component.CandidatoListener - Candidato ja existe: papai neymar
2025-05-17 20:41:24.707 [org.springframework.amqp.rabbit.RabbitListenerEndpointContainer#0-1] ERROR com.eleicao.core.component.CandidatoListener - Candidato ja existe: papai neymar
2025-05-17 20:41:24.710 [org.springframework.amqp.rabbit.RabbitListenerEndpointContainer#0-1] ERROR com.eleicao.core.component.CandidatoListener - Candidato ja existe: papai neymar
2025-05-17 20:41:24.713 [org.springframework.amqp.rabbit.RabbitListenerEndpointContainer#0-1] ERROR com.eleicao.core.component.CandidatoListener - Candidato ja existe: papai neymar
2025-05-17 20:41:24.716 [org.springframework.amqp.rabbit.RabbitListenerEndpointContainer#0-1] ERROR com.eleicao.core.component.CandidatoListener - Candidato ja existe: papai neymar
2025-05-17 20:41:24.718 [org.springframework.amqp.rabbit.RabbitListenerEndpointContainer#0-1] ERROR com.eleicao.core.component.CandidatoListener - Candidato ja existe: papai neymar
2025-05-17 20:41:24.721 [org.springframework.amqp.rabbit.RabbitListenerEndpointContainer#0-1] ERROR com.eleicao.core.component.CandidatoListener - Candidato ja existe: papai neymar
2025-05-17 20:41:24.724 [org.springframework.amqp.rabbit.RabbitListenerEndpointContainer#0-1] ERROR com.eleicao.core.component.CandidatoListener - Candidato ja existe: papai neymar
2025-05-17 20:41:24.728 [org.springframework.amqp.rabbit.RabbitListenerEndpointContainer#0-1] ERROR com.eleicao.core.component.CandidatoListener - Candidato ja existe: papai neymar
2025-05-17 20:41:24.731 [org.springframework.amqp.rabbit.RabbitListenerEndpointContainer#0-1] ERROR com.eleicao.core.component.CandidatoListener - Candidato ja existe: papai neymar
2025-05-17 20:41:24.735 [org.springframework.amqp.rabbit.RabbitListenerEndpointContainer#0-1] ERROR com.eleicao.core.component.CandidatoListener - Candidato ja existe: papai neymar
2025-05-17 20:41:24.738 [org.springframework.amqp.rabbit.RabbitListenerEndpointContainer#0-1] ERROR com.eleicao.core.component.CandidatoListener - Candidato ja existe: papai neymar
2025-05-17 20:41:24.741 [org.springframework.amqp.rabbit.RabbitListenerEndpointContainer#0-1] ERROR com.eleicao.core.component.CandidatoListener - Candidato ja existe: papai neymar
2025-05-17 20:41:24.746 [org.springframework.amqp.rabbit.RabbitListenerEndpointContainer#0-1] ERROR com.eleicao.core.component.CandidatoListener - Candidato ja existe: papai neymar
2025-05-17 20:41:24.749 [org.springframework.amqp.rabbit.RabbitListenerEndpointContainer#0-1] ERROR com.eleicao.core.component.CandidatoListener - Candidato ja existe: papai neymar
2025-05-17 20:41:24.753 [org.springframework.amqp.rabbit.RabbitListenerEndpointContainer#0-1] ERROR com.eleicao.core.component.CandidatoListener - Candidato ja existe: papai neymar
2025-05-17 20:41:24.757 [org.springframework.amqp.rabbit.RabbitListenerEndpointContainer#0-1] ERROR com.eleicao.core.component.CandidatoListener - Candidato ja existe: papai neymar
2025-05-17 20:41:24.761 [org.springframework.amqp.rabbit.RabbitListenerEndpointContainer#0-1] ERROR com.eleicao.core.component.CandidatoListener - Candidato ja existe: papai neymar
2025-05-17 20:41:24.764 [org.springframework.amqp.rabbit.RabbitListenerEndpointContainer#0-1] ERROR com.eleicao.core.component.CandidatoListener - Candidato ja existe: papai neymar
2025-05-17 20:41:24.768 [org.springframework.amqp.rabbit.RabbitListenerEndpointContainer#0-1] ERROR com.eleicao.core.component.CandidatoListener - Candidato ja existe: papai neymar
2025-05-17 20:41:24.771 [org.springframework.amqp.rabbit.RabbitListenerEndpointContainer#0-1] ERROR com.eleicao.core.component.CandidatoListener - Candidato ja existe: papai neymar
2025-05-17 20:41:24.775 [org.springframework.amqp.rabbit.RabbitListenerEndpointContainer#0-1] ERROR com.eleicao.core.component.CandidatoListener - Candidato ja existe: papai neymar
2025-05-17 20:41:24.778 [org.springframework.amqp.rabbit.RabbitListenerEndpointContainer#0-1] ERROR com.eleicao.core.component.CandidatoListener - Candidato ja existe: papai neymar
2025-05-17 20:41:24.781 [org.springframework.amqp.rabbit.RabbitListenerEndpointContainer#0-1] ERROR com.eleicao.core.component.CandidatoListener - Candidato ja existe: papai neymar
2025-05-17 20:41:24.784 [org.springframework.amqp.rabbit.RabbitListenerEndpointContainer#0-1] ERROR com.eleicao.core.component.CandidatoListener - Candidato ja existe: papai neymar
2025-05-17 20:41:24.788 [org.springframework.amqp.rabbit.RabbitListenerEndpointContainer#0-1] ERROR com.eleicao.core.component.CandidatoListener - Candidato ja existe: papai neymar
2025-05-17 20:41:24.791 [org.springframework.amqp.rabbit.RabbitListenerEndpointContainer#0-1] ERROR com.eleicao.core.component.CandidatoListener - Candidato ja existe: papai neymar
2025-05-17 20:41:24.797 [org.springframework.amqp.rabbit.RabbitListenerEndpointContainer#0-1] ERROR com.eleicao.core.component.CandidatoListener - Candidato ja existe: papai neymar
2025-05-17 20:41:24.801 [org.springframework.amqp.rabbit.RabbitListenerEndpointContainer#0-1] ERROR com.eleicao.core.component.CandidatoListener - Candidato ja existe: papai neymar
2025-05-17 20:41:24.805 [org.springframework.amqp.rabbit.RabbitListenerEndpointContainer#0-1] ERROR com.eleicao.core.component.CandidatoListener - Candidato ja existe: papai neymar
2025-05-17 20:41:24.811 [org.springframework.amqp.rabbit.RabbitListenerEndpointContainer#0-1] ERROR com.eleicao.core.component.CandidatoListener - Candidato ja existe: papai neymar
2025-05-17 20:41:24.815 [org.springframework.amqp.rabbit.RabbitListenerEndpointContainer#0-1] ERROR com.eleicao.core.component.CandidatoListener - Candidato ja existe: papai neymar
2025-05-17 20:41:24.819 [org.springframework.amqp.rabbit.RabbitListenerEndpointContainer#0-1] ERROR com.eleicao.core.component.CandidatoListener - Candidato ja existe: papai neymar
2025-05-17 20:41:24.823 [org.springframework.amqp.rabbit.RabbitListenerEndpointContainer#0-1] ERROR com.eleicao.core.component.CandidatoListener - Candidato ja existe: papai neymar
2025-05-17 20:41:24.828 [org.springframework.amqp.rabbit.RabbitListenerEndpointContainer#0-1] ERROR com.eleicao.core.component.CandidatoListener - Candidato ja existe: papai neymar
2025-05-17 20:41:24.831 [org.springframework.amqp.rabbit.RabbitListenerEndpointContainer#0-1] ERROR com.eleicao.core.component.CandidatoListener - Candidato ja existe: papai neymar
2025-05-17 20:41:24.835 [org.springframework.amqp.rabbit.RabbitListenerEndpointContainer#0-1] ERROR com.eleicao.core.component.CandidatoListener - Candidato ja existe: papai neymar
2025-05-17 20:41:24.838 [org.springframework.amqp.rabbit.RabbitListenerEndpointContainer#0-1] ERROR com.eleicao.core.component.CandidatoListener - Candidato ja existe: papai neymar
2025-05-17 20:41:24.841 [org.springframework.amqp.rabbit.RabbitListenerEndpointContainer#0-1] ERROR com.eleicao.core.component.CandidatoListener - Candidato ja existe: papai neymar
2025-05-17 20:41:24.847 [org.springframework.amqp.rabbit.RabbitListenerEndpointContainer#0-1] ERROR com.eleicao.core.component.CandidatoListener - Candidato ja existe: papai neymar
2025-05-17 20:41:24.850 [org.springframework.amqp.rabbit.RabbitListenerEndpointContainer#0-1] ERROR com.eleicao.core.component.CandidatoListener - Candidato ja existe: papai neymar
2025-05-17 20:41:24.854 [org.springframework.amqp.rabbit.RabbitListenerEndpointContainer#0-1] ERROR com.eleicao.core.component.CandidatoListener - Candidato ja existe: papai neymar
2025-05-17 20:41:24.858 [org.springframework.amqp.rabbit.RabbitListenerEndpointContainer#0-1] ERROR com.eleicao.core.component.CandidatoListener - Candidato ja existe: papai neymar
2025-05-17 20:41:24.862 [org.springframework.amqp.rabbit.RabbitListenerEndpointContainer#0-1] ERROR com.eleicao.core.component.CandidatoListener - Candidato ja existe: papai neymar
2025-05-17 20:41:24.867 [org.springframework.amqp.rabbit.RabbitListenerEndpointContainer#0-1] ERROR com.eleicao.core.component.CandidatoListener - Candidato ja existe: papai neymar
2025-05-17 20:41:24.870 [org.springframework.amqp.rabbit.RabbitListenerEndpointContainer#0-1] ERROR com.eleicao.core.component.CandidatoListener - Candidato ja existe: papai neymar
2025-05-17 20:41:24.874 [org.springframework.amqp.rabbit.RabbitListenerEndpointContainer#0-1] ERROR com.eleicao.core.component.CandidatoListener - Candidato ja existe: papai neymar
2025-05-17 20:41:24.879 [org.springframework.amqp.rabbit.RabbitListenerEndpointContainer#0-1] ERROR com.eleicao.core.component.CandidatoListener - Candidato ja existe: papai neymar
2025-05-17 20:41:24.883 [org.springframework.amqp.rabbit.RabbitListenerEndpointContainer#0-1] ERROR com.eleicao.core.component.CandidatoListener - Candidato ja existe: papai neymar
2025-05-17 20:41:24.887 [org.springframework.amqp.rabbit.RabbitListenerEndpointContainer#0-1] ERROR com.eleicao.core.component.CandidatoListener - Candidato ja existe: papai neymar
2025-05-17 20:41:24.891 [org.springframework.amqp.rabbit.RabbitListenerEndpointContainer#0-1] ERROR com.eleicao.core.component.CandidatoListener - Candidato ja existe: papai neymar
2025-05-17 20:41:24.896 [org.springframework.amqp.rabbit.RabbitListenerEndpointContainer#0-1] ERROR com.eleicao.core.component.CandidatoListener - Candidato ja existe: papai neymar
2025-05-17 20:41:24.899 [org.springframework.amqp.rabbit.RabbitListenerEndpointContainer#0-1] ERROR com.eleicao.core.component.CandidatoListener - Candidato ja existe: papai neymar
2025-05-17 20:41:24.902 [org.springframework.amqp.rabbit.RabbitListenerEndpointContainer#0-1] ERROR com.eleicao.core.component.CandidatoListener - Candidato ja existe: papai neymar
2025-05-17 20:41:24.905 [org.springframework.amqp.rabbit.RabbitListenerEndpointContainer#0-1] ERROR com.eleicao.core.component.CandidatoListener - Candidato ja existe: papai neymar
2025-05-17 20:41:24.908 [org.springframework.amqp.rabbit.RabbitListenerEndpointContainer#0-1] ERROR com.eleicao.core.component.CandidatoListener - Candidato ja existe: papai neymar
2025-05-17 20:41:24.911 [org.springframework.amqp.rabbit.RabbitListenerEndpointContainer#0-1] ERROR com.eleicao.core.component.CandidatoListener - Candidato ja existe: papai neymar
2025-05-17 20:41:24.914 [org.springframework.amqp.rabbit.RabbitListenerEndpointContainer#0-1] ERROR com.eleicao.core.component.CandidatoListener - Candidato ja existe: papai neymar
2025-05-17 20:41:24.917 [org.springframework.amqp.rabbit.RabbitListenerEndpointContainer#0-1] ERROR com.eleicao.core.component.CandidatoListener - Candidato ja existe: papai neymar
2025-05-17 20:41:24.920 [org.springframework.amqp.rabbit.RabbitListenerEndpointContainer#0-1] ERROR com.eleicao.core.component.CandidatoListener - Candidato ja existe: papai neymar
2025-05-17 20:41:24.923 [org.springframework.amqp.rabbit.RabbitListenerEndpointContainer#0-1] ERROR com.eleicao.core.component.CandidatoListener - Candidato ja existe: papai neymar
2025-05-17 20:41:24.930 [org.springframework.amqp.rabbit.RabbitListenerEndpointContainer#0-1] ERROR com.eleicao.core.component.CandidatoListener - Candidato ja existe: papai neymar
2025-05-17 20:41:24.934 [org.springframework.amqp.rabbit.RabbitListenerEndpointContainer#0-1] ERROR com.eleicao.core.component.CandidatoListener - Candidato ja existe: papai neymar
2025-05-17 20:41:24.937 [org.springframework.amqp.rabbit.RabbitListenerEndpointContainer#0-1] ERROR com.eleicao.core.component.CandidatoListener - Candidato ja existe: papai neymar
2025-05-17 20:41:24.940 [org.springframework.amqp.rabbit.RabbitListenerEndpointContainer#0-1] ERROR com.eleicao.core.component.CandidatoListener - Candidato ja existe: papai neymar
2025-05-17 20:41:24.943 [org.springframework.amqp.rabbit.RabbitListenerEndpointContainer#0-1] ERROR com.eleicao.core.component.CandidatoListener - Candidato ja existe: papai neymar
2025-05-17 20:41:24.947 [org.springframework.amqp.rabbit.RabbitListenerEndpointContainer#0-1] ERROR com.eleicao.core.component.CandidatoListener - Candidato ja existe: papai neymar
2025-05-17 20:41:24.950 [org.springframework.amqp.rabbit.RabbitListenerEndpointContainer#0-1] ERROR com.eleicao.core.component.CandidatoListener - Candidato ja existe: papai neymar
2025-05-17 20:41:24.953 [org.springframework.amqp.rabbit.RabbitListenerEndpointContainer#0-1] ERROR com.eleicao.core.component.CandidatoListener - Candidato ja existe: papai neymar
2025-05-17 20:41:24.956 [org.springframework.amqp.rabbit.RabbitListenerEndpointContainer#0-1] ERROR com.eleicao.core.component.CandidatoListener - Candidato ja existe: papai neymar
2025-05-17 20:41:24.959 [org.springframework.amqp.rabbit.RabbitListenerEndpointContainer#0-1] ERROR com.eleicao.core.component.CandidatoListener - Candidato ja existe: papai neymar
2025-05-17 20:41:24.962 [org.springframework.amqp.rabbit.RabbitListenerEndpointContainer#0-1] ERROR com.eleicao.core.component.CandidatoListener - Candidato ja existe: papai neymar
2025-05-17 20:41:24.965 [org.springframework.amqp.rabbit.RabbitListenerEndpointContainer#0-1] ERROR com.eleicao.core.component.CandidatoListener - Candidato ja existe: papai neymar
2025-05-17 20:41:24.968 [org.springframework.amqp.rabbit.RabbitListenerEndpointContainer#0-1] ERROR com.eleicao.core.component.CandidatoListener - Candidato ja existe: papai neymar
2025-05-17 20:41:24.971 [org.springframework.amqp.rabbit.RabbitListenerEndpointContainer#0-1] ERROR com.eleicao.core.component.CandidatoListener - Candidato ja existe: papai neymar
2025-05-17 20:41:24.975 [org.springframework.amqp.rabbit.RabbitListenerEndpointContainer#0-1] ERROR com.eleicao.core.component.CandidatoListener - Candidato ja existe: papai neymar
2025-05-17 20:41:24.979 [org.springframework.amqp.rabbit.RabbitListenerEndpointContainer#0-1] ERROR com.eleicao.core.component.CandidatoListener - Candidato ja existe: papai neymar
2025-05-17 20:41:24.983 [org.springframework.amqp.rabbit.RabbitListenerEndpointContainer#0-1] ERROR com.eleicao.core.component.CandidatoListener - Candidato ja existe: papai neymar
2025-05-17 20:41:24.988 [org.springframework.amqp.rabbit.RabbitListenerEndpointContainer#0-1] ERROR com.eleicao.core.component.CandidatoListener - Candidato ja existe: papai neymar
2025-05-17 20:41:24.993 [org.springframework.amqp.rabbit.RabbitListenerEndpointContainer#0-1] ERROR com.eleicao.core.component.CandidatoListener - Candidato ja existe: papai neymar
2025-05-17 20:41:24.998 [org.springframework.amqp.rabbit.RabbitListenerEndpointContainer#0-1] ERROR com.eleicao.core.component.CandidatoListener - Candidato ja existe: papai neymar
2025-05-17 20:41:25.002 [org.springframework.amqp.rabbit.RabbitListenerEndpointContainer#0-1] ERROR com.eleicao.core.component.CandidatoListener - Candidato ja existe: papai neymar
2025-05-17 20:41:25.007 [org.springframework.amqp.rabbit.RabbitListenerEndpointContainer#0-1] ERROR com.eleicao.core.component.CandidatoListener - Candidato ja existe: papai neymar
2025-05-17 20:41:25.012 [org.springframework.amqp.rabbit.RabbitListenerEndpointContainer#0-1] ERROR com.eleicao.core.component.CandidatoListener - Candidato ja existe: papai neymar
2025-05-17 20:41:25.016 [org.springframework.amqp.rabbit.RabbitListenerEndpointContainer#0-1] ERROR com.eleicao.core.component.CandidatoListener - Candidato ja existe: papai neymar
2025-05-17 20:41:25.020 [org.springframework.amqp.rabbit.RabbitListenerEndpointContainer#0-1] ERROR com.eleicao.core.component.CandidatoListener - Candidato ja existe: papai neymar
2025-05-17 20:41:25.024 [org.springframework.amqp.rabbit.RabbitListenerEndpointContainer#0-1] ERROR com.eleicao.core.component.CandidatoListener - Candidato ja existe: papai neymar
2025-05-17 20:41:25.028 [org.springframework.amqp.rabbit.RabbitListenerEndpointContainer#0-1] ERROR com.eleicao.core.component.CandidatoListener - Candidato ja existe: papai neymar
2025-05-17 20:41:25.033 [org.springframework.amqp.rabbit.RabbitListenerEndpointContainer#0-1] ERROR com.eleicao.core.component.CandidatoListener - Candidato ja existe: papai neymar
2025-05-17 20:41:25.036 [org.springframework.amqp.rabbit.RabbitListenerEndpointContainer#0-1] ERROR com.eleicao.core.component.CandidatoListener - Candidato ja existe: papai neymar
2025-05-17 20:41:25.039 [org.springframework.amqp.rabbit.RabbitListenerEndpointContainer#0-1] ERROR com.eleicao.core.component.CandidatoListener - Candidato ja existe: papai neymar
2025-05-17 20:41:25.042 [org.springframework.amqp.rabbit.RabbitListenerEndpointContainer#0-1] ERROR com.eleicao.core.component.CandidatoListener - Candidato ja existe: papai neymar
2025-05-17 20:41:25.047 [org.springframework.amqp.rabbit.RabbitListenerEndpointContainer#0-1] ERROR com.eleicao.core.component.CandidatoListener - Candidato ja existe: papai neymar
2025-05-17 20:41:25.050 [org.springframework.amqp.rabbit.RabbitListenerEndpointContainer#0-1] ERROR com.eleicao.core.component.CandidatoListener - Candidato ja existe: papai neymar
2025-05-17 20:41:25.054 [org.springframework.amqp.rabbit.RabbitListenerEndpointContainer#0-1] ERROR com.eleicao.core.component.CandidatoListener - Candidato ja existe: papai neymar
2025-05-17 20:41:25.058 [org.springframework.amqp.rabbit.RabbitListenerEndpointContainer#0-1] ERROR com.eleicao.core.component.CandidatoListener - Candidato ja existe: papai neymar
2025-05-17 20:41:25.063 [org.springframework.amqp.rabbit.RabbitListenerEndpointContainer#0-1] ERROR com.eleicao.core.component.CandidatoListener - Candidato ja existe: papai neymar
2025-05-17 20:41:25.066 [org.springframework.amqp.rabbit.RabbitListenerEndpointContainer#0-1] ERROR com.eleicao.core.component.CandidatoListener - Candidato ja existe: papai neymar
2025-05-17 20:41:25.070 [org.springframework.amqp.rabbit.RabbitListenerEndpointContainer#0-1] ERROR com.eleicao.core.component.CandidatoListener - Candidato ja existe: papai neymar
2025-05-17 20:41:25.075 [org.springframework.amqp.rabbit.RabbitListenerEndpointContainer#0-1] ERROR com.eleicao.core.component.CandidatoListener - Candidato ja existe: papai neymar
2025-05-17 20:41:25.080 [org.springframework.amqp.rabbit.RabbitListenerEndpointContainer#0-1] ERROR com.eleicao.core.component.CandidatoListener - Candidato ja existe: papai neymar
2025-05-17 20:41:25.084 [org.springframework.amqp.rabbit.RabbitListenerEndpointContainer#0-1] ERROR com.eleicao.core.component.CandidatoListener - Candidato ja existe: papai neymar
2025-05-17 20:41:25.088 [org.springframework.amqp.rabbit.RabbitListenerEndpointContainer#0-1] ERROR com.eleicao.core.component.CandidatoListener - Candidato ja existe: papai neymar
2025-05-17 20:41:25.091 [org.springframework.amqp.rabbit.RabbitListenerEndpointContainer#0-1] ERROR com.eleicao.core.component.CandidatoListener - Candidato ja existe: papai neymar
2025-05-17 20:41:25.095 [org.springframework.amqp.rabbit.RabbitListenerEndpointContainer#0-1] ERROR com.eleicao.core.component.CandidatoListener - Candidato ja existe: papai neymar
2025-05-17 20:41:25.098 [org.springframework.amqp.rabbit.RabbitListenerEndpointContainer#0-1] ERROR com.eleicao.core.component.CandidatoListener - Candidato ja existe: papai neymar
2025-05-17 20:41:25.101 [org.springframework.amqp.rabbit.RabbitListenerEndpointContainer#0-1] ERROR com.eleicao.core.component.CandidatoListener - Candidato ja existe: papai neymar
2025-05-17 20:41:25.105 [org.springframework.amqp.rabbit.RabbitListenerEndpointContainer#0-1] ERROR com.eleicao.core.component.CandidatoListener - Candidato ja existe: papai neymar
2025-05-17 20:41:25.108 [org.springframework.amqp.rabbit.RabbitListenerEndpointContainer#0-1] ERROR com.eleicao.core.component.CandidatoListener - Candidato ja existe: papai neymar
2025-05-17 20:41:25.111 [org.springframework.amqp.rabbit.RabbitListenerEndpointContainer#0-1] ERROR com.eleicao.core.component.CandidatoListener - Candidato ja existe: papai neymar
2025-05-17 20:41:25.114 [org.springframework.amqp.rabbit.RabbitListenerEndpointContainer#0-1] ERROR com.eleicao.core.component.CandidatoListener - Candidato ja existe: papai neymar
2025-05-17 20:41:25.116 [org.springframework.amqp.rabbit.RabbitListenerEndpointContainer#0-1] ERROR com.eleicao.core.component.CandidatoListener - Candidato ja existe: papai neymar
2025-05-17 20:41:25.119 [org.springframework.amqp.rabbit.RabbitListenerEndpointContainer#0-1] ERROR com.eleicao.core.component.CandidatoListener - Candidato ja existe: papai neymar
2025-05-17 20:41:25.122 [org.springframework.amqp.rabbit.RabbitListenerEndpointContainer#0-1] ERROR com.eleicao.core.component.CandidatoListener - Candidato ja existe: papai neymar
2025-05-17 20:41:25.124 [org.springframework.amqp.rabbit.RabbitListenerEndpointContainer#0-1] ERROR com.eleicao.core.component.CandidatoListener - Candidato ja existe: papai neymar
2025-05-17 20:41:25.127 [org.springframework.amqp.rabbit.RabbitListenerEndpointContainer#0-1] ERROR com.eleicao.core.component.CandidatoListener - Candidato ja existe: papai neymar
2025-05-17 20:41:25.129 [org.springframework.amqp.rabbit.RabbitListenerEndpointContainer#0-1] ERROR com.eleicao.core.component.CandidatoListener - Candidato ja existe: papai neymar
2025-05-17 20:41:25.132 [org.springframework.amqp.rabbit.RabbitListenerEndpointContainer#0-1] ERROR com.eleicao.core.component.CandidatoListener - Candidato ja existe: papai neymar
2025-05-17 20:41:25.135 [org.springframework.amqp.rabbit.RabbitListenerEndpointContainer#0-1] ERROR com.eleicao.core.component.CandidatoListener - Candidato ja existe: papai neymar
2025-05-17 20:41:25.138 [org.springframework.amqp.rabbit.RabbitListenerEndpointContainer#0-1] ERROR com.eleicao.core.component.CandidatoListener - Candidato ja existe: papai neymar
2025-05-17 20:41:25.141 [org.springframework.amqp.rabbit.RabbitListenerEndpointContainer#0-1] ERROR com.eleicao.core.component.CandidatoListener - Candidato ja existe: papai neymar
2025-05-17 20:41:25.145 [org.springframework.amqp.rabbit.RabbitListenerEndpointContainer#0-1] ERROR com.eleicao.core.component.CandidatoListener - Candidato ja existe: papai neymar
2025-05-17 20:41:25.148 [org.springframework.amqp.rabbit.RabbitListenerEndpointContainer#0-1] ERROR com.eleicao.core.component.CandidatoListener - Candidato ja existe: papai neymar
2025-05-17 20:41:25.152 [org.springframework.amqp.rabbit.RabbitListenerEndpointContainer#0-1] ERROR com.eleicao.core.component.CandidatoListener - Candidato ja existe: papai neymar
2025-05-17 20:41:25.156 [org.springframework.amqp.rabbit.RabbitListenerEndpointContainer#0-1] ERROR com.eleicao.core.component.CandidatoListener - Candidato ja existe: papai neymar
2025-05-17 20:41:25.159 [org.springframework.amqp.rabbit.RabbitListenerEndpointContainer#0-1] ERROR com.eleicao.core.component.CandidatoListener - Candidato ja existe: papai neymar
2025-05-17 20:41:25.163 [org.springframework.amqp.rabbit.RabbitListenerEndpointContainer#0-1] ERROR com.eleicao.core.component.CandidatoListener - Candidato ja existe: papai neymar
2025-05-17 20:41:25.166 [org.springframework.amqp.rabbit.RabbitListenerEndpointContainer#0-1] ERROR com.eleicao.core.component.CandidatoListener - Candidato ja existe: papai neymar
2025-05-17 20:41:25.170 [org.springframework.amqp.rabbit.RabbitListenerEndpointContainer#0-1] ERROR com.eleicao.core.component.CandidatoListener - Candidato ja existe: papai neymar
2025-05-17 20:41:25.173 [org.springframework.amqp.rabbit.RabbitListenerEndpointContainer#0-1] ERROR com.eleicao.core.component.CandidatoListener - Candidato ja existe: papai neymar
2025-05-17 20:41:25.176 [org.springframework.amqp.rabbit.RabbitListenerEndpointContainer#0-1] ERROR com.eleicao.core.component.CandidatoListener - Candidato ja existe: papai neymar
2025-05-17 20:41:25.180 [org.springframework.amqp.rabbit.RabbitListenerEndpointContainer#0-1] ERROR com.eleicao.core.component.CandidatoListener - Candidato ja existe: papai neymar
2025-05-17 20:41:25.184 [org.springframework.amqp.rabbit.RabbitListenerEndpointContainer#0-1] ERROR com.eleicao.core.component.CandidatoListener - Candidato ja existe: papai neymar
2025-05-17 20:41:25.188 [org.springframework.amqp.rabbit.RabbitListenerEndpointContainer#0-1] ERROR com.eleicao.core.component.CandidatoListener - Candidato ja existe: papai neymar
2025-05-17 20:41:25.192 [org.springframework.amqp.rabbit.RabbitListenerEndpointContainer#0-1] ERROR com.eleicao.core.component.CandidatoListener - Candidato ja existe: papai neymar
2025-05-17 20:41:25.197 [org.springframework.amqp.rabbit.RabbitListenerEndpointContainer#0-1] ERROR com.eleicao.core.component.CandidatoListener - Candidato ja existe: papai neymar
2025-05-17 20:41:25.202 [org.springframework.amqp.rabbit.RabbitListenerEndpointContainer#0-1] ERROR com.eleicao.core.component.CandidatoListener - Candidato ja existe: papai neymar
2025-05-17 20:41:25.206 [org.springframework.amqp.rabbit.RabbitListenerEndpointContainer#0-1] ERROR com.eleicao.core.component.CandidatoListener - Candidato ja existe: papai neymar
2025-05-17 20:41:25.211 [org.springframework.amqp.rabbit.RabbitListenerEndpointContainer#0-1] ERROR com.eleicao.core.component.CandidatoListener - Candidato ja existe: papai neymar
2025-05-17 20:41:25.216 [org.springframework.amqp.rabbit.RabbitListenerEndpointContainer#0-1] ERROR com.eleicao.core.component.CandidatoListener - Candidato ja existe: papai neymar
2025-05-17 20:41:25.221 [org.springframework.amqp.rabbit.RabbitListenerEndpointContainer#0-1] ERROR com.eleicao.core.component.CandidatoListener - Candidato ja existe: papai neymar
2025-05-17 20:41:25.224 [org.springframework.amqp.rabbit.RabbitListenerEndpointContainer#0-1] ERROR com.eleicao.core.component.CandidatoListener - Candidato ja existe: papai neymar
2025-05-17 20:41:25.228 [org.springframework.amqp.rabbit.RabbitListenerEndpointContainer#0-1] ERROR com.eleicao.core.component.CandidatoListener - Candidato ja existe: papai neymar
2025-05-17 20:41:25.233 [org.springframework.amqp.rabbit.RabbitListenerEndpointContainer#0-1] ERROR com.eleicao.core.component.CandidatoListener - Candidato ja existe: papai neymar
2025-05-17 20:41:25.236 [org.springframework.amqp.rabbit.RabbitListenerEndpointContainer#0-1] ERROR com.eleicao.core.component.CandidatoListener - Candidato ja existe: papai neymar
2025-05-17 20:41:25.240 [org.springframework.amqp.rabbit.RabbitListenerEndpointContainer#0-1] ERROR com.eleicao.core.component.CandidatoListener - Candidato ja existe: papai neymar
2025-05-17 20:41:25.244 [org.springframework.amqp.rabbit.RabbitListenerEndpointContainer#0-1] ERROR com.eleicao.core.component.CandidatoListener - Candidato ja existe: papai neymar
2025-05-17 20:41:25.248 [org.springframework.amqp.rabbit.RabbitListenerEndpointContainer#0-1] ERROR com.eleicao.core.component.CandidatoListener - Candidato ja existe: papai neymar
2025-05-17 20:41:25.253 [org.springframework.amqp.rabbit.RabbitListenerEndpointContainer#0-1] ERROR com.eleicao.core.component.CandidatoListener - Candidato ja existe: papai neymar
2025-05-17 20:41:25.258 [org.springframework.amqp.rabbit.RabbitListenerEndpointContainer#0-1] ERROR com.eleicao.core.component.CandidatoListener - Candidato ja existe: papai neymar
2025-05-17 20:41:25.263 [org.springframework.amqp.rabbit.RabbitListenerEndpointContainer#0-1] ERROR com.eleicao.core.component.CandidatoListener - Candidato ja existe: papai neymar
2025-05-17 20:41:25.266 [org.springframework.amqp.rabbit.RabbitListenerEndpointContainer#0-1] ERROR com.eleicao.core.component.CandidatoListener - Candidato ja existe: papai neymar
2025-05-17 20:41:25.270 [org.springframework.amqp.rabbit.RabbitListenerEndpointContainer#0-1] ERROR com.eleicao.core.component.CandidatoListener - Candidato ja existe: papai neymar
2025-05-17 20:41:25.273 [org.springframework.amqp.rabbit.RabbitListenerEndpointContainer#0-1] ERROR com.eleicao.core.component.CandidatoListener - Candidato ja existe: papai neymar
2025-05-17 20:41:25.278 [org.springframework.amqp.rabbit.RabbitListenerEndpointContainer#0-1] ERROR com.eleicao.core.component.CandidatoListener - Candidato ja existe: papai neymar
2025-05-17 20:41:25.282 [org.springframework.amqp.rabbit.RabbitListenerEndpointContainer#0-1] ERROR com.eleicao.core.component.CandidatoListener - Candidato ja existe: papai neymar
2025-05-17 20:41:25.286 [org.springframework.amqp.rabbit.RabbitListenerEndpointContainer#0-1] ERROR com.eleicao.core.component.CandidatoListener - Candidato ja existe: papai neymar
2025-05-17 20:41:25.289 [org.springframework.amqp.rabbit.RabbitListenerEndpointContainer#0-1] ERROR com.eleicao.core.component.CandidatoListener - Candidato ja existe: papai neymar
2025-05-17 20:41:25.292 [org.springframework.amqp.rabbit.RabbitListenerEndpointContainer#0-1] ERROR com.eleicao.core.component.CandidatoListener - Candidato ja existe: papai neymar
2025-05-17 20:41:25.296 [org.springframework.amqp.rabbit.RabbitListenerEndpointContainer#0-1] ERROR com.eleicao.core.component.CandidatoListener - Candidato ja existe: papai neymar
2025-05-17 20:41:25.298 [org.springframework.amqp.rabbit.RabbitListenerEndpointContainer#0-1] ERROR com.eleicao.core.component.CandidatoListener - Candidato ja existe: papai neymar
2025-05-17 20:41:25.301 [org.springframework.amqp.rabbit.RabbitListenerEndpointContainer#0-1] ERROR com.eleicao.core.component.CandidatoListener - Candidato ja existe: papai neymar
2025-05-17 20:41:25.303 [org.springframework.amqp.rabbit.RabbitListenerEndpointContainer#0-1] ERROR com.eleicao.core.component.CandidatoListener - Candidato ja existe: papai neymar
2025-05-17 20:41:25.305 [org.springframework.amqp.rabbit.RabbitListenerEndpointContainer#0-1] ERROR com.eleicao.core.component.CandidatoListener - Candidato ja existe: papai neymar
2025-05-17 20:41:25.308 [org.springframework.amqp.rabbit.RabbitListenerEndpointContainer#0-1] ERROR com.eleicao.core.component.CandidatoListener - Candidato ja existe: papai neymar
2025-05-17 20:41:25.311 [org.springframework.amqp.rabbit.RabbitListenerEndpointContainer#0-1] ERROR com.eleicao.core.component.CandidatoListener - Candidato ja existe: papai neymar
2025-05-17 20:41:25.314 [org.springframework.amqp.rabbit.RabbitListenerEndpointContainer#0-1] ERROR com.eleicao.core.component.CandidatoListener - Candidato ja existe: papai neymar
2025-05-17 20:41:25.316 [org.springframework.amqp.rabbit.RabbitListenerEndpointContainer#0-1] ERROR com.eleicao.core.component.CandidatoListener - Candidato ja existe: papai neymar
2025-05-17 20:41:25.318 [org.springframework.amqp.rabbit.RabbitListenerEndpointContainer#0-1] ERROR com.eleicao.core.component.CandidatoListener - Candidato ja existe: papai neymar
2025-05-17 20:41:25.320 [org.springframework.amqp.rabbit.RabbitListenerEndpointContainer#0-1] ERROR com.eleicao.core.component.CandidatoListener - Candidato ja existe: papai neymar
2025-05-17 20:41:25.323 [org.springframework.amqp.rabbit.RabbitListenerEndpointContainer#0-1] ERROR com.eleicao.core.component.CandidatoListener - Candidato ja existe: papai neymar
2025-05-17 20:41:25.326 [org.springframework.amqp.rabbit.RabbitListenerEndpointContainer#0-1] ERROR com.eleicao.core.component.CandidatoListener - Candidato ja existe: papai neymar
2025-05-17 20:41:25.329 [org.springframework.amqp.rabbit.RabbitListenerEndpointContainer#0-1] ERROR com.eleicao.core.component.CandidatoListener - Candidato ja existe: papai neymar
2025-05-17 20:41:25.332 [org.springframework.amqp.rabbit.RabbitListenerEndpointContainer#0-1] ERROR com.eleicao.core.component.CandidatoListener - Candidato ja existe: papai neymar
2025-05-17 20:41:25.334 [org.springframework.amqp.rabbit.RabbitListenerEndpointContainer#0-1] ERROR com.eleicao.core.component.CandidatoListener - Candidato ja existe: papai neymar
2025-05-17 20:41:25.336 [org.springframework.amqp.rabbit.RabbitListenerEndpointContainer#0-1] ERROR com.eleicao.core.component.CandidatoListener - Candidato ja existe: papai neymar
2025-05-17 20:41:25.339 [org.springframework.amqp.rabbit.RabbitListenerEndpointContainer#0-1] ERROR com.eleicao.core.component.CandidatoListener - Candidato ja existe: papai neymar
2025-05-17 20:41:25.342 [org.springframework.amqp.rabbit.RabbitListenerEndpointContainer#0-1] ERROR com.eleicao.core.component.CandidatoListener - Candidato ja existe: papai neymar
2025-05-17 20:41:25.345 [org.springframework.amqp.rabbit.RabbitListenerEndpointContainer#0-1] ERROR com.eleicao.core.component.CandidatoListener - Candidato ja existe: papai neymar
2025-05-17 20:41:25.349 [org.springframework.amqp.rabbit.RabbitListenerEndpointContainer#0-1] ERROR com.eleicao.core.component.CandidatoListener - Candidato ja existe: papai neymar
2025-05-17 20:41:25.352 [org.springframework.amqp.rabbit.RabbitListenerEndpointContainer#0-1] ERROR com.eleicao.core.component.CandidatoListener - Candidato ja existe: papai neymar
2025-05-17 20:41:25.355 [org.springframework.amqp.rabbit.RabbitListenerEndpointContainer#0-1] ERROR com.eleicao.core.component.CandidatoListener - Candidato ja existe: papai neymar
2025-05-17 20:41:25.359 [org.springframework.amqp.rabbit.RabbitListenerEndpointContainer#0-1] ERROR com.eleicao.core.component.CandidatoListener - Candidato ja existe: papai neymar
2025-05-17 20:41:25.363 [org.springframework.amqp.rabbit.RabbitListenerEndpointContainer#0-1] ERROR com.eleicao.core.component.CandidatoListener - Candidato ja existe: papai neymar
2025-05-17 20:41:25.365 [org.springframework.amqp.rabbit.RabbitListenerEndpointContainer#0-1] ERROR com.eleicao.core.component.CandidatoListener - Candidato ja existe: papai neymar
2025-05-17 20:41:25.368 [org.springframework.amqp.rabbit.RabbitListenerEndpointContainer#0-1] ERROR com.eleicao.core.component.CandidatoListener - Candidato ja existe: papai neymar
2025-05-17 20:41:25.371 [org.springframework.amqp.rabbit.RabbitListenerEndpointContainer#0-1] ERROR com.eleicao.core.component.CandidatoListener - Candidato ja existe: papai neymar
2025-05-17 20:41:25.376 [org.springframework.amqp.rabbit.RabbitListenerEndpointContainer#0-1] ERROR com.eleicao.core.component.CandidatoListener - Candidato ja existe: papai neymar
2025-05-17 20:41:25.381 [org.springframework.amqp.rabbit.RabbitListenerEndpointContainer#0-1] ERROR com.eleicao.core.component.CandidatoListener - Candidato ja existe: papai neymar
2025-05-17 20:41:25.386 [org.springframework.amqp.rabbit.RabbitListenerEndpointContainer#0-1] ERROR com.eleicao.core.component.CandidatoListener - Candidato ja existe: papai neymar
2025-05-17 20:41:25.390 [org.springframework.amqp.rabbit.RabbitListenerEndpointContainer#0-1] ERROR com.eleicao.core.component.CandidatoListener - Candidato ja existe: papai neymar
2025-05-17 20:41:25.396 [org.springframework.amqp.rabbit.RabbitListenerEndpointContainer#0-1] ERROR com.eleicao.core.component.CandidatoListener - Candidato ja existe: papai neymar
2025-05-17 20:41:25.400 [org.springframework.amqp.rabbit.RabbitListenerEndpointContainer#0-1] ERROR com.eleicao.core.component.CandidatoListener - Candidato ja existe: papai neymar
2025-05-17 20:41:25.404 [org.springframework.amqp.rabbit.RabbitListenerEndpointContainer#0-1] ERROR com.eleicao.core.component.CandidatoListener - Candidato ja existe: papai neymar
2025-05-17 20:41:25.409 [org.springframework.amqp.rabbit.RabbitListenerEndpointContainer#0-1] ERROR com.eleicao.core.component.CandidatoListener - Candidato ja existe: papai neymar
2025-05-17 20:41:25.413 [org.springframework.amqp.rabbit.RabbitListenerEndpointContainer#0-1] ERROR com.eleicao.core.component.CandidatoListener - Candidato ja existe: papai neymar
2025-05-17 20:41:25.418 [org.springframework.amqp.rabbit.RabbitListenerEndpointContainer#0-1] ERROR com.eleicao.core.component.CandidatoListener - Candidato ja existe: papai neymar
2025-05-17 20:41:25.422 [org.springframework.amqp.rabbit.RabbitListenerEndpointContainer#0-1] ERROR com.eleicao.core.component.CandidatoListener - Candidato ja existe: papai neymar
2025-05-17 20:41:25.426 [org.springframework.amqp.rabbit.RabbitListenerEndpointContainer#0-1] ERROR com.eleicao.core.component.CandidatoListener - Candidato ja existe: papai neymar
2025-05-17 20:41:25.430 [org.springframework.amqp.rabbit.RabbitListenerEndpointContainer#0-1] ERROR com.eleicao.core.component.CandidatoListener - Candidato ja existe: papai neymar
2025-05-17 20:41:25.432 [org.springframework.amqp.rabbit.RabbitListenerEndpointContainer#0-1] ERROR com.eleicao.core.component.CandidatoListener - Candidato ja existe: papai neymar
2025-05-17 20:41:25.436 [org.springframework.amqp.rabbit.RabbitListenerEndpointContainer#0-1] ERROR com.eleicao.core.component.CandidatoListener - Candidato ja existe: papai neymar
2025-05-17 20:41:25.439 [org.springframework.amqp.rabbit.RabbitListenerEndpointContainer#0-1] ERROR com.eleicao.core.component.CandidatoListener - Candidato ja existe: papai neymar
2025-05-17 20:41:25.443 [org.springframework.amqp.rabbit.RabbitListenerEndpointContainer#0-1] ERROR com.eleicao.core.component.CandidatoListener - Candidato ja existe: papai neymar
2025-05-17 20:41:25.447 [org.springframework.amqp.rabbit.RabbitListenerEndpointContainer#0-1] ERROR com.eleicao.core.component.CandidatoListener - Candidato ja existe: papai neymar
2025-05-17 20:41:25.452 [org.springframework.amqp.rabbit.RabbitListenerEndpointContainer#0-1] ERROR com.eleicao.core.component.CandidatoListener - Candidato ja existe: papai neymar
2025-05-17 20:41:25.456 [org.springframework.amqp.rabbit.RabbitListenerEndpointContainer#0-1] ERROR com.eleicao.core.component.CandidatoListener - Candidato ja existe: papai neymar
2025-05-17 20:41:25.461 [org.springframework.amqp.rabbit.RabbitListenerEndpointContainer#0-1] ERROR com.eleicao.core.component.CandidatoListener - Candidato ja existe: papai neymar
2025-05-17 20:41:25.465 [org.springframework.amqp.rabbit.RabbitListenerEndpointContainer#0-1] ERROR com.eleicao.core.component.CandidatoListener - Candidato ja existe: papai neymar
2025-05-17 20:41:25.470 [org.springframework.amqp.rabbit.RabbitListenerEndpointContainer#0-1] ERROR com.eleicao.core.component.CandidatoListener - Candidato ja existe: papai neymar
2025-05-17 20:41:25.474 [org.springframework.amqp.rabbit.RabbitListenerEndpointContainer#0-1] ERROR com.eleicao.core.component.CandidatoListener - Candidato ja existe: papai neymar
2025-05-17 20:41:25.478 [org.springframework.amqp.rabbit.RabbitListenerEndpointContainer#0-1] ERROR com.eleicao.core.component.CandidatoListener - Candidato ja existe: papai neymar
2025-05-17 20:41:25.481 [org.springframework.amqp.rabbit.RabbitListenerEndpointContainer#0-1] ERROR com.eleicao.core.component.CandidatoListener - Candidato ja existe: papai neymar
2025-05-17 20:41:25.485 [org.springframework.amqp.rabbit.RabbitListenerEndpointContainer#0-1] ERROR com.eleicao.core.component.CandidatoListener - Candidato ja existe: papai neymar
2025-05-17 20:41:25.488 [org.springframework.amqp.rabbit.RabbitListenerEndpointContainer#0-1] ERROR com.eleicao.core.component.CandidatoListener - Candidato ja existe: papai neymar
2025-05-17 20:41:25.492 [org.springframework.amqp.rabbit.RabbitListenerEndpointContainer#0-1] ERROR com.eleicao.core.component.CandidatoListener - Candidato ja existe: papai neymar
2025-05-17 20:41:25.496 [org.springframework.amqp.rabbit.RabbitListenerEndpointContainer#0-1] ERROR com.eleicao.core.component.CandidatoListener - Candidato ja existe: papai neymar
2025-05-17 20:41:25.499 [org.springframework.amqp.rabbit.RabbitListenerEndpointContainer#0-1] ERROR com.eleicao.core.component.CandidatoListener - Candidato ja existe: papai neymar
2025-05-17 20:41:25.501 [org.springframework.amqp.rabbit.RabbitListenerEndpointContainer#0-1] ERROR com.eleicao.core.component.CandidatoListener - Candidato ja existe: papai neymar
2025-05-17 20:41:25.505 [org.springframework.amqp.rabbit.RabbitListenerEndpointContainer#0-1] ERROR com.eleicao.core.component.CandidatoListener - Candidato ja existe: papai neymar
2025-05-17 20:41:25.507 [org.springframework.amqp.rabbit.RabbitListenerEndpointContainer#0-1] ERROR com.eleicao.core.component.CandidatoListener - Candidato ja existe: papai neymar
2025-05-17 20:41:25.511 [org.springframework.amqp.rabbit.RabbitListenerEndpointContainer#0-1] ERROR com.eleicao.core.component.CandidatoListener - Candidato ja existe: papai neymar
2025-05-17 20:41:25.514 [org.springframework.amqp.rabbit.RabbitListenerEndpointContainer#0-1] ERROR com.eleicao.core.component.CandidatoListener - Candidato ja existe: papai neymar
2025-05-17 20:41:25.517 [org.springframework.amqp.rabbit.RabbitListenerEndpointContainer#0-1] ERROR com.eleicao.core.component.CandidatoListener - Candidato ja existe: papai neymar
2025-05-17 20:41:25.519 [org.springframework.amqp.rabbit.RabbitListenerEndpointContainer#0-1] ERROR com.eleicao.core.component.CandidatoListener - Candidato ja existe: papai neymar
2025-05-17 20:41:25.522 [org.springframework.amqp.rabbit.RabbitListenerEndpointContainer#0-1] ERROR com.eleicao.core.component.CandidatoListener - Candidato ja existe: papai neymar
2025-05-17 20:41:25.525 [org.springframework.amqp.rabbit.RabbitListenerEndpointContainer#0-1] ERROR com.eleicao.core.component.CandidatoListener - Candidato ja existe: papai neymar
2025-05-17 20:41:25.529 [org.springframework.amqp.rabbit.RabbitListenerEndpointContainer#0-1] ERROR com.eleicao.core.component.CandidatoListener - Candidato ja existe: papai neymar
2025-05-17 20:41:25.532 [org.springframework.amqp.rabbit.RabbitListenerEndpointContainer#0-1] ERROR com.eleicao.core.component.CandidatoListener - Candidato ja existe: papai neymar
2025-05-17 20:41:25.534 [org.springframework.amqp.rabbit.RabbitListenerEndpointContainer#0-1] ERROR com.eleicao.core.component.CandidatoListener - Candidato ja existe: papai neymar
2025-05-17 20:41:25.537 [org.springframework.amqp.rabbit.RabbitListenerEndpointContainer#0-1] ERROR com.eleicao.core.component.CandidatoListener - Candidato ja existe: papai neymar
2025-05-17 20:41:25.539 [org.springframework.amqp.rabbit.RabbitListenerEndpointContainer#0-1] ERROR com.eleicao.core.component.CandidatoListener - Candidato ja existe: papai neymar
2025-05-17 20:41:25.542 [org.springframework.amqp.rabbit.RabbitListenerEndpointContainer#0-1] ERROR com.eleicao.core.component.CandidatoListener - Candidato ja existe: papai neymar
2025-05-17 20:41:25.546 [org.springframework.amqp.rabbit.RabbitListenerEndpointContainer#0-1] ERROR com.eleicao.core.component.CandidatoListener - Candidato ja existe: papai neymar
2025-05-17 20:41:25.549 [org.springframework.amqp.rabbit.RabbitListenerEndpointContainer#0-1] ERROR com.eleicao.core.component.CandidatoListener - Candidato ja existe: papai neymar
2025-05-17 20:41:25.551 [org.springframework.amqp.rabbit.RabbitListenerEndpointContainer#0-1] ERROR com.eleicao.core.component.CandidatoListener - Candidato ja existe: papai neymar
2025-05-17 20:41:25.554 [org.springframework.amqp.rabbit.RabbitListenerEndpointContainer#0-1] ERROR com.eleicao.core.component.CandidatoListener - Candidato ja existe: papai neymar
2025-05-17 20:41:25.557 [org.springframework.amqp.rabbit.RabbitListenerEndpointContainer#0-1] ERROR com.eleicao.core.component.CandidatoListener - Candidato ja existe: papai neymar
2025-05-17 20:41:25.560 [org.springframework.amqp.rabbit.RabbitListenerEndpointContainer#0-1] ERROR com.eleicao.core.component.CandidatoListener - Candidato ja existe: papai neymar
2025-05-17 20:41:25.562 [org.springframework.amqp.rabbit.RabbitListenerEndpointContainer#0-1] ERROR com.eleicao.core.component.CandidatoListener - Candidato ja existe: papai neymar
2025-05-17 20:41:25.565 [org.springframework.amqp.rabbit.RabbitListenerEndpointContainer#0-1] ERROR com.eleicao.core.component.CandidatoListener - Candidato ja existe: papai neymar
2025-05-17 20:41:25.567 [org.springframework.amqp.rabbit.RabbitListenerEndpointContainer#0-1] ERROR com.eleicao.core.component.CandidatoListener - Candidato ja existe: papai neymar
2025-05-17 20:41:25.570 [org.springframework.amqp.rabbit.RabbitListenerEndpointContainer#0-1] ERROR com.eleicao.core.component.CandidatoListener - Candidato ja existe: papai neymar
2025-05-17 20:41:25.572 [org.springframework.amqp.rabbit.RabbitListenerEndpointContainer#0-1] ERROR com.eleicao.core.component.CandidatoListener - Candidato ja existe: papai neymar
2025-05-17 20:41:25.575 [org.springframework.amqp.rabbit.RabbitListenerEndpointContainer#0-1] ERROR com.eleicao.core.component.CandidatoListener - Candidato ja existe: papai neymar
2025-05-17 20:41:25.578 [org.springframework.amqp.rabbit.RabbitListenerEndpointContainer#0-1] ERROR com.eleicao.core.component.CandidatoListener - Candidato ja existe: papai neymar
2025-05-17 20:41:25.581 [org.springframework.amqp.rabbit.RabbitListenerEndpointContainer#0-1] ERROR com.eleicao.core.component.CandidatoListener - Candidato ja existe: papai neymar
2025-05-17 20:41:25.586 [org.springframework.amqp.rabbit.RabbitListenerEndpointContainer#0-1] ERROR com.eleicao.core.component.CandidatoListener - Candidato ja existe: papai neymar
2025-05-17 20:41:25.590 [org.springframework.amqp.rabbit.RabbitListenerEndpointContainer#0-1] ERROR com.eleicao.core.component.CandidatoListener - Candidato ja existe: papai neymar
2025-05-17 20:41:25.595 [org.springframework.amqp.rabbit.RabbitListenerEndpointContainer#0-1] ERROR com.eleicao.core.component.CandidatoListener - Candidato ja existe: papai neymar
2025-05-17 20:41:25.599 [org.springframework.amqp.rabbit.RabbitListenerEndpointContainer#0-1] ERROR com.eleicao.core.component.CandidatoListener - Candidato ja existe: papai neymar
2025-05-17 20:41:25.602 [org.springframework.amqp.rabbit.RabbitListenerEndpointContainer#0-1] ERROR com.eleicao.core.component.CandidatoListener - Candidato ja existe: papai neymar
2025-05-17 20:41:25.606 [org.springframework.amqp.rabbit.RabbitListenerEndpointContainer#0-1] ERROR com.eleicao.core.component.CandidatoListener - Candidato ja existe: papai neymar
2025-05-17 20:41:25.610 [org.springframework.amqp.rabbit.RabbitListenerEndpointContainer#0-1] ERROR com.eleicao.core.component.CandidatoListener - Candidato ja existe: papai neymar
2025-05-17 20:41:25.614 [org.springframework.amqp.rabbit.RabbitListenerEndpointContainer#0-1] ERROR com.eleicao.core.component.CandidatoListener - Candidato ja existe: papai neymar
2025-05-17 20:41:25.618 [org.springframework.amqp.rabbit.RabbitListenerEndpointContainer#0-1] ERROR com.eleicao.core.component.CandidatoListener - Candidato ja existe: papai neymar
2025-05-17 20:41:25.622 [org.springframework.amqp.rabbit.RabbitListenerEndpointContainer#0-1] ERROR com.eleicao.core.component.CandidatoListener - Candidato ja existe: papai neymar
2025-05-17 20:41:25.637 [org.springframework.amqp.rabbit.RabbitListenerEndpointContainer#0-1] ERROR com.eleicao.core.component.CandidatoListener - Candidato ja existe: papai neymar
2025-05-17 20:41:25.643 [org.springframework.amqp.rabbit.RabbitListenerEndpointContainer#0-1] ERROR com.eleicao.core.component.CandidatoListener - Candidato ja existe: papai neymar
2025-05-17 20:41:25.647 [org.springframework.amqp.rabbit.RabbitListenerEndpointContainer#0-1] ERROR com.eleicao.core.component.CandidatoListener - Candidato ja existe: papai neymar
2025-05-17 20:41:25.652 [org.springframework.amqp.rabbit.RabbitListenerEndpointContainer#0-1] ERROR com.eleicao.core.component.CandidatoListener - Candidato ja existe: papai neymar
2025-05-17 20:41:25.657 [org.springframework.amqp.rabbit.RabbitListenerEndpointContainer#0-1] ERROR com.eleicao.core.component.CandidatoListener - Candidato ja existe: papai neymar
2025-05-17 20:41:25.661 [org.springframework.amqp.rabbit.RabbitListenerEndpointContainer#0-1] ERROR com.eleicao.core.component.CandidatoListener - Candidato ja existe: papai neymar
2025-05-17 20:41:25.670 [org.springframework.amqp.rabbit.RabbitListenerEndpointContainer#0-1] ERROR com.eleicao.core.component.CandidatoListener - Candidato ja existe: papai neymar
2025-05-17 20:41:25.675 [org.springframework.amqp.rabbit.RabbitListenerEndpointContainer#0-1] ERROR com.eleicao.core.component.CandidatoListener - Candidato ja existe: papai neymar
2025-05-17 20:41:25.680 [org.springframework.amqp.rabbit.RabbitListenerEndpointContainer#0-1] ERROR com.eleicao.core.component.CandidatoListener - Candidato ja existe: papai neymar
2025-05-17 20:41:25.685 [org.springframework.amqp.rabbit.RabbitListenerEndpointContainer#0-1] ERROR com.eleicao.core.component.CandidatoListener - Candidato ja existe: papai neymar
2025-05-17 20:41:25.690 [org.springframework.amqp.rabbit.RabbitListenerEndpointContainer#0-1] ERROR com.eleicao.core.component.CandidatoListener - Candidato ja existe: papai neymar
2025-05-17 20:41:25.695 [org.springframework.amqp.rabbit.RabbitListenerEndpointContainer#0-1] ERROR com.eleicao.core.component.CandidatoListener - Candidato ja existe: papai neymar
2025-05-17 20:41:25.699 [org.springframework.amqp.rabbit.RabbitListenerEndpointContainer#0-1] ERROR com.eleicao.core.component.CandidatoListener - Candidato ja existe: papai neymar
2025-05-17 20:41:25.704 [org.springframework.amqp.rabbit.RabbitListenerEndpointContainer#0-1] ERROR com.eleicao.core.component.CandidatoListener - Candidato ja existe: papai neymar
2025-05-17 20:41:25.708 [org.springframework.amqp.rabbit.RabbitListenerEndpointContainer#0-1] ERROR com.eleicao.core.component.CandidatoListener - Candidato ja existe: papai neymar
2025-05-17 20:41:25.713 [org.springframework.amqp.rabbit.RabbitListenerEndpointContainer#0-1] ERROR com.eleicao.core.component.CandidatoListener - Candidato ja existe: papai neymar
2025-05-17 20:41:25.718 [org.springframework.amqp.rabbit.RabbitListenerEndpointContainer#0-1] ERROR com.eleicao.core.component.CandidatoListener - Candidato ja existe: papai neymar
2025-05-17 20:41:25.723 [org.springframework.amqp.rabbit.RabbitListenerEndpointContainer#0-1] ERROR com.eleicao.core.component.CandidatoListener - Candidato ja existe: papai neymar
2025-05-17 20:41:25.728 [org.springframework.amqp.rabbit.RabbitListenerEndpointContainer#0-1] ERROR com.eleicao.core.component.CandidatoListener - Candidato ja existe: papai neymar
2025-05-17 20:41:25.733 [org.springframework.amqp.rabbit.RabbitListenerEndpointContainer#0-1] ERROR com.eleicao.core.component.CandidatoListener - Candidato ja existe: papai neymar
2025-05-17 20:41:25.737 [org.springframework.amqp.rabbit.RabbitListenerEndpointContainer#0-1] ERROR com.eleicao.core.component.CandidatoListener - Candidato ja existe: papai neymar
2025-05-17 20:41:25.742 [org.springframework.amqp.rabbit.RabbitListenerEndpointContainer#0-1] ERROR com.eleicao.core.component.CandidatoListener - Candidato ja existe: papai neymar
2025-05-17 20:41:25.746 [org.springframework.amqp.rabbit.RabbitListenerEndpointContainer#0-1] ERROR com.eleicao.core.component.CandidatoListener - Candidato ja existe: papai neymar
2025-05-17 20:41:25.751 [org.springframework.amqp.rabbit.RabbitListenerEndpointContainer#0-1] ERROR com.eleicao.core.component.CandidatoListener - Candidato ja existe: papai neymar
2025-05-17 20:41:25.756 [org.springframework.amqp.rabbit.RabbitListenerEndpointContainer#0-1] ERROR com.eleicao.core.component.CandidatoListener - Candidato ja existe: papai neymar
2025-05-17 20:41:25.760 [org.springframework.amqp.rabbit.RabbitListenerEndpointContainer#0-1] ERROR com.eleicao.core.component.CandidatoListener - Candidato ja existe: papai neymar
2025-05-17 20:41:25.766 [org.springframework.amqp.rabbit.RabbitListenerEndpointContainer#0-1] ERROR com.eleicao.core.component.CandidatoListener - Candidato ja existe: papai neymar
2025-05-17 20:41:25.770 [org.springframework.amqp.rabbit.RabbitListenerEndpointContainer#0-1] ERROR com.eleicao.core.component.CandidatoListener - Candidato ja existe: papai neymar
2025-05-17 20:41:25.775 [org.springframework.amqp.rabbit.RabbitListenerEndpointContainer#0-1] ERROR com.eleicao.core.component.CandidatoListener - Candidato ja existe: papai neymar
2025-05-17 20:41:25.779 [org.springframework.amqp.rabbit.RabbitListenerEndpointContainer#0-1] ERROR com.eleicao.core.component.CandidatoListener - Candidato ja existe: papai neymar
2025-05-17 20:41:25.784 [org.springframework.amqp.rabbit.RabbitListenerEndpointContainer#0-1] ERROR com.eleicao.core.component.CandidatoListener - Candidato ja existe: papai neymar
2025-05-17 20:41:25.808 [org.springframework.amqp.rabbit.RabbitListenerEndpointContainer#0-1] ERROR com.eleicao.core.component.CandidatoListener - Candidato ja existe: papai neymar
2025-05-17 20:41:25.812 [org.springframework.amqp.rabbit.RabbitListenerEndpointContainer#0-1] ERROR com.eleicao.core.component.CandidatoListener - Candidato ja existe: papai neymar
2025-05-17 20:41:25.816 [org.springframework.amqp.rabbit.RabbitListenerEndpointContainer#0-1] ERROR com.eleicao.core.component.CandidatoListener - Candidato ja existe: papai neymar
2025-05-17 20:41:25.819 [org.springframework.amqp.rabbit.RabbitListenerEndpointContainer#0-1] ERROR com.eleicao.core.component.CandidatoListener - Candidato ja existe: papai neymar
2025-05-17 20:41:25.824 [org.springframework.amqp.rabbit.RabbitListenerEndpointContainer#0-1] ERROR com.eleicao.core.component.CandidatoListener - Candidato ja existe: papai neymar
2025-05-17 20:41:25.828 [org.springframework.amqp.rabbit.RabbitListenerEndpointContainer#0-1] ERROR com.eleicao.core.component.CandidatoListener - Candidato ja existe: papai neymar
2025-05-17 20:41:25.833 [org.springframework.amqp.rabbit.RabbitListenerEndpointContainer#0-1] ERROR com.eleicao.core.component.CandidatoListener - Candidato ja existe: papai neymar
2025-05-17 20:41:25.838 [org.springframework.amqp.rabbit.RabbitListenerEndpointContainer#0-1] ERROR com.eleicao.core.component.CandidatoListener - Candidato ja existe: papai neymar
2025-05-17 20:41:25.843 [org.springframework.amqp.rabbit.RabbitListenerEndpointContainer#0-1] ERROR com.eleicao.core.component.CandidatoListener - Candidato ja existe: papai neymar
2025-05-17 20:41:25.848 [org.springframework.amqp.rabbit.RabbitListenerEndpointContainer#0-1] ERROR com.eleicao.core.component.CandidatoListener - Candidato ja existe: papai neymar
2025-05-17 20:41:25.853 [org.springframework.amqp.rabbit.RabbitListenerEndpointContainer#0-1] ERROR com.eleicao.core.component.CandidatoListener - Candidato ja existe: papai neymar
2025-05-17 20:41:25.858 [org.springframework.amqp.rabbit.RabbitListenerEndpointContainer#0-1] ERROR com.eleicao.core.component.CandidatoListener - Candidato ja existe: papai neymar
2025-05-17 20:41:25.863 [org.springframework.amqp.rabbit.RabbitListenerEndpointContainer#0-1] ERROR com.eleicao.core.component.CandidatoListener - Candidato ja existe: papai neymar
2025-05-17 20:41:25.867 [org.springframework.amqp.rabbit.RabbitListenerEndpointContainer#0-1] ERROR com.eleicao.core.component.CandidatoListener - Candidato ja existe: papai neymar
2025-05-17 20:41:25.871 [org.springframework.amqp.rabbit.RabbitListenerEndpointContainer#0-1] ERROR com.eleicao.core.component.CandidatoListener - Candidato ja existe: papai neymar
2025-05-17 20:41:25.876 [org.springframework.amqp.rabbit.RabbitListenerEndpointContainer#0-1] ERROR com.eleicao.core.component.CandidatoListener - Candidato ja existe: papai neymar
2025-05-17 20:41:25.880 [org.springframework.amqp.rabbit.RabbitListenerEndpointContainer#0-1] ERROR com.eleicao.core.component.CandidatoListener - Candidato ja existe: papai neymar
2025-05-17 20:41:25.884 [org.springframework.amqp.rabbit.RabbitListenerEndpointContainer#0-1] ERROR com.eleicao.core.component.CandidatoListener - Candidato ja existe: papai neymar
2025-05-17 20:41:25.888 [org.springframework.amqp.rabbit.RabbitListenerEndpointContainer#0-1] ERROR com.eleicao.core.component.CandidatoListener - Candidato ja existe: papai neymar
2025-05-17 20:41:25.893 [org.springframework.amqp.rabbit.RabbitListenerEndpointContainer#0-1] ERROR com.eleicao.core.component.CandidatoListener - Candidato ja existe: papai neymar
2025-05-17 20:41:25.897 [org.springframework.amqp.rabbit.RabbitListenerEndpointContainer#0-1] ERROR com.eleicao.core.component.CandidatoListener - Candidato ja existe: papai neymar
2025-05-17 20:41:25.900 [org.springframework.amqp.rabbit.RabbitListenerEndpointContainer#0-1] ERROR com.eleicao.core.component.CandidatoListener - Candidato ja existe: papai neymar
2025-05-17 20:41:25.905 [org.springframework.amqp.rabbit.RabbitListenerEndpointContainer#0-1] ERROR com.eleicao.core.component.CandidatoListener - Candidato ja existe: papai neymar
2025-05-17 20:41:25.911 [org.springframework.amqp.rabbit.RabbitListenerEndpointContainer#0-1] ERROR com.eleicao.core.component.CandidatoListener - Candidato ja existe: papai neymar
2025-05-17 20:41:25.915 [org.springframework.amqp.rabbit.RabbitListenerEndpointContainer#0-1] ERROR com.eleicao.core.component.CandidatoListener - Candidato ja existe: papai neymar
2025-05-17 20:41:25.921 [org.springframework.amqp.rabbit.RabbitListenerEndpointContainer#0-1] ERROR com.eleicao.core.component.CandidatoListener - Candidato ja existe: papai neymar
2025-05-17 20:41:25.927 [org.springframework.amqp.rabbit.RabbitListenerEndpointContainer#0-1] ERROR com.eleicao.core.component.CandidatoListener - Candidato ja existe: papai neymar
2025-05-17 20:41:25.931 [org.springframework.amqp.rabbit.RabbitListenerEndpointContainer#0-1] ERROR com.eleicao.core.component.CandidatoListener - Candidato ja existe: papai neymar
2025-05-17 20:41:25.935 [org.springframework.amqp.rabbit.RabbitListenerEndpointContainer#0-1] ERROR com.eleicao.core.component.CandidatoListener - Candidato ja existe: papai neymar
2025-05-17 20:41:25.938 [org.springframework.amqp.rabbit.RabbitListenerEndpointContainer#0-1] ERROR com.eleicao.core.component.CandidatoListener - Candidato ja existe: papai neymar
2025-05-17 20:41:25.941 [org.springframework.amqp.rabbit.RabbitListenerEndpointContainer#0-1] ERROR com.eleicao.core.component.CandidatoListener - Candidato ja existe: papai neymar
2025-05-17 20:41:25.945 [org.springframework.amqp.rabbit.RabbitListenerEndpointContainer#0-1] ERROR com.eleicao.core.component.CandidatoListener - Candidato ja existe: papai neymar
2025-05-17 20:41:25.948 [org.springframework.amqp.rabbit.RabbitListenerEndpointContainer#0-1] ERROR com.eleicao.core.component.CandidatoListener - Candidato ja existe: papai neymar
2025-05-17 20:41:25.951 [org.springframework.amqp.rabbit.RabbitListenerEndpointContainer#0-1] ERROR com.eleicao.core.component.CandidatoListener - Candidato ja existe: papai neymar
2025-05-17 20:41:25.953 [org.springframework.amqp.rabbit.RabbitListenerEndpointContainer#0-1] ERROR com.eleicao.core.component.CandidatoListener - Candidato ja existe: papai neymar
2025-05-17 20:41:25.957 [org.springframework.amqp.rabbit.RabbitListenerEndpointContainer#0-1] ERROR com.eleicao.core.component.CandidatoListener - Candidato ja existe: papai neymar
2025-05-17 20:41:25.960 [org.springframework.amqp.rabbit.RabbitListenerEndpointContainer#0-1] ERROR com.eleicao.core.component.CandidatoListener - Candidato ja existe: papai neymar
2025-05-17 20:41:25.963 [org.springframework.amqp.rabbit.RabbitListenerEndpointContainer#0-1] ERROR com.eleicao.core.component.CandidatoListener - Candidato ja existe: papai neymar
2025-05-17 20:41:25.965 [org.springframework.amqp.rabbit.RabbitListenerEndpointContainer#0-1] ERROR com.eleicao.core.component.CandidatoListener - Candidato ja existe: papai neymar
2025-05-17 20:41:25.968 [org.springframework.amqp.rabbit.RabbitListenerEndpointContainer#0-1] ERROR com.eleicao.core.component.CandidatoListener - Candidato ja existe: papai neymar
2025-05-17 20:41:25.971 [org.springframework.amqp.rabbit.RabbitListenerEndpointContainer#0-1] ERROR com.eleicao.core.component.CandidatoListener - Candidato ja existe: papai neymar
2025-05-17 20:41:25.974 [org.springframework.amqp.rabbit.RabbitListenerEndpointContainer#0-1] ERROR com.eleicao.core.component.CandidatoListener - Candidato ja existe: papai neymar
2025-05-17 20:41:25.978 [org.springframework.amqp.rabbit.RabbitListenerEndpointContainer#0-1] ERROR com.eleicao.core.component.CandidatoListener - Candidato ja existe: papai neymar
2025-05-17 20:41:25.982 [org.springframework.amqp.rabbit.RabbitListenerEndpointContainer#0-1] ERROR com.eleicao.core.component.CandidatoListener - Candidato ja existe: papai neymar
2025-05-17 20:41:25.986 [org.springframework.amqp.rabbit.RabbitListenerEndpointContainer#0-1] ERROR com.eleicao.core.component.CandidatoListener - Candidato ja existe: papai neymar
2025-05-17 20:41:25.991 [org.springframework.amqp.rabbit.RabbitListenerEndpointContainer#0-1] ERROR com.eleicao.core.component.CandidatoListener - Candidato ja existe: papai neymar
2025-05-17 20:41:25.996 [org.springframework.amqp.rabbit.RabbitListenerEndpointContainer#0-1] ERROR com.eleicao.core.component.CandidatoListener - Candidato ja existe: papai neymar
2025-05-17 20:41:26.000 [org.springframework.amqp.rabbit.RabbitListenerEndpointContainer#0-1] ERROR com.eleicao.core.component.CandidatoListener - Candidato ja existe: papai neymar
2025-05-17 20:41:26.004 [org.springframework.amqp.rabbit.RabbitListenerEndpointContainer#0-1] ERROR com.eleicao.core.component.CandidatoListener - Candidato ja existe: papai neymar
2025-05-17 20:41:26.008 [org.springframework.amqp.rabbit.RabbitListenerEndpointContainer#0-1] ERROR com.eleicao.core.component.CandidatoListener - Candidato ja existe: papai neymar
2025-05-17 20:41:26.012 [org.springframework.amqp.rabbit.RabbitListenerEndpointContainer#0-1] ERROR com.eleicao.core.component.CandidatoListener - Candidato ja existe: papai neymar
2025-05-17 20:41:26.016 [org.springframework.amqp.rabbit.RabbitListenerEndpointContainer#0-1] ERROR com.eleicao.core.component.CandidatoListener - Candidato ja existe: papai neymar
2025-05-17 20:41:26.019 [org.springframework.amqp.rabbit.RabbitListenerEndpointContainer#0-1] ERROR com.eleicao.core.component.CandidatoListener - Candidato ja existe: papai neymar
2025-05-17 20:41:26.022 [org.springframework.amqp.rabbit.RabbitListenerEndpointContainer#0-1] ERROR com.eleicao.core.component.CandidatoListener - Candidato ja existe: papai neymar
2025-05-17 20:41:26.026 [org.springframework.amqp.rabbit.RabbitListenerEndpointContainer#0-1] ERROR com.eleicao.core.component.CandidatoListener - Candidato ja existe: papai neymar
2025-05-17 20:41:26.029 [org.springframework.amqp.rabbit.RabbitListenerEndpointContainer#0-1] ERROR com.eleicao.core.component.CandidatoListener - Candidato ja existe: papai neymar
2025-05-17 20:41:26.033 [org.springframework.amqp.rabbit.RabbitListenerEndpointContainer#0-1] ERROR com.eleicao.core.component.CandidatoListener - Candidato ja existe: papai neymar
2025-05-17 20:41:26.036 [org.springframework.amqp.rabbit.RabbitListenerEndpointContainer#0-1] ERROR com.eleicao.core.component.CandidatoListener - Candidato ja existe: papai neymar
2025-05-17 20:41:26.039 [org.springframework.amqp.rabbit.RabbitListenerEndpointContainer#0-1] ERROR com.eleicao.core.component.CandidatoListener - Candidato ja existe: papai neymar
2025-05-17 20:41:26.043 [org.springframework.amqp.rabbit.RabbitListenerEndpointContainer#0-1] ERROR com.eleicao.core.component.CandidatoListener - Candidato ja existe: papai neymar
2025-05-17 20:41:26.047 [org.springframework.amqp.rabbit.RabbitListenerEndpointContainer#0-1] ERROR com.eleicao.core.component.CandidatoListener - Candidato ja existe: papai neymar
2025-05-17 20:41:26.050 [org.springframework.amqp.rabbit.RabbitListenerEndpointContainer#0-1] ERROR com.eleicao.core.component.CandidatoListener - Candidato ja existe: papai neymar
2025-05-17 20:41:26.053 [org.springframework.amqp.rabbit.RabbitListenerEndpointContainer#0-1] ERROR com.eleicao.core.component.CandidatoListener - Candidato ja existe: papai neymar
2025-05-17 20:41:26.056 [org.springframework.amqp.rabbit.RabbitListenerEndpointContainer#0-1] ERROR com.eleicao.core.component.CandidatoListener - Candidato ja existe: papai neymar
2025-05-17 20:41:26.060 [org.springframework.amqp.rabbit.RabbitListenerEndpointContainer#0-1] ERROR com.eleicao.core.component.CandidatoListener - Candidato ja existe: papai neymar
2025-05-17 20:41:26.063 [org.springframework.amqp.rabbit.RabbitListenerEndpointContainer#0-1] ERROR com.eleicao.core.component.CandidatoListener - Candidato ja existe: papai neymar
2025-05-17 20:41:26.067 [org.springframework.amqp.rabbit.RabbitListenerEndpointContainer#0-1] ERROR com.eleicao.core.component.CandidatoListener - Candidato ja existe: papai neymar
2025-05-17 20:41:26.070 [org.springframework.amqp.rabbit.RabbitListenerEndpointContainer#0-1] ERROR com.eleicao.core.component.CandidatoListener - Candidato ja existe: papai neymar
2025-05-17 20:41:26.073 [org.springframework.amqp.rabbit.RabbitListenerEndpointContainer#0-1] ERROR com.eleicao.core.component.CandidatoListener - Candidato ja existe: papai neymar
2025-05-17 20:41:26.077 [org.springframework.amqp.rabbit.RabbitListenerEndpointContainer#0-1] ERROR com.eleicao.core.component.CandidatoListener - Candidato ja existe: papai neymar
2025-05-17 20:41:26.080 [org.springframework.amqp.rabbit.RabbitListenerEndpointContainer#0-1] ERROR com.eleicao.core.component.CandidatoListener - Candidato ja existe: papai neymar
2025-05-17 20:41:26.084 [org.springframework.amqp.rabbit.RabbitListenerEndpointContainer#0-1] ERROR com.eleicao.core.component.CandidatoListener - Candidato ja existe: papai neymar
2025-05-17 20:41:26.087 [org.springframework.amqp.rabbit.RabbitListenerEndpointContainer#0-1] ERROR com.eleicao.core.component.CandidatoListener - Candidato ja existe: papai neymar
2025-05-17 20:41:26.090 [org.springframework.amqp.rabbit.RabbitListenerEndpointContainer#0-1] ERROR com.eleicao.core.component.CandidatoListener - Candidato ja existe: papai neymar
2025-05-17 20:41:26.093 [org.springframework.amqp.rabbit.RabbitListenerEndpointContainer#0-1] ERROR com.eleicao.core.component.CandidatoListener - Candidato ja existe: papai neymar
2025-05-17 20:41:26.096 [org.springframework.amqp.rabbit.RabbitListenerEndpointContainer#0-1] ERROR com.eleicao.core.component.CandidatoListener - Candidato ja existe: papai neymar
2025-05-17 20:41:26.098 [org.springframework.amqp.rabbit.RabbitListenerEndpointContainer#0-1] ERROR com.eleicao.core.component.CandidatoListener - Candidato ja existe: papai neymar
2025-05-17 20:41:26.100 [org.springframework.amqp.rabbit.RabbitListenerEndpointContainer#0-1] ERROR com.eleicao.core.component.CandidatoListener - Candidato ja existe: papai neymar
2025-05-17 20:41:26.102 [org.springframework.amqp.rabbit.RabbitListenerEndpointContainer#0-1] ERROR com.eleicao.core.component.CandidatoListener - Candidato ja existe: papai neymar
2025-05-17 20:41:26.105 [org.springframework.amqp.rabbit.RabbitListenerEndpointContainer#0-1] ERROR com.eleicao.core.component.CandidatoListener - Candidato ja existe: papai neymar
2025-05-17 20:41:26.107 [org.springframework.amqp.rabbit.RabbitListenerEndpointContainer#0-1] ERROR com.eleicao.core.component.CandidatoListener - Candidato ja existe: papai neymar
2025-05-17 20:41:26.110 [org.springframework.amqp.rabbit.RabbitListenerEndpointContainer#0-1] ERROR com.eleicao.core.component.CandidatoListener - Candidato ja existe: papai neymar
2025-05-17 20:41:26.113 [org.springframework.amqp.rabbit.RabbitListenerEndpointContainer#0-1] ERROR com.eleicao.core.component.CandidatoListener - Candidato ja existe: papai neymar
2025-05-17 20:41:26.115 [org.springframework.amqp.rabbit.RabbitListenerEndpointContainer#0-1] ERROR com.eleicao.core.component.CandidatoListener - Candidato ja existe: papai neymar
2025-05-17 20:41:26.118 [org.springframework.amqp.rabbit.RabbitListenerEndpointContainer#0-1] ERROR com.eleicao.core.component.CandidatoListener - Candidato ja existe: papai neymar
2025-05-17 20:41:26.121 [org.springframework.amqp.rabbit.RabbitListenerEndpointContainer#0-1] ERROR com.eleicao.core.component.CandidatoListener - Candidato ja existe: papai neymar
2025-05-17 20:41:26.123 [org.springframework.amqp.rabbit.RabbitListenerEndpointContainer#0-1] ERROR com.eleicao.core.component.CandidatoListener - Candidato ja existe: papai neymar
2025-05-17 20:41:26.126 [org.springframework.amqp.rabbit.RabbitListenerEndpointContainer#0-1] ERROR com.eleicao.core.component.CandidatoListener - Candidato ja existe: papai neymar
2025-05-17 20:41:26.129 [org.springframework.amqp.rabbit.RabbitListenerEndpointContainer#0-1] ERROR com.eleicao.core.component.CandidatoListener - Candidato ja existe: papai neymar
2025-05-17 20:41:26.131 [org.springframework.amqp.rabbit.RabbitListenerEndpointContainer#0-1] ERROR com.eleicao.core.component.CandidatoListener - Candidato ja existe: papai neymar
2025-05-17 20:41:26.134 [org.springframework.amqp.rabbit.RabbitListenerEndpointContainer#0-1] ERROR com.eleicao.core.component.CandidatoListener - Candidato ja existe: papai neymar
2025-05-17 20:41:26.136 [org.springframework.amqp.rabbit.RabbitListenerEndpointContainer#0-1] ERROR com.eleicao.core.component.CandidatoListener - Candidato ja existe: papai neymar
2025-05-17 20:41:26.138 [org.springframework.amqp.rabbit.RabbitListenerEndpointContainer#0-1] ERROR com.eleicao.core.component.CandidatoListener - Candidato ja existe: papai neymar
2025-05-17 20:41:26.140 [org.springframework.amqp.rabbit.RabbitListenerEndpointContainer#0-1] ERROR com.eleicao.core.component.CandidatoListener - Candidato ja existe: papai neymar
2025-05-17 20:41:26.144 [org.springframework.amqp.rabbit.RabbitListenerEndpointContainer#0-1] ERROR com.eleicao.core.component.CandidatoListener - Candidato ja existe: papai neymar
2025-05-17 20:41:26.147 [org.springframework.amqp.rabbit.RabbitListenerEndpointContainer#0-1] ERROR com.eleicao.core.component.CandidatoListener - Candidato ja existe: papai neymar
2025-05-17 20:41:26.149 [org.springframework.amqp.rabbit.RabbitListenerEndpointContainer#0-1] ERROR com.eleicao.core.component.CandidatoListener - Candidato ja existe: papai neymar
2025-05-17 20:41:26.151 [org.springframework.amqp.rabbit.RabbitListenerEndpointContainer#0-1] ERROR com.eleicao.core.component.CandidatoListener - Candidato ja existe: papai neymar
2025-05-17 20:41:26.154 [org.springframework.amqp.rabbit.RabbitListenerEndpointContainer#0-1] ERROR com.eleicao.core.component.CandidatoListener - Candidato ja existe: papai neymar
2025-05-17 20:41:26.158 [org.springframework.amqp.rabbit.RabbitListenerEndpointContainer#0-1] ERROR com.eleicao.core.component.CandidatoListener - Candidato ja existe: papai neymar
2025-05-17 20:41:26.161 [org.springframework.amqp.rabbit.RabbitListenerEndpointContainer#0-1] ERROR com.eleicao.core.component.CandidatoListener - Candidato ja existe: papai neymar
2025-05-17 20:41:26.163 [org.springframework.amqp.rabbit.RabbitListenerEndpointContainer#0-1] ERROR com.eleicao.core.component.CandidatoListener - Candidato ja existe: papai neymar
2025-05-17 20:41:26.166 [org.springframework.amqp.rabbit.RabbitListenerEndpointContainer#0-1] ERROR com.eleicao.core.component.CandidatoListener - Candidato ja existe: papai neymar
2025-05-17 20:41:26.169 [org.springframework.amqp.rabbit.RabbitListenerEndpointContainer#0-1] ERROR com.eleicao.core.component.CandidatoListener - Candidato ja existe: papai neymar
2025-05-17 20:41:26.173 [org.springframework.amqp.rabbit.RabbitListenerEndpointContainer#0-1] ERROR com.eleicao.core.component.CandidatoListener - Candidato ja existe: papai neymar
2025-05-17 20:41:26.177 [org.springframework.amqp.rabbit.RabbitListenerEndpointContainer#0-1] ERROR com.eleicao.core.component.CandidatoListener - Candidato ja existe: papai neymar
2025-05-17 20:41:26.179 [org.springframework.amqp.rabbit.RabbitListenerEndpointContainer#0-1] ERROR com.eleicao.core.component.CandidatoListener - Candidato ja existe: papai neymar
2025-05-17 20:41:26.183 [org.springframework.amqp.rabbit.RabbitListenerEndpointContainer#0-1] ERROR com.eleicao.core.component.CandidatoListener - Candidato ja existe: papai neymar
2025-05-17 20:41:26.186 [org.springframework.amqp.rabbit.RabbitListenerEndpointContainer#0-1] ERROR com.eleicao.core.component.CandidatoListener - Candidato ja existe: papai neymar
2025-05-17 20:41:26.188 [org.springframework.amqp.rabbit.RabbitListenerEndpointContainer#0-1] ERROR com.eleicao.core.component.CandidatoListener - Candidato ja existe: papai neymar
2025-05-17 20:41:26.191 [org.springframework.amqp.rabbit.RabbitListenerEndpointContainer#0-1] ERROR com.eleicao.core.component.CandidatoListener - Candidato ja existe: papai neymar
2025-05-17 20:41:26.195 [org.springframework.amqp.rabbit.RabbitListenerEndpointContainer#0-1] ERROR com.eleicao.core.component.CandidatoListener - Candidato ja existe: papai neymar
2025-05-17 20:41:26.199 [org.springframework.amqp.rabbit.RabbitListenerEndpointContainer#0-1] ERROR com.eleicao.core.component.CandidatoListener - Candidato ja existe: papai neymar
2025-05-17 20:41:26.203 [org.springframework.amqp.rabbit.RabbitListenerEndpointContainer#0-1] ERROR com.eleicao.core.component.CandidatoListener - Candidato ja existe: papai neymar
2025-05-17 20:41:26.207 [org.springframework.amqp.rabbit.RabbitListenerEndpointContainer#0-1] ERROR com.eleicao.core.component.CandidatoListener - Candidato ja existe: papai neymar
2025-05-17 20:41:26.211 [org.springframework.amqp.rabbit.RabbitListenerEndpointContainer#0-1] ERROR com.eleicao.core.component.CandidatoListener - Candidato ja existe: papai neymar
2025-05-17 20:41:26.216 [org.springframework.amqp.rabbit.RabbitListenerEndpointContainer#0-1] ERROR com.eleicao.core.component.CandidatoListener - Candidato ja existe: papai neymar
2025-05-17 20:41:26.219 [org.springframework.amqp.rabbit.RabbitListenerEndpointContainer#0-1] ERROR com.eleicao.core.component.CandidatoListener - Candidato ja existe: papai neymar
2025-05-17 20:41:26.223 [org.springframework.amqp.rabbit.RabbitListenerEndpointContainer#0-1] ERROR com.eleicao.core.component.CandidatoListener - Candidato ja existe: papai neymar
2025-05-17 20:41:26.227 [org.springframework.amqp.rabbit.RabbitListenerEndpointContainer#0-1] ERROR com.eleicao.core.component.CandidatoListener - Candidato ja existe: papai neymar
2025-05-17 20:41:26.231 [org.springframework.amqp.rabbit.RabbitListenerEndpointContainer#0-1] ERROR com.eleicao.core.component.CandidatoListener - Candidato ja existe: papai neymar
2025-05-17 20:41:26.234 [org.springframework.amqp.rabbit.RabbitListenerEndpointContainer#0-1] ERROR com.eleicao.core.component.CandidatoListener - Candidato ja existe: papai neymar
2025-05-17 20:41:26.238 [org.springframework.amqp.rabbit.RabbitListenerEndpointContainer#0-1] ERROR com.eleicao.core.component.CandidatoListener - Candidato ja existe: papai neymar
2025-05-17 20:41:26.242 [org.springframework.amqp.rabbit.RabbitListenerEndpointContainer#0-1] ERROR com.eleicao.core.component.CandidatoListener - Candidato ja existe: papai neymar
2025-05-17 20:41:26.246 [org.springframework.amqp.rabbit.RabbitListenerEndpointContainer#0-1] ERROR com.eleicao.core.component.CandidatoListener - Candidato ja existe: papai neymar
2025-05-17 20:41:26.249 [org.springframework.amqp.rabbit.RabbitListenerEndpointContainer#0-1] ERROR com.eleicao.core.component.CandidatoListener - Candidato ja existe: papai neymar
2025-05-17 20:41:26.251 [org.springframework.amqp.rabbit.RabbitListenerEndpointContainer#0-1] ERROR com.eleicao.core.component.CandidatoListener - Candidato ja existe: papai neymar
2025-05-17 20:41:26.254 [org.springframework.amqp.rabbit.RabbitListenerEndpointContainer#0-1] ERROR com.eleicao.core.component.CandidatoListener - Candidato ja existe: papai neymar
2025-05-17 20:41:26.256 [org.springframework.amqp.rabbit.RabbitListenerEndpointContainer#0-1] ERROR com.eleicao.core.component.CandidatoListener - Candidato ja existe: papai neymar
2025-05-17 20:41:26.260 [org.springframework.amqp.rabbit.RabbitListenerEndpointContainer#0-1] ERROR com.eleicao.core.component.CandidatoListener - Candidato ja existe: papai neymar
2025-05-17 20:41:26.263 [org.springframework.amqp.rabbit.RabbitListenerEndpointContainer#0-1] ERROR com.eleicao.core.component.CandidatoListener - Candidato ja existe: papai neymar
2025-05-17 20:41:26.266 [org.springframework.amqp.rabbit.RabbitListenerEndpointContainer#0-1] ERROR com.eleicao.core.component.CandidatoListener - Candidato ja existe: papai neymar
2025-05-17 20:41:26.270 [org.springframework.amqp.rabbit.RabbitListenerEndpointContainer#0-1] ERROR com.eleicao.core.component.CandidatoListener - Candidato ja existe: papai neymar
2025-05-17 20:41:26.273 [org.springframework.amqp.rabbit.RabbitListenerEndpointContainer#0-1] ERROR com.eleicao.core.component.CandidatoListener - Candidato ja existe: papai neymar
2025-05-17 20:41:26.277 [org.springframework.amqp.rabbit.RabbitListenerEndpointContainer#0-1] ERROR com.eleicao.core.component.CandidatoListener - Candidato ja existe: papai neymar
2025-05-17 20:41:26.280 [org.springframework.amqp.rabbit.RabbitListenerEndpointContainer#0-1] ERROR com.eleicao.core.component.CandidatoListener - Candidato ja existe: papai neymar
2025-05-17 20:41:26.283 [org.springframework.amqp.rabbit.RabbitListenerEndpointContainer#0-1] ERROR com.eleicao.core.component.CandidatoListener - Candidato ja existe: papai neymar
2025-05-17 20:41:26.287 [org.springframework.amqp.rabbit.RabbitListenerEndpointContainer#0-1] ERROR com.eleicao.core.component.CandidatoListener - Candidato ja existe: papai neymar
2025-05-17 20:41:26.290 [org.springframework.amqp.rabbit.RabbitListenerEndpointContainer#0-1] ERROR com.eleicao.core.component.CandidatoListener - Candidato ja existe: papai neymar
2025-05-17 20:41:26.293 [org.springframework.amqp.rabbit.RabbitListenerEndpointContainer#0-1] ERROR com.eleicao.core.component.CandidatoListener - Candidato ja existe: papai neymar
2025-05-17 20:41:26.297 [org.springframework.amqp.rabbit.RabbitListenerEndpointContainer#0-1] ERROR com.eleicao.core.component.CandidatoListener - Candidato ja existe: papai neymar
2025-05-17 20:41:26.300 [org.springframework.amqp.rabbit.RabbitListenerEndpointContainer#0-1] ERROR com.eleicao.core.component.CandidatoListener - Candidato ja existe: papai neymar
2025-05-17 20:41:26.303 [org.springframework.amqp.rabbit.RabbitListenerEndpointContainer#0-1] ERROR com.eleicao.core.component.CandidatoListener - Candidato ja existe: papai neymar
2025-05-17 20:41:26.306 [org.springframework.amqp.rabbit.RabbitListenerEndpointContainer#0-1] ERROR com.eleicao.core.component.CandidatoListener - Candidato ja existe: papai neymar
2025-05-17 20:41:26.309 [org.springframework.amqp.rabbit.RabbitListenerEndpointContainer#0-1] ERROR com.eleicao.core.component.CandidatoListener - Candidato ja existe: papai neymar
2025-05-17 20:41:26.312 [org.springframework.amqp.rabbit.RabbitListenerEndpointContainer#0-1] ERROR com.eleicao.core.component.CandidatoListener - Candidato ja existe: papai neymar
2025-05-17 20:41:26.313 [org.springframework.amqp.rabbit.RabbitListenerEndpointContainer#0-1] ERROR com.eleicao.core.component.CandidatoListener - Candidato ja existe: papai neymar
2025-05-17 20:41:26.316 [org.springframework.amqp.rabbit.RabbitListenerEndpointContainer#0-1] ERROR com.eleicao.core.component.CandidatoListener - Candidato ja existe: papai neymar
2025-05-17 20:41:26.319 [org.springframework.amqp.rabbit.RabbitListenerEndpointContainer#0-1] ERROR com.eleicao.core.component.CandidatoListener - Candidato ja existe: papai neymar
2025-05-17 20:41:26.322 [org.springframework.amqp.rabbit.RabbitListenerEndpointContainer#0-1] ERROR com.eleicao.core.component.CandidatoListener - Candidato ja existe: papai neymar
2025-05-17 20:41:26.325 [org.springframework.amqp.rabbit.RabbitListenerEndpointContainer#0-1] ERROR com.eleicao.core.component.CandidatoListener - Candidato ja existe: papai neymar
2025-05-17 20:41:26.329 [org.springframework.amqp.rabbit.RabbitListenerEndpointContainer#0-1] ERROR com.eleicao.core.component.CandidatoListener - Candidato ja existe: papai neymar
2025-05-17 20:41:26.332 [org.springframework.amqp.rabbit.RabbitListenerEndpointContainer#0-1] ERROR com.eleicao.core.component.CandidatoListener - Candidato ja existe: papai neymar
2025-05-17 20:41:26.337 [org.springframework.amqp.rabbit.RabbitListenerEndpointContainer#0-1] ERROR com.eleicao.core.component.CandidatoListener - Candidato ja existe: papai neymar
2025-05-17 20:41:26.341 [org.springframework.amqp.rabbit.RabbitListenerEndpointContainer#0-1] ERROR com.eleicao.core.component.CandidatoListener - Candidato ja existe: papai neymar
2025-05-17 20:41:26.347 [org.springframework.amqp.rabbit.RabbitListenerEndpointContainer#0-1] ERROR com.eleicao.core.component.CandidatoListener - Candidato ja existe: papai neymar
2025-05-17 20:41:26.350 [org.springframework.amqp.rabbit.RabbitListenerEndpointContainer#0-1] ERROR com.eleicao.core.component.CandidatoListener - Candidato ja existe: papai neymar
2025-05-17 20:41:26.354 [org.springframework.amqp.rabbit.RabbitListenerEndpointContainer#0-1] ERROR com.eleicao.core.component.CandidatoListener - Candidato ja existe: papai neymar
2025-05-17 20:41:26.359 [org.springframework.amqp.rabbit.RabbitListenerEndpointContainer#0-1] ERROR com.eleicao.core.component.CandidatoListener - Candidato ja existe: papai neymar
2025-05-17 20:41:26.362 [org.springframework.amqp.rabbit.RabbitListenerEndpointContainer#0-1] ERROR com.eleicao.core.component.CandidatoListener - Candidato ja existe: papai neymar
2025-05-17 20:41:26.366 [org.springframework.amqp.rabbit.RabbitListenerEndpointContainer#0-1] ERROR com.eleicao.core.component.CandidatoListener - Candidato ja existe: papai neymar
2025-05-17 20:41:26.369 [org.springframework.amqp.rabbit.RabbitListenerEndpointContainer#0-1] ERROR com.eleicao.core.component.CandidatoListener - Candidato ja existe: papai neymar
2025-05-17 20:41:26.372 [org.springframework.amqp.rabbit.RabbitListenerEndpointContainer#0-1] ERROR com.eleicao.core.component.CandidatoListener - Candidato ja existe: papai neymar
2025-05-17 20:41:26.374 [org.springframework.amqp.rabbit.RabbitListenerEndpointContainer#0-1] ERROR com.eleicao.core.component.CandidatoListener - Candidato ja existe: papai neymar
2025-05-17 20:41:26.377 [org.springframework.amqp.rabbit.RabbitListenerEndpointContainer#0-1] ERROR com.eleicao.core.component.CandidatoListener - Candidato ja existe: papai neymar
2025-05-17 20:41:26.380 [org.springframework.amqp.rabbit.RabbitListenerEndpointContainer#0-1] ERROR com.eleicao.core.component.CandidatoListener - Candidato ja existe: papai neymar
2025-05-17 20:41:26.383 [org.springframework.amqp.rabbit.RabbitListenerEndpointContainer#0-1] ERROR com.eleicao.core.component.CandidatoListener - Candidato ja existe: papai neymar
2025-05-17 20:41:26.385 [org.springframework.amqp.rabbit.RabbitListenerEndpointContainer#0-1] ERROR com.eleicao.core.component.CandidatoListener - Candidato ja existe: papai neymar
2025-05-17 20:41:26.388 [org.springframework.amqp.rabbit.RabbitListenerEndpointContainer#0-1] ERROR com.eleicao.core.component.CandidatoListener - Candidato ja existe: papai neymar
2025-05-17 20:41:26.390 [org.springframework.amqp.rabbit.RabbitListenerEndpointContainer#0-1] ERROR com.eleicao.core.component.CandidatoListener - Candidato ja existe: papai neymar
2025-05-17 20:41:26.393 [org.springframework.amqp.rabbit.RabbitListenerEndpointContainer#0-1] ERROR com.eleicao.core.component.CandidatoListener - Candidato ja existe: papai neymar
2025-05-17 20:41:26.395 [org.springframework.amqp.rabbit.RabbitListenerEndpointContainer#0-1] ERROR com.eleicao.core.component.CandidatoListener - Candidato ja existe: papai neymar
2025-05-17 20:41:26.398 [org.springframework.amqp.rabbit.RabbitListenerEndpointContainer#0-1] ERROR com.eleicao.core.component.CandidatoListener - Candidato ja existe: papai neymar
2025-05-17 20:41:26.402 [org.springframework.amqp.rabbit.RabbitListenerEndpointContainer#0-1] ERROR com.eleicao.core.component.CandidatoListener - Candidato ja existe: papai neymar
2025-05-17 20:41:26.407 [org.springframework.amqp.rabbit.RabbitListenerEndpointContainer#0-1] ERROR com.eleicao.core.component.CandidatoListener - Candidato ja existe: papai neymar
2025-05-17 20:41:26.412 [org.springframework.amqp.rabbit.RabbitListenerEndpointContainer#0-1] ERROR com.eleicao.core.component.CandidatoListener - Candidato ja existe: papai neymar
2025-05-17 20:41:26.416 [org.springframework.amqp.rabbit.RabbitListenerEndpointContainer#0-1] ERROR com.eleicao.core.component.CandidatoListener - Candidato ja existe: papai neymar
2025-05-17 20:41:26.420 [org.springframework.amqp.rabbit.RabbitListenerEndpointContainer#0-1] ERROR com.eleicao.core.component.CandidatoListener - Candidato ja existe: papai neymar
2025-05-17 20:41:26.425 [org.springframework.amqp.rabbit.RabbitListenerEndpointContainer#0-1] ERROR com.eleicao.core.component.CandidatoListener - Candidato ja existe: papai neymar
2025-05-17 20:41:26.429 [org.springframework.amqp.rabbit.RabbitListenerEndpointContainer#0-1] ERROR com.eleicao.core.component.CandidatoListener - Candidato ja existe: papai neymar
2025-05-17 20:41:26.433 [org.springframework.amqp.rabbit.RabbitListenerEndpointContainer#0-1] ERROR com.eleicao.core.component.CandidatoListener - Candidato ja existe: papai neymar
2025-05-17 20:41:26.437 [org.springframework.amqp.rabbit.RabbitListenerEndpointContainer#0-1] ERROR com.eleicao.core.component.CandidatoListener - Candidato ja existe: papai neymar
2025-05-17 20:41:26.440 [org.springframework.amqp.rabbit.RabbitListenerEndpointContainer#0-1] ERROR com.eleicao.core.component.CandidatoListener - Candidato ja existe: papai neymar
2025-05-17 20:41:26.444 [org.springframework.amqp.rabbit.RabbitListenerEndpointContainer#0-1] ERROR com.eleicao.core.component.CandidatoListener - Candidato ja existe: papai neymar
2025-05-17 20:41:26.449 [org.springframework.amqp.rabbit.RabbitListenerEndpointContainer#0-1] ERROR com.eleicao.core.component.CandidatoListener - Candidato ja existe: papai neymar
2025-05-17 20:41:26.452 [org.springframework.amqp.rabbit.RabbitListenerEndpointContainer#0-1] ERROR com.eleicao.core.component.CandidatoListener - Candidato ja existe: papai neymar
2025-05-17 20:41:26.455 [org.springframework.amqp.rabbit.RabbitListenerEndpointContainer#0-1] ERROR com.eleicao.core.component.CandidatoListener - Candidato ja existe: papai neymar
2025-05-17 20:41:26.458 [org.springframework.amqp.rabbit.RabbitListenerEndpointContainer#0-1] ERROR com.eleicao.core.component.CandidatoListener - Candidato ja existe: papai neymar
2025-05-17 20:41:26.461 [org.springframework.amqp.rabbit.RabbitListenerEndpointContainer#0-1] ERROR com.eleicao.core.component.CandidatoListener - Candidato ja existe: papai neymar
2025-05-17 20:41:26.464 [org.springframework.amqp.rabbit.RabbitListenerEndpointContainer#0-1] ERROR com.eleicao.core.component.CandidatoListener - Candidato ja existe: papai neymar
2025-05-17 20:41:26.468 [org.springframework.amqp.rabbit.RabbitListenerEndpointContainer#0-1] ERROR com.eleicao.core.component.CandidatoListener - Candidato ja existe: papai neymar
2025-05-17 20:41:26.471 [org.springframework.amqp.rabbit.RabbitListenerEndpointContainer#0-1] ERROR com.eleicao.core.component.CandidatoListener - Candidato ja existe: papai neymar
2025-05-17 20:41:26.476 [org.springframework.amqp.rabbit.RabbitListenerEndpointContainer#0-1] ERROR com.eleicao.core.component.CandidatoListener - Candidato ja existe: papai neymar
2025-05-17 20:41:26.480 [org.springframework.amqp.rabbit.RabbitListenerEndpointContainer#0-1] ERROR com.eleicao.core.component.CandidatoListener - Candidato ja existe: papai neymar
2025-05-17 20:41:26.484 [org.springframework.amqp.rabbit.RabbitListenerEndpointContainer#0-1] ERROR com.eleicao.core.component.CandidatoListener - Candidato ja existe: papai neymar
2025-05-17 20:41:26.487 [org.springframework.amqp.rabbit.RabbitListenerEndpointContainer#0-1] ERROR com.eleicao.core.component.CandidatoListener - Candidato ja existe: papai neymar
2025-05-17 20:41:26.491 [org.springframework.amqp.rabbit.RabbitListenerEndpointContainer#0-1] ERROR com.eleicao.core.component.CandidatoListener - Candidato ja existe: papai neymar
2025-05-17 20:41:26.495 [org.springframework.amqp.rabbit.RabbitListenerEndpointContainer#0-1] ERROR com.eleicao.core.component.CandidatoListener - Candidato ja existe: papai neymar
2025-05-17 20:41:26.498 [org.springframework.amqp.rabbit.RabbitListenerEndpointContainer#0-1] ERROR com.eleicao.core.component.CandidatoListener - Candidato ja existe: papai neymar
2025-05-17 20:41:26.502 [org.springframework.amqp.rabbit.RabbitListenerEndpointContainer#0-1] ERROR com.eleicao.core.component.CandidatoListener - Candidato ja existe: papai neymar
2025-05-17 20:41:26.505 [org.springframework.amqp.rabbit.RabbitListenerEndpointContainer#0-1] ERROR com.eleicao.core.component.CandidatoListener - Candidato ja existe: papai neymar
2025-05-17 20:41:26.509 [org.springframework.amqp.rabbit.RabbitListenerEndpointContainer#0-1] ERROR com.eleicao.core.component.CandidatoListener - Candidato ja existe: papai neymar
2025-05-17 20:41:26.512 [org.springframework.amqp.rabbit.RabbitListenerEndpointContainer#0-1] ERROR com.eleicao.core.component.CandidatoListener - Candidato ja existe: papai neymar
2025-05-17 20:41:26.515 [org.springframework.amqp.rabbit.RabbitListenerEndpointContainer#0-1] ERROR com.eleicao.core.component.CandidatoListener - Candidato ja existe: papai neymar
2025-05-17 20:41:26.519 [org.springframework.amqp.rabbit.RabbitListenerEndpointContainer#0-1] ERROR com.eleicao.core.component.CandidatoListener - Candidato ja existe: papai neymar
2025-05-17 20:41:26.522 [org.springframework.amqp.rabbit.RabbitListenerEndpointContainer#0-1] ERROR com.eleicao.core.component.CandidatoListener - Candidato ja existe: papai neymar
2025-05-17 20:41:26.748 [SpringApplicationShutdownHook] INFO  com.zaxxer.hikari.HikariDataSource - HikariPool-1 - Shutdown initiated...
2025-05-17 20:41:26.753 [SpringApplicationShutdownHook] INFO  com.zaxxer.hikari.HikariDataSource - HikariPool-1 - Shutdown completed.
2025-05-17 20:41:55.212 [background-preinit] INFO  org.hibernate.validator.internal.util.Version - HV000001: Hibernate Validator 8.0.2.Final
2025-05-17 20:41:55.297 [restartedMain] INFO  com.eleicao.core.CoreApplication - Starting CoreApplication using Java 21.0.6 with PID 25276 (C:\Users\yguilherme\Documents\youknow\nova_pasta\trab_sd_votacao\backend+core\core\target\classes started by yguilherme in C:\Users\yguilherme\Documents\youknow\nova_pasta\trab_sd_votacao\backend+core\core)
2025-05-17 20:41:55.305 [restartedMain] INFO  com.eleicao.core.CoreApplication - No active profile set, falling back to 1 default profile: "default"
2025-05-17 20:41:56.941 [restartedMain] INFO  org.apache.coyote.http11.Http11NioProtocol - Initializing ProtocolHandler ["http-nio-9090"]
2025-05-17 20:41:56.946 [restartedMain] INFO  org.apache.catalina.core.StandardService - Starting service [Tomcat]
2025-05-17 20:41:56.946 [restartedMain] INFO  org.apache.catalina.core.StandardEngine - Starting Servlet engine: [Apache Tomcat/10.1.40]
2025-05-17 20:41:56.989 [restartedMain] INFO  org.apache.catalina.core.ContainerBase.[Tomcat].[localhost].[/] - Initializing Spring embedded WebApplicationContext
2025-05-17 20:41:57.211 [restartedMain] INFO  org.hibernate.jpa.internal.util.LogHelper - HHH000204: Processing PersistenceUnitInfo [name: default]
2025-05-17 20:41:57.284 [restartedMain] INFO  org.hibernate.Version - HHH000412: Hibernate ORM core version 6.6.13.Final
2025-05-17 20:41:57.317 [restartedMain] INFO  org.hibernate.cache.internal.RegionFactoryInitiator - HHH000026: Second-level cache disabled
2025-05-17 20:41:57.708 [restartedMain] INFO  com.zaxxer.hikari.HikariDataSource - HikariPool-1 - Starting...
2025-05-17 20:41:57.834 [restartedMain] INFO  com.zaxxer.hikari.pool.HikariPool - HikariPool-1 - Added connection org.postgresql.jdbc.PgConnection@1dce8a6
2025-05-17 20:41:57.835 [restartedMain] INFO  com.zaxxer.hikari.HikariDataSource - HikariPool-1 - Start completed.
2025-05-17 20:41:57.860 [restartedMain] WARN  org.hibernate.orm.deprecation - HHH90000025: PostgreSQLDialect does not need to be specified explicitly using 'hibernate.dialect' (remove the property setting and it will be selected by default)
2025-05-17 20:41:57.883 [restartedMain] INFO  org.hibernate.orm.connections.pooling - HHH10001005: Database info:
	Database JDBC URL [Connecting through datasource 'HikariDataSource (HikariPool-1)']
	Database driver: undefined/unknown
	Database version: 17.4
	Autocommit mode: undefined/unknown
	Isolation level: undefined/unknown
	Minimum pool size: undefined/unknown
	Maximum pool size: undefined/unknown
2025-05-17 20:41:58.559 [restartedMain] INFO  org.hibernate.engine.transaction.jta.platform.internal.JtaPlatformInitiator - HHH000489: No JTA platform available (set 'hibernate.transaction.jta.platform' to enable JTA platform integration)
2025-05-17 20:41:59.743 [restartedMain] INFO  org.apache.coyote.http11.Http11NioProtocol - Starting ProtocolHandler ["http-nio-9090"]
2025-05-17 20:41:59.870 [restartedMain] INFO  com.eleicao.core.CoreApplication - Started CoreApplication in 4.961 seconds (process running for 5.933)
2025-05-17 20:42:00.135 [org.springframework.amqp.rabbit.RabbitListenerEndpointContainer#0-1] INFO  com.eleicao.core.component.CandidatoListener - Candidato criado: CandidatoDTO{nome='papai neymar', foto='link'}
2025-05-17 20:43:31.749 [SpringApplicationShutdownHook] INFO  com.zaxxer.hikari.HikariDataSource - HikariPool-1 - Shutdown initiated...
2025-05-17 20:43:31.754 [SpringApplicationShutdownHook] INFO  com.zaxxer.hikari.HikariDataSource - HikariPool-1 - Shutdown completed.
2025-05-17 20:43:36.084 [background-preinit] INFO  org.hibernate.validator.internal.util.Version - HV000001: Hibernate Validator 8.0.2.Final
2025-05-17 20:43:36.145 [restartedMain] INFO  com.eleicao.core.CoreApplication - Starting CoreApplication using Java 21.0.6 with PID 7096 (C:\Users\yguilherme\Documents\youknow\nova_pasta\trab_sd_votacao\backend+core\core\target\classes started by yguilherme in C:\Users\yguilherme\Documents\youknow\nova_pasta\trab_sd_votacao\backend+core\core)
2025-05-17 20:43:36.150 [restartedMain] INFO  com.eleicao.core.CoreApplication - No active profile set, falling back to 1 default profile: "default"
2025-05-17 20:43:37.866 [restartedMain] INFO  org.apache.coyote.http11.Http11NioProtocol - Initializing ProtocolHandler ["http-nio-9090"]
2025-05-17 20:43:37.868 [restartedMain] INFO  org.apache.catalina.core.StandardService - Starting service [Tomcat]
2025-05-17 20:43:37.868 [restartedMain] INFO  org.apache.catalina.core.StandardEngine - Starting Servlet engine: [Apache Tomcat/10.1.40]
2025-05-17 20:43:37.910 [restartedMain] INFO  org.apache.catalina.core.ContainerBase.[Tomcat].[localhost].[/] - Initializing Spring embedded WebApplicationContext
2025-05-17 20:43:38.108 [restartedMain] INFO  org.hibernate.jpa.internal.util.LogHelper - HHH000204: Processing PersistenceUnitInfo [name: default]
2025-05-17 20:43:38.182 [restartedMain] INFO  org.hibernate.Version - HHH000412: Hibernate ORM core version 6.6.13.Final
2025-05-17 20:43:38.220 [restartedMain] INFO  org.hibernate.cache.internal.RegionFactoryInitiator - HHH000026: Second-level cache disabled
2025-05-17 20:43:38.575 [restartedMain] INFO  com.zaxxer.hikari.HikariDataSource - HikariPool-1 - Starting...
2025-05-17 20:43:38.697 [restartedMain] INFO  com.zaxxer.hikari.pool.HikariPool - HikariPool-1 - Added connection org.postgresql.jdbc.PgConnection@31054cf4
2025-05-17 20:43:38.699 [restartedMain] INFO  com.zaxxer.hikari.HikariDataSource - HikariPool-1 - Start completed.
2025-05-17 20:43:38.726 [restartedMain] WARN  org.hibernate.orm.deprecation - HHH90000025: PostgreSQLDialect does not need to be specified explicitly using 'hibernate.dialect' (remove the property setting and it will be selected by default)
2025-05-17 20:43:38.751 [restartedMain] INFO  org.hibernate.orm.connections.pooling - HHH10001005: Database info:
	Database JDBC URL [Connecting through datasource 'HikariDataSource (HikariPool-1)']
	Database driver: undefined/unknown
	Database version: 17.4
	Autocommit mode: undefined/unknown
	Isolation level: undefined/unknown
	Minimum pool size: undefined/unknown
	Maximum pool size: undefined/unknown
2025-05-17 20:43:39.408 [restartedMain] INFO  org.hibernate.engine.transaction.jta.platform.internal.JtaPlatformInitiator - HHH000489: No JTA platform available (set 'hibernate.transaction.jta.platform' to enable JTA platform integration)
2025-05-17 20:43:40.546 [restartedMain] INFO  org.apache.coyote.http11.Http11NioProtocol - Starting ProtocolHandler ["http-nio-9090"]
2025-05-17 20:43:40.661 [restartedMain] INFO  com.eleicao.core.CoreApplication - Started CoreApplication in 4.849 seconds (process running for 5.73)
2025-05-17 20:44:04.373 [http-nio-9090-exec-2] INFO  org.apache.catalina.core.ContainerBase.[Tomcat].[localhost].[/] - Initializing Spring DispatcherServlet 'dispatcherServlet'
2025-05-17 20:47:18.646 [SpringApplicationShutdownHook] INFO  com.zaxxer.hikari.HikariDataSource - HikariPool-1 - Shutdown initiated...
2025-05-17 20:47:18.650 [SpringApplicationShutdownHook] INFO  com.zaxxer.hikari.HikariDataSource - HikariPool-1 - Shutdown completed.
2025-05-17 20:47:23.041 [background-preinit] INFO  org.hibernate.validator.internal.util.Version - HV000001: Hibernate Validator 8.0.2.Final
2025-05-17 20:47:23.094 [restartedMain] INFO  com.eleicao.core.CoreApplication - Starting CoreApplication using Java 21.0.6 with PID 13284 (C:\Users\yguilherme\Documents\youknow\nova_pasta\trab_sd_votacao\backend+core\core\target\classes started by yguilherme in C:\Users\yguilherme\Documents\youknow\nova_pasta\trab_sd_votacao\backend+core\core)
2025-05-17 20:47:23.100 [restartedMain] INFO  com.eleicao.core.CoreApplication - No active profile set, falling back to 1 default profile: "default"
2025-05-17 20:47:24.738 [restartedMain] INFO  org.apache.coyote.http11.Http11NioProtocol - Initializing ProtocolHandler ["http-nio-9090"]
2025-05-17 20:47:24.741 [restartedMain] INFO  org.apache.catalina.core.StandardService - Starting service [Tomcat]
2025-05-17 20:47:24.741 [restartedMain] INFO  org.apache.catalina.core.StandardEngine - Starting Servlet engine: [Apache Tomcat/10.1.40]
2025-05-17 20:47:24.781 [restartedMain] INFO  org.apache.catalina.core.ContainerBase.[Tomcat].[localhost].[/] - Initializing Spring embedded WebApplicationContext
2025-05-17 20:47:24.985 [restartedMain] INFO  org.hibernate.jpa.internal.util.LogHelper - HHH000204: Processing PersistenceUnitInfo [name: default]
2025-05-17 20:47:25.060 [restartedMain] INFO  org.hibernate.Version - HHH000412: Hibernate ORM core version 6.6.13.Final
2025-05-17 20:47:25.095 [restartedMain] INFO  org.hibernate.cache.internal.RegionFactoryInitiator - HHH000026: Second-level cache disabled
2025-05-17 20:47:25.438 [restartedMain] INFO  com.zaxxer.hikari.HikariDataSource - HikariPool-1 - Starting...
2025-05-17 20:47:25.568 [restartedMain] INFO  com.zaxxer.hikari.pool.HikariPool - HikariPool-1 - Added connection org.postgresql.jdbc.PgConnection@6294b0
2025-05-17 20:47:25.570 [restartedMain] INFO  com.zaxxer.hikari.HikariDataSource - HikariPool-1 - Start completed.
2025-05-17 20:47:25.596 [restartedMain] WARN  org.hibernate.orm.deprecation - HHH90000025: PostgreSQLDialect does not need to be specified explicitly using 'hibernate.dialect' (remove the property setting and it will be selected by default)
2025-05-17 20:47:25.619 [restartedMain] INFO  org.hibernate.orm.connections.pooling - HHH10001005: Database info:
	Database JDBC URL [Connecting through datasource 'HikariDataSource (HikariPool-1)']
	Database driver: undefined/unknown
	Database version: 17.4
	Autocommit mode: undefined/unknown
	Isolation level: undefined/unknown
	Minimum pool size: undefined/unknown
	Maximum pool size: undefined/unknown
2025-05-17 20:47:26.297 [restartedMain] INFO  org.hibernate.engine.transaction.jta.platform.internal.JtaPlatformInitiator - HHH000489: No JTA platform available (set 'hibernate.transaction.jta.platform' to enable JTA platform integration)
2025-05-17 20:47:27.436 [restartedMain] INFO  org.apache.coyote.http11.Http11NioProtocol - Starting ProtocolHandler ["http-nio-9090"]
2025-05-17 20:47:27.564 [restartedMain] INFO  com.eleicao.core.CoreApplication - Started CoreApplication in 4.813 seconds (process running for 5.659)
2025-05-17 20:47:32.344 [http-nio-9090-exec-5] INFO  org.apache.catalina.core.ContainerBase.[Tomcat].[localhost].[/] - Initializing Spring DispatcherServlet 'dispatcherServlet'
2025-05-17 20:48:33.029 [org.springframework.amqp.rabbit.RabbitListenerEndpointContainer#0-1] INFO  com.eleicao.core.component.CandidatoListener - Candidato criado: CandidatoDTO{nome='pepe', foto='link'}
2025-05-17 21:05:19.282 [SpringApplicationShutdownHook] INFO  com.zaxxer.hikari.HikariDataSource - HikariPool-1 - Shutdown initiated...
2025-05-17 21:05:19.289 [SpringApplicationShutdownHook] INFO  com.zaxxer.hikari.HikariDataSource - HikariPool-1 - Shutdown completed.
2025-05-17 21:05:22.131 [background-preinit] INFO  org.hibernate.validator.internal.util.Version - HV000001: Hibernate Validator 8.0.2.Final
2025-05-17 21:05:22.186 [restartedMain] INFO  com.eleicao.core.CoreApplication - Starting CoreApplication using Java 21.0.6 with PID 20100 (C:\Users\yguilherme\Documents\youknow\nova_pasta\trab_sd_votacao\backend+core\core\target\classes started by yguilherme in C:\Users\yguilherme\Documents\youknow\nova_pasta\trab_sd_votacao\backend+core\core)
2025-05-17 21:05:22.192 [restartedMain] INFO  com.eleicao.core.CoreApplication - No active profile set, falling back to 1 default profile: "default"
2025-05-17 21:05:23.776 [restartedMain] INFO  org.apache.coyote.http11.Http11NioProtocol - Initializing ProtocolHandler ["http-nio-9090"]
2025-05-17 21:05:23.778 [restartedMain] INFO  org.apache.catalina.core.StandardService - Starting service [Tomcat]
2025-05-17 21:05:23.779 [restartedMain] INFO  org.apache.catalina.core.StandardEngine - Starting Servlet engine: [Apache Tomcat/10.1.40]
2025-05-17 21:05:23.825 [restartedMain] INFO  org.apache.catalina.core.ContainerBase.[Tomcat].[localhost].[/] - Initializing Spring embedded WebApplicationContext
2025-05-17 21:05:24.065 [restartedMain] INFO  org.hibernate.jpa.internal.util.LogHelper - HHH000204: Processing PersistenceUnitInfo [name: default]
2025-05-17 21:05:24.139 [restartedMain] INFO  org.hibernate.Version - HHH000412: Hibernate ORM core version 6.6.13.Final
2025-05-17 21:05:24.200 [restartedMain] INFO  org.hibernate.cache.internal.RegionFactoryInitiator - HHH000026: Second-level cache disabled
2025-05-17 21:05:24.575 [restartedMain] INFO  com.zaxxer.hikari.HikariDataSource - HikariPool-1 - Starting...
2025-05-17 21:05:24.716 [restartedMain] INFO  com.zaxxer.hikari.pool.HikariPool - HikariPool-1 - Added connection org.postgresql.jdbc.PgConnection@1f39e2b3
2025-05-17 21:05:24.719 [restartedMain] INFO  com.zaxxer.hikari.HikariDataSource - HikariPool-1 - Start completed.
2025-05-17 21:05:24.748 [restartedMain] WARN  org.hibernate.orm.deprecation - HHH90000025: PostgreSQLDialect does not need to be specified explicitly using 'hibernate.dialect' (remove the property setting and it will be selected by default)
2025-05-17 21:05:24.770 [restartedMain] INFO  org.hibernate.orm.connections.pooling - HHH10001005: Database info:
	Database JDBC URL [Connecting through datasource 'HikariDataSource (HikariPool-1)']
	Database driver: undefined/unknown
	Database version: 17.4
	Autocommit mode: undefined/unknown
	Isolation level: undefined/unknown
	Minimum pool size: undefined/unknown
	Maximum pool size: undefined/unknown
2025-05-17 21:05:25.474 [restartedMain] INFO  org.hibernate.engine.transaction.jta.platform.internal.JtaPlatformInitiator - HHH000489: No JTA platform available (set 'hibernate.transaction.jta.platform' to enable JTA platform integration)
2025-05-17 21:05:26.803 [restartedMain] INFO  org.apache.coyote.http11.Http11NioProtocol - Starting ProtocolHandler ["http-nio-9090"]
2025-05-17 21:05:26.970 [restartedMain] INFO  com.eleicao.core.CoreApplication - Started CoreApplication in 5.1 seconds (process running for 6.103)
2025-05-17 21:09:15.130 [org.springframework.amqp.rabbit.RabbitListenerEndpointContainer#1-1] INFO  com.eleicao.core.component.VotoListener - Voto recebido: VotoDTO{type='eleicao-gp2', object='pepe', valor=1, timestamp=2025-05-17T21:09:14.891083100}
2025-05-17 21:10:32.551 [org.springframework.amqp.rabbit.RabbitListenerEndpointContainer#1-1] INFO  com.eleicao.core.component.VotoListener - Voto recebido: VotoDTO{type='eleicao-gp2', object='pepe', valor=1, timestamp=2025-05-17T21:10:32.547749500}
2025-05-17 21:10:33.659 [org.springframework.amqp.rabbit.RabbitListenerEndpointContainer#1-1] INFO  com.eleicao.core.component.VotoListener - Voto recebido: VotoDTO{type='eleicao-gp2', object='pepe', valor=1, timestamp=2025-05-17T21:10:33.655542200}
2025-05-17 21:10:34.687 [org.springframework.amqp.rabbit.RabbitListenerEndpointContainer#1-1] INFO  com.eleicao.core.component.VotoListener - Voto recebido: VotoDTO{type='eleicao-gp2', object='pepe', valor=1, timestamp=2025-05-17T21:10:34.687084300}
2025-05-17 21:10:35.722 [org.springframework.amqp.rabbit.RabbitListenerEndpointContainer#1-1] INFO  com.eleicao.core.component.VotoListener - Voto recebido: VotoDTO{type='eleicao-gp2', object='pepe', valor=1, timestamp=2025-05-17T21:10:35.718392700}
2025-05-17 21:10:36.802 [org.springframework.amqp.rabbit.RabbitListenerEndpointContainer#1-1] INFO  com.eleicao.core.component.VotoListener - Voto recebido: VotoDTO{type='eleicao-gp2', object='pepe', valor=1, timestamp=2025-05-17T21:10:36.798072300}
2025-05-17 21:10:37.767 [org.springframework.amqp.rabbit.RabbitListenerEndpointContainer#1-1] INFO  com.eleicao.core.component.VotoListener - Voto recebido: VotoDTO{type='eleicao-gp2', object='pepe', valor=1, timestamp=2025-05-17T21:10:37.764853200}
2025-05-17 21:12:13.572 [SpringApplicationShutdownHook] INFO  com.zaxxer.hikari.HikariDataSource - HikariPool-1 - Shutdown initiated...
2025-05-17 21:12:13.577 [SpringApplicationShutdownHook] INFO  com.zaxxer.hikari.HikariDataSource - HikariPool-1 - Shutdown completed.
